Asset,Split,lag,empirical_acf,ou_implied_acf,abs_error,squared_error
BTC,train,1,0.8782294455226531,0.8782296896365751,2.441139219655497e-07,5.959160689740249e-14
BTC,train,2,0.7026753525836091,0.7712873877591551,0.06861203517554593,0.004707611370930352
BTC,train,3,0.5271598517530623,0.6773674831723275,0.1502076314192652,0.022562332536585822
BTC,train,4,0.4605923217557918,0.5948842345163412,0.13429191276054941,0.018034317832887014
BTC,train,5,0.41817680043789257,0.5224449966489779,0.10426819621108535,0.010871856741113394
BTC,train,6,0.3864759986989863,0.4588267072592134,0.07235070856022707,0.005234625029166915
BTC,train,7,0.3597889303899765,0.40295523671323064,0.04316630632325413,0.0018633300015930099
BTC,train,8,0.33761856933506157,0.3538872524760932,0.016268683141031637,0.000264670051143287
BTC,train,9,0.3192990690341855,0.3107942919084196,0.008504777125765861,7.233123395895022e-05
BTC,train,10,0.3054410870337239,0.2729487745235505,0.03249231251017343,0.0010557503722587725
BTC,train,11,0.29319507872146217,0.23971171753650128,0.05348336118496089,0.002860469923640981
BTC,train,12,0.2817752614230715,0.21052194729433188,0.07125331412873964,0.005077034774328849
BTC,train,13,0.26922006969811146,0.1848866244339885,0.08433344526412295,0.007112129990116822
BTC,train,14,0.2570584172993605,0.16237292279461574,0.09468549450474478,0.008965342869608055
BTC,train,15,0.2456468015621,0.14260072159129897,0.10304607997080104,0.010618494597348722
BTC,train,16,0.23578776880589541,0.12523618746507814,0.11055158134081727,0.012221652136955337
BTC,train,17,0.22648973009542844,0.10998613804872351,0.11650359204670493,0.01357308695978505
BTC,train,18,0.21719124163220693,0.09659309188285595,0.12059814974935099,0.014543913722966885
BTC,train,19,0.20779123459443372,0.08483092110531777,0.12296031348911594,0.015119238693341669
BTC,train,20,0.19978351859981255,0.07450103351390801,0.12528248508590456,0.0156957010692999
BTC,train,21,0.19330538521748902,0.06542901954052352,0.1278763656769655,0.016352364898749
BTC,train,22,0.18892060455306153,0.057461707524299376,0.13145889702876215,0.01728144160801869
BTC,train,23,0.1843713144867778,0.05046457756505309,0.1339067369217247,0.017931014193023988
BTC,train,24,0.17922471147882874,0.04431949029259745,0.13490522118623127,0.01819941870330598
BTC,train,25,0.17211406082396244,0.038922692204519056,0.1331913686194434,0.01773994067472045
BTC,train,26,0.16517347439454963,0.03418306389459472,0.1309904104999549,0.0171584876429467
BTC,train,27,0.1587034643830214,0.03002058159497713,0.12868288278804427,0.01655928432264154
BTC,train,28,0.15346273980753464,0.026364966056866244,0.12709777375066839,0.01615384409237609
BTC,train,29,0.14771978074744496,0.02315449595740048,0.12456528479004449,0.015516510174824888
BTC,train,30,0.14213824098075767,0.020334965798359157,0.12180327518239852,0.014836037845159099
BTC,train,31,0.13682280426329188,0.01785877070186333,0.11896403356142855,0.014152441281204698
BTC,train,32,0.13283013523315293,0.015684102650788196,0.11714603258236474,0.01372319294978846
BTC,train,33,0.12952713034556815,0.013774244603229902,0.11575288574233825,0.013398730557678812
BTC,train,34,0.12690167220339468,0.012096950562872865,0.11480472164052181,0.013180124110957698
BTC,train,35,0.12435760502476893,0.01062390113838083,0.11373370388638811,0.012935355399716613
BTC,train,36,0.12116312083398846,0.009330225399489852,0.1118328954344986,0.0125065965012635
BTC,train,37,0.11717433686520691,0.008194080956833263,0.10898025590837365,0.01187669617785461
BTC,train,38,0.1127205219701791,0.007196285175576647,0.10552423679460245,0.011135364551083328
BTC,train,39,0.10868458613840448,0.006319991296282966,0.10236459484212151,0.010478510277191691
BTC,train,40,0.1050755631971093,0.005550403994640444,0.09952515920246885,0.00990525731427677
BTC,train,41,0.1019382575125153,0.004874529577570685,0.09706372793494461,0.009421367280628947
BTC,train,42,0.09939808594366437,0.004280956598034208,0.09511712934563016,0.009047268294953338
BTC,train,43,0.09717693127516813,0.0037596631844392307,0.09341726809072891,0.008726785977535118
BTC,train,44,0.09524113217736899,0.003301847831608123,0.09193928434576086,0.008452832006010668
BTC,train,45,0.09341130621820858,0.0028997807963804007,0.09051152542182818,0.008192336234186248
BTC,train,46,0.09241066582616936,0.0025466735888192596,0.0898639922373501,0.008075537100834519
BTC,train,47,0.09112277388962423,0.0022365643555144013,0.08888620953410982,0.007900758245341675
BTC,train,48,0.08895577250158078,0.0019642172197956395,0.08699155528178514,0.0075675306903438795
BTC,train,49,0.08428140531698858,0.0017250338793199408,0.08255637143766864,0.006815554464954311
BTC,train,50,0.07883847340318521,0.0015149759684477287,0.07732349743473749,0.005978923255539855
BTC,train,51,0.07378485819033177,0.0013304968745767186,0.07245436131575506,0.005249634473673982
BTC,train,52,0.07131990740891012,0.0011684818572219448,0.07015142555168817,0.004921222506934048
BTC,train,53,0.07033043466878164,0.0010261954588139974,0.06930423920996764,0.004803077572472417
BTC,train,54,0.06983156090531639,0.0009012353193006798,0.06893032558601571,0.004751389785394132
BTC,train,55,0.06785918845872956,0.0007914916147589556,0.0670676968439706,0.004498075959954744
BTC,train,56,0.06508699061524922,0.0006951114351797093,0.06439187918006951,0.00414631410434067
BTC,train,57,0.06250380911668832,0.0006104674999807103,0.061893341616707606,0.00383078573648247
BTC,train,58,0.06192228357159062,0.0005361306830412752,0.061386152888549345,0.003768259766456355
BTC,train,59,0.06251866224403696,0.00047084588337198413,0.062047816360664976,0.003849931515126804
BTC,train,60,0.06255608355497266,0.00041351083402043666,0.06214257272095223,0.003861699344378836
BTC,train,61,0.06036045403611546,0.0003631574914231294,0.05999729654469233,0.0035996755926717503
BTC,train,62,0.05674397732060378,0.0003189356909817321,0.05642504162962205,0.0031837853229045813
BTC,train,63,0.05330939649549389,0.0002800987929049132,0.053029297702588976,0.0028121064148298085
BTC,train,64,0.050838902079596446,0.00024599107596046127,0.050592911003635985,0.002559642643821831
BTC,train,65,0.048473825701776135,0.00021603666629412308,0.048257789035482015,0.0023288142025930884
BTC,train,66,0.04554669568246279,0.00018972981438960805,0.04535696586807318,0.0020572543527575555
BTC,train,67,0.042222068922688316,0.0001666263560061905,0.04205544256668212,0.0017686602494794987
BTC,train,68,0.03966622013279481,0.00014633621292059015,0.039519883919874224,0.0015618212250403333
BTC,train,69,0.03790559784074608,0.00012851680685584165,0.03777708103389024,0.0014271078514411098
BTC,train,70,0.03711874098483678,0.00011286727539808948,0.03700587370943869,0.0013694346889989257
BTC,train,71,0.03646443169198182,9.912339224298998e-05,0.03636530829973883,0.0013224356477350538
BTC,train,72,0.035315747161818706,8.705310600528559e-05,0.03522869405581342,0.001241060884878104
BTC,train,73,0.03281654671583193,7.645262226892183e-05,0.03274009409356301,0.0010719137612553594
BTC,train,74,0.029466459201145996,6.714296272713753e-05,0.02939931623841886,0.0008643197952865588
BTC,train,75,0.026696516938634413,5.896694331713412e-05,0.02663754999531728,0.0007095590697530276
BTC,train,76,0.025094295819249157,5.1786520328224214e-05,0.025042509298920934,0.0006271272719865415
BTC,train,77,0.023838211846588988,4.5480459675214544e-05,0.023792731386913773,0.0005660940668498318
BTC,train,78,0.0217922789527506,3.9942289985092435e-05,0.021752336662765506,0.0004731641502902924
BTC,train,79,0.018740316036731937,3.507850493698181e-05,0.018705237531794955,0.0003498859111208706
BTC,train,80,0.015595806586605226,3.08069845037206e-05,0.015564999602101505,0.00024226921261342001
BTC,train,81,0.013097819084856147,2.7055608439341327e-05,0.013070763476416804,0.0001708448578564315
BTC,train,82,0.01155994454850882,2.3761038602611435e-05,0.01153618350990621,0.00013308352997423194
BTC,train,83,0.010368794142026388,2.086764955741412e-05,0.010347926492468974,0.00010707958269354124
BTC,train,84,0.0092670698798298,1.8326589394252615e-05,0.009248743290435547,8.553925245237656e-05
BTC,train,85,0.007864786543712792,1.6094954915811425e-05,0.007848691588796981,6.160195965605248e-05
BTC,train,86,0.00662702675704502,1.4135067260427736e-05,0.006612891689784592,4.3730336500822124e-05
BTC,train,87,0.004746571405286619,1.2413835733117565e-05,0.004734157569553502,2.2412247893360717e-05
BTC,train,88,0.0024102412955369023,1.0902199103095264e-05,0.002399339096433807,5.756828099675798e-06
BTC,train,89,-0.0007058443782327419,9.574634934667502e-06,0.0007154190131674093,5.118243644014299e-07
BTC,train,90,-0.0030476487795879645,8.40872866705655e-06,0.003056057508255021,9.339487493761887e-06
BTC,train,91,-0.004569616996083185,7.384795167507246e-06,0.004577001791250692,2.0948945397112046e-05
BTC,train,92,-0.004716665597229684,6.4855463679895676e-06,0.004723151143597674,2.2308156725268015e-05
BTC,train,93,-0.004633873282281731,5.695799373883095e-06,0.004639569081655614,2.152560126345472e-05
BTC,train,94,-0.003914648419908775,5.002220116357549e-06,0.003919650640025133,1.5363661139849436e-05
BTC,train,95,-0.0038063073574928492,4.393098220282523e-06,0.003810700455713132,1.4521437963172271e-05
BTC,train,96,-0.0037594726978377882,3.858149286541711e-06,0.00376333084712433,1.4162659064917527e-05
BTC,train,97,-0.005702640498841878,3.3883412504911005e-06,0.005706028840092369,3.255876512396587e-05
BTC,train,98,-0.008652269505295834,2.975741884801604e-06,0.008655245247180636,7.491327028884299e-05
BTC,train,99,-0.012979572406348545,2.6133848719278696e-06,0.012982185791220473,0.00016853714791776673
BTC,train,100,-0.016269347392126703,2.2951521849741335e-06,0.01627164254431168,0.00026476635108985385
BTC,train,101,-0.018662442441614722,2.0156707910785403e-06,0.018664458112405802,0.0003483619966297507
BTC,train,102,-0.02026566183595344,1.7702219332584165e-06,0.020267432057886697,0.0004107688022210534
BTC,train,103,-0.02212966397097431,1.554661459033397e-06,0.022131218632433343,0.0004897908381565648
BTC,train,104,-0.023885814152785068,1.3653498506568453e-06,0.023887179502635726,0.0005705973445911404
BTC,train,105,-0.02521976630109058,1.1990907755877055e-06,0.02522096539186617,0.0006360970952977111
BTC,train,106,-0.02548582159674855,1.0530771196904706e-06,0.02548687467386824,0.0006495807806414663
BTC,train,107,-0.025332988554644324,9.248435919891405e-07,0.025333913398236315,0.0006418071680693375
BTC,train,108,-0.02500532794112584,8.122251007549982e-07,0.025006140166226595,0.0006253070460129711
BTC,train,109,-0.0257474226349177,7.13320198151098e-07,0.025748135955115853,0.0006629665051631297
BTC,train,110,-0.02784781698928886,6.264589762337391e-07,0.027848443448265092,0.0007755358024912189
BTC,train,111,-0.03083433961541855,5.501748722678032e-07,0.03083488979029082,0.000950790428379381
BTC,train,112,-0.03303459439567169,4.831799073175952e-07,0.03303507757557901,0.0010913163504245233
BTC,train,113,-0.034071953231849694,4.243429400421607e-07,0.03407237757478974,0.0011609269135990346
BTC,train,114,-0.03424728805799354,3.726705685326986e-07,0.03424766072856207,0.0011729022653786927
BTC,train,115,-0.03522267269815921,3.272903577391579e-07,0.03522299998851695,0.0012406597281910648
BTC,train,116,-0.03637149568134781,2.8743610929830426e-07,0.036371783117457104,0.0013229066071433376
BTC,train,117,-0.03745143981990879,2.5243492505939444e-07,0.03745169225483385,0.0014026292527507817
BTC,train,118,-0.037184789913419586,2.216958458883441e-07,0.037185011609265475,0.0013827250883812082
BTC,train,119,-0.036293655437532664,1.946998739282384e-07,0.036293850137406596,0.0013172435577965289
BTC,train,120,-0.03603152988008907,1.7099120985227713e-07,0.03603170087129892,0.0012982834676787635
BTC,train,121,-0.03728923368647808,1.501695571591478e-07,0.03728938385603524,0.0013904981483627414
BTC,train,122,-0.03991678848577808,1.3188336357674032e-07,0.039916920369141656,0.0015933605317563961
BTC,train,123,-0.04188852989639704,1.1582388546222823e-07,0.0418886457202825,0.0017546586402793416
BTC,train,124,-0.042742714647887564,1.0171997498199493e-07,0.04274281636786255,0.0018269483510568187
BTC,train,125,-0.0426928391122092,8.933350205827759e-08,0.04269292844571126,0.0018226861392706215
BTC,train,126,-0.04325141654559101,7.845533378678948e-08,0.043251495000924796,0.0018706918198150226
BTC,train,127,-0.044467321197710706,6.890180344190603e-08,0.04446739009951415,0.001977348782262369
BTC,train,128,-0.045880812337127236,6.051160945218543e-08,0.04588087284873669,0.0021050544933619436
BTC,train,129,-0.04691391254573404,5.3143091988602455e-08,0.04691396568882603,0.0022009201766523463
BTC,train,130,-0.04750934880785235,4.6671841183478296e-08,0.04750939547969353,0.002257142658845924
BTC,train,131,-0.04783912491661219,4.0988596597333664e-08,0.04783916590520879,0.0022885857945060912
BTC,train,132,-0.04826794321465153,3.5997402468315124e-08,0.048267979212054,0.0023297978172152774
BTC,train,133,-0.04964494309724268,3.161398759747127e-08,0.04964497471123028,0.0024646235140786937
BTC,train,134,-0.05169618852310322,2.776434251590173e-08,0.05169621628744573,0.002672498778438369
BTC,train,135,-0.053309443234542085,2.4383469910703945e-08,0.053309467618011995,0.0028418993377158693
BTC,train,136,-0.053435467811508694,2.1414287211940294e-08,0.053435489225795905,0.0028553515088001503
BTC,train,137,-0.05273640087543761,1.8806662811930802e-08,0.05273641968210042,0.0027811299608866283
BTC,train,138,-0.05259716342517768,1.6516569644421707e-08,0.05259717994174733,0.0027664633378245472
BTC,train,139,-0.05308260494221026,1.4505341832681355e-08,0.05308261944755209,0.0028177644874136354
BTC,train,140,-0.053070405984345585,1.2739021855788175e-08,0.053070418723367443,0.0028164693434735498
BTC,train,141,-0.05109644530397824,1.1187787210682396e-08,0.05109645649176545,0.00261084786601488
BTC,train,142,-0.04781539711398816,9.825446889757645e-09,0.04781540693943505,0.0022863131407837734
BTC,train,143,-0.04478641648398271,8.628999172532509e-09,0.044786425112981885,0.0020058238744007344
BTC,train,144,-0.04391437873197017,7.578243265167489e-09,0.04391438631021343,0.0019284733250026608
BTC,train,145,-0.04540507266571154,6.655438230758509e-09,0.04540507932114977,0.002061621228159902
BTC,train,146,-0.04810890769782531,5.845003451794442e-09,0.048108913542828764,0.002314467562271373
BTC,train,147,-0.05054224675413069,5.133255567394143e-09,0.05054225188738626,0.002554519225848
BTC,train,148,-0.05161068866434759,4.5081774437777796e-09,0.051610693172525035,0.002663663649748522
BTC,train,149,-0.05206710406434595,3.959215277275568e-09,0.05206710802356122,0.0027109837379371937
BTC,train,150,-0.05301552542305588,3.4771004041661084e-09,0.05301552890015629,0.002810646304563307
BTC,train,151,-0.05461081300043977,3.0536928087860115e-09,0.05461081605413257,0.002982341230098304
BTC,train,152,-0.05572597172316665,2.68184368770558e-09,0.055725974405010335,0.003105384223387867
BTC,train,153,-0.05521588981239809,2.3552747495074794e-09,0.055215892167672836,0.0030487947478720747
BTC,train,154,-0.0537567178306671,2.068472212268816e-09,0.05375671989913931,0.0028897849343145206
BTC,train,155,-0.052526276380108435,1.8165937090027221e-09,0.05252627819670214,0.002759009901197347
BTC,train,156,-0.05234759988831289,1.5953865292532156e-09,0.05234760148369942,0.00274027138109621
BTC,train,157,-0.05299145604006578,1.4011158164364242e-09,0.0529914574411816,0.0028080945617405604
BTC,train,158,-0.05402855844146954,1.2305015086138574e-09,0.054028559671971045,0.002919085260227736
BTC,train,159,-0.0548681509624711,1.0806629580072853e-09,0.054868152043134055,0.0030105141086284757
BTC,train,160,-0.055576529041397885,9.490702942124815e-10,0.05557652999046818,0.003088750685781409
BTC,train,161,-0.05572152823245152,8.335017099295206e-10,0.055721529065953235,0.0031048888014478713
BTC,train,162,-0.05611889973711731,7.320059480229576e-10,0.05611890046912326,0.003149330989863363
BTC,train,163,-0.05628189292876291,6.428693565443289e-10,0.05628189357163226,0.003167651544008541
BTC,train,164,-0.05667925809773069,5.645869554747907e-10,0.05667925866231764,0.0032125383625099093
BTC,train,165,-0.05636643507248606,4.958370266794844e-10,0.05636643556832308,0.0031771750586779175
BTC,train,166,-0.055391358173300057,4.3545879805104573e-10,0.05539135860875886,0.003068202608524124
BTC,train,167,-0.05421800425335977,3.8243284506188593e-10,0.05421800463579261,0.0029395920266868294
BTC,train,168,-0.053579108525322446,3.358638788255325e-10,0.053579108861186324,0.002870720906358855
BTC,train,169,-0.053956224508251535,2.9496563006108366e-10,0.05395622480321716,0.002911274195015307
BTC,train,170,-0.0547031373838227,2.590475737420023e-10,0.05470313764287028,0.0029924332679748112
BTC,train,171,-0.055275941409775674,2.2750327028854653e-10,0.05527594163727895,0.003055429723887868
BTC,train,172,-0.05564672543838941,1.9980012645681606e-10,0.05564672563818954,0.0030965580742519407
BTC,train,173,-0.055815513993972075,1.7547040304751803e-10,0.05581551416944248,0.003115371621999234
BTC,train,174,-0.05580349288923563,1.541033176088265e-10,0.05580349304333895,0.003114029835837979
BTC,train,175,-0.055464581140617794,1.3533810879556625e-10,0.0554645812759559,0.003076319776117118
BTC,train,176,-0.054718645692998814,1.1885794528353119e-10,0.05471864581185676,0.002994130199483429
BTC,train,177,-0.05417310484969387,1.0438457639719663e-10,0.05417310495407845,0.0029347253003655987
BTC,train,178,-0.05360409735958677,9.167363413215536e-11,0.05360409745126041,0.0028733992635642225
BTC,train,179,-0.053879973831585534,8.051050725173973e-11,0.05387997391209604,0.00290305158876815
BTC,train,180,-0.05459884930764574,7.070671779617861e-11,0.05459884937835246,0.0029810343534400186
BTC,train,181,-0.05593179743832061,6.209673882535885e-11,0.055931797500417345,0.003128365971627692
BTC,train,182,-0.056311239845093876,5.4535199666038366e-11,0.05631123989962908,0.003170955739033578
BTC,train,183,-0.05559726671764626,4.7894431476973526e-11,0.05559726676554069,0.0030910560717986955
BTC,train,184,-0.053906394339269,4.206231169134268e-11,0.05390639438133131,0.0029058993551956277
BTC,train,185,-0.05248865540213046,3.694037094208476e-11,0.05248865543907084,0.002755058949801501
BTC,train,186,-0.051475741050437895,3.244213050752706e-11,0.05147574108288003,0.002649751920031703
BTC,train,187,-0.0506077598736972,2.8491642206774753e-11,0.05060775990218884,0.0025611453623175925
BTC,train,188,-0.049284676174191695,2.5022206092492136e-11,0.0492846761992139,0.002428979308061361
BTC,train,189,-0.047361057242905326,2.1975244290631788e-11,0.04736105726488057,0.0022430697452472965
BTC,train,190,-0.04511751790471178,1.9299311973049474e-11,0.04511751792401109,0.002035590423623462
BTC,train,191,-0.04330376591510797,1.6949228764290675e-11,0.043303765932057196,0.0018752161438983974
BTC,train,192,-0.04271459791077334,1.4885315917242312e-11,0.042714597925658654,0.0018245368759506825
BTC,train,193,-0.04333371168983072,1.3072726378142087e-11,0.04333371170290344,0.0018778105699503505
BTC,train,194,-0.044186161796977486,1.1480856429779595e-11,0.044186161808458344,0.0019524168953632627
BTC,train,195,-0.044449213073362366,1.008282897908741e-11,0.044449213083445197,0.0019757325437375155
BTC,train,196,-0.04382095052740977,8.855039764962602e-12,0.043820950536264815,0.0019202757059017675
BTC,train,197,-0.042735017704418114,7.776758824502637e-12,0.04273501771219487,0.0018262817388616094
BTC,train,198,-0.04121389684221637,6.829780488821447e-12,0.04121389684904615,0.0016985852934838163
BTC,train,199,-0.04004417752896725,5.998115998983596e-12,0.04004417753496537,0.0016035361544518253
BTC,train,200,-0.039260470599783596,5.267723552191539e-12,0.03926047060505132,0.0015413845521300988
BTC,train,201,-0.0390726240774894,4.626271220332452e-12,0.03907262408211567,0.0015266699526623254
BTC,train,202,-0.03814755577785974,4.062928738007189e-12,0.03814755578192267,0.001455236012134902
BTC,train,203,-0.036736642434521634,3.5681846445955756e-12,0.03673664243808982,0.001349580897624062
BTC,train,204,-0.035063726866617226,3.1336856929891654e-12,0.035063726869750914,0.0012294649419964923
BTC,train,205,-0.03421686555867227,2.7520958135724505e-12,0.034216865561424364,0.0011707938888485887
BTC,train,206,-0.03349770610973271,2.4169722522038507e-12,0.03349770611214968,0.00112209631477595
BTC,train,207,-0.03232411040024433,2.122656790913202e-12,0.03232411040236698,0.0010448481133044094
BTC,train,208,-0.030507903383112656,1.8641802146886698e-12,0.030507903384976835,0.000930732168947081
BTC,train,209,-0.02899185671465734,1.6371784113726744e-12,0.02899185671629452,0.0008405277558581517
BTC,train,210,-0.027821558330533878,1.4378186880995249e-12,0.027821558331971696,0.0007740391080193037
BTC,train,211,-0.027156371064144865,1.2627350602033133e-12,0.0271563710654076,0.0007374684894421072
BTC,train,212,-0.026017429740454855,1.108971420015578e-12,0.026017429741563826,0.0006769066503572099
BTC,train,213,-0.02505634812279687,9.73931626016113e-13,0.025056348123770802,0.0006278205812995926
BTC,train,214,-0.023533831178375972,8.553356696433759e-13,0.02353383117923131,0.0005538412099725596
BTC,train,215,-0.022637945486436863,7.51181179685994e-13,0.022637945487188043,0.0005124765758808974
BTC,train,216,-0.021964925906458422,6.59709614296467e-13,0.02196492590711813,0.0004824579701051892
BTC,train,217,-0.022615161679980688,5.793765698138508e-13,0.022615161680560065,0.0005114455378378723
BTC,train,218,-0.02363200314448359,5.088257050903217e-13,0.023632003144992416,0.0005584715726449314
BTC,train,219,-0.024482789057554032,4.468658410605847e-13,0.024482789058000897,0.0005994069600585685
BTC,train,220,-0.02386059270299336,3.9245084890382443e-13,0.02386059270338581,0.0005693278841568682
BTC,train,221,-0.022306958092302577,3.4466198723041617e-13,0.02230695809264724,0.0004976003793471202
BTC,train,222,-0.0208246089534807,3.026923900748936e-13,0.02082460895378339,0.00043366433807799534
BTC,train,223,-0.020737853713796828,2.658334437908269e-13,0.02073785371406266,0.00043005857666586245
BTC,train,224,-0.020970631035611816,2.3346282283543985e-13,0.020970631035845278,0.0004397673660415572
BTC,train,225,-0.02086237261512393,2.0503398244044706e-13,0.020862372615328965,0.0004352385911408279
BTC,train,226,-0.019008965278236215,1.8006693076362482e-13,0.019008965278416282,0.0003613407609560358
BTC,train,227,-0.01688980604207864,1.5814012471834888e-13,0.01688980604223678,0.0002852655481443781
BTC,train,228,-0.015328587957759144,1.3888335265048482e-13,0.015328587957898028,0.00023496560878301641
BTC,train,229,-0.01566328693765104,1.219714836939223e-13,0.01566328693777301,0.0002453385576950106
BTC,train,230,-0.016895529064017402,1.0711897826902595e-13,0.01689552906412452,0.0002854589023566764
BTC,train,231,-0.017704773552458076,9.40750670393937e-14,0.01770477355255215,0.00031345900654715006
BTC,train,232,-0.01709352955845441,8.261951692854673e-14,0.01709352955853703,0.0002921887527685791
BTC,train,233,-0.015570590235958515,7.255891271008136e-14,0.015570590236031074,0.0002424432802983862
BTC,train,234,-0.014152998805492489,6.372339138974209e-14,0.014152998805556212,0.00020030737519007556
BTC,train,235,-0.01360533170148736,5.59637742428032e-14,0.013605331701543323,0.00018510505070901974
BTC,train,236,-0.012940986948360976,4.914904808414841e-14,0.012940986948410125,0.00016746914319892118
BTC,train,237,-0.011648537286797461,4.316415324487476e-14,0.011648537286840625,0.00013568842092291633
BTC,train,238,-0.008679290606573513,3.790804090767193e-14,0.00867929060661142,7.533008543401323e-05
BTC,train,239,-0.005758646547546186,3.3291967001075314e-14,0.005758646547579478,3.316201005994905e-05
BTC,train,240,-0.003527589941669568,2.923799384674547e-14,0.003527589941698806,1.2443890796774585e-05
BTC,train,241,-0.003319638744566542,2.5677674261623368e-14,0.0033196387445922197,1.1020001394597809e-05
BTC,train,242,-0.0035136010409001954,2.2550895897374562e-14,0.0035136010409227464,1.2345392274773407e-05
BTC,train,243,-0.00380316802360621,1.9804866304977977e-14,0.0038031680236260148,1.4464087015931408e-05
BTC,train,244,-0.0033652030852072,1.7393221588314672e-14,0.003365203085224593,1.1324591804805121e-05
BTC,train,245,-0.0032271842094961137,1.5275243597285773e-14,0.003227184209511389,1.0414717922119647e-05
BTC,train,246,-0.0028285146510442795,1.3415172443567366e-14,0.0028285146510576946,8.000495131248032e-06
BTC,train,247,-0.002410025896050508,1.1781602731535303e-14,0.00241002589606229,5.8082248196908435e-06
BTC,train,248,-0.0017634923201043358,1.0346953310337674e-14,0.0017634923201146828,3.1099051631034666e-06
BTC,train,249,-0.000979539808237118,9.087001594421989e-15,0.000979539808246205,9.59498235939012e-07
BTC,train,250,0.0005723872402488999,7.980474589996287e-15,0.0005723872402409194,3.27627152790616e-07
BTC,train,251,0.0027585554494167232,7.008689722325013e-15,0.0027585554494097145,7.609628167468032e-06
BTC,train,252,0.004601298695540419,6.15523939959655e-15,0.004601298695534263,2.1171949685525313e-05
BTC,train,253,0.004981918746864451,5.405713987546497e-15,0.004981918746859045,2.48195144003056e-05
BTC,train,254,0.004797061155639275,4.747458517547053e-15,0.004797061155634528,2.301179573089767e-05
BTC,train,255,0.0049238442067689354,4.169359020427863e-15,0.004923844206764766,2.4244241772490947e-05
BTC,train,256,0.00621036643307303,3.661654878493817e-15,0.006210366433069368,3.8568651232994743e-05
BTC,train,257,0.007981150071087115,3.215774027495876e-15,0.007981150071083899,6.369875645716252e-05
BTC,train,258,0.010141865750513554,2.8241882261090625e-15,0.01014186575051073,0.00010285744090138256
BTC,train,259,0.012289506504192117,2.4802859492910312e-15,0.012289506504189637,0.00015103197011651938
BTC,train,260,0.014821808982748758,2.1782607594558208e-15,0.014821808982746579,0.00021968602152102717
BTC,train,261,0.017623605408547093,1.9130132707244158e-15,0.01762360540854518,0.00031059146759610293
BTC,train,262,0.021050833179325705,1.6800650510189531e-15,0.021050833179324026,0.0004431375775437293
BTC,train,263,0.023833840016317973,1.4754830083256318e-15,0.0238338400163165,0.0005680519299233696
BTC,train,264,0.025320726781564606,1.2958129844658598e-15,0.025320726781563312,0.0006411392047465775
BTC,train,265,0.025097567538113083,1.1380214351744963e-15,0.025097567538111945,0.0006298878963300904
BTC,train,266,0.02496410614397494,9.994442118130676e-16,0.02496410614397394,0.0006232065955675975
BTC,train,267,0.026187784145296225,8.777415799496618e-16,0.026187784145295347,0.0006858000384405824
BTC,train,268,0.028636778442233793,7.708587153403085e-16,0.028636778442233023,0.000820065079549542
BTC,train,269,0.031110117050187,6.7699101032696815e-16,0.031110117050186323,0.0009678393828762938
BTC,train,270,0.03260327037025235,5.945536048862047e-16,0.032603270370251757,0.0010629732388357362
BTC,train,271,0.03357619841857385,5.221546278915184e-16,0.03357619841857333,0.0011273611002434061
BTC,train,272,0.03463222007543155,4.585716967954696e-16,0.03463222007543109,0.0011993906673530923
BTC,train,273,0.03623383215872545,4.027312789528029e-16,0.03623383215872505,0.0013128905929066575
BTC,train,274,0.03823520484848639,3.5369056612166104e-16,0.03823520484848603,0.0014619308898056898
BTC,train,275,0.03968244795209495,3.106215561124109e-16,0.039682447952094635,0.0015746966754706998
BTC,train,276,0.04051517024738582,2.727970728190326e-16,0.04051517024738555,0.0016414790201746356
BTC,train,277,0.04039040170324943,2.395784885956252e-16,0.04039040170324919,0.001631384549749835
BTC,train,278,0.03985407030614111,2.1040494168293567e-16,0.0398540703061409,0.001588346919966822
BTC,train,279,0.03972730785958214,1.8478386663220627e-16,0.03972730785958195,0.0015782589897700018
BTC,train,280,0.04117717284925536,1.6228267784224881e-16,0.0411771728492552,0.0016955595638574396
BTC,train,281,0.044734035103355795,1.4252146579479048e-16,0.04473403510335565,0.0020011338966282556
BTC,train,282,0.048528552901993705,1.2516658267150859e-16,0.04852855290199358,0.0023550204467615893
BTC,train,283,0.05135370063055806,1.0992500905246971e-16,0.05135370063055795,0.002637202568452968
BTC,train,284,0.05351165711215223,9.653940658344818e-17,0.05351165711215213,0.002863497446888542
BTC,train,285,0.05659048692002791,8.478377308148083e-17,0.05659048692002783,0.0032024832098458407
BTC,train,286,0.062324684275899135,7.445962671956673e-17,0.06232468427589906,0.0038843662700904992
BTC,train,287,0.06868828457707593,6.539265486438032e-17,0.06868828457707586,0.004718080438141358
BTC,train,288,0.07369262597473751,5.74297709860564e-17,0.07369262597473746,0.005430603123052549
BTC,train,289,0.07403380214817341,5.04365299489839e-17,0.07403380214817336,0.005481003860514878
BTC,train,290,0.07118820122338843,4.429485804344195e-17,0.07118820122338838,0.0050677599934216356
BTC,train,291,0.06733114298394002,3.890105943198818e-17,0.06733114298393998,0.00453348281552377
BTC,train,292,0.06460574539297835,3.4164065351488943e-17,0.06460574539297832,0.00417390233778234
BTC,train,293,0.06292221292149897,3.0003896510361806e-17,0.06292221292149894,0.003959204878938448
BTC,train,294,0.06058949930879467,2.6350312720182965e-17,0.06058949930879464,0.0036710874264904263
BTC,train,295,0.0575496377909157,2.3141626962072983e-17,0.05754963779091568,0.0033119608098655905
BTC,train,296,0.05423109615683861,2.0323663864586755e-17,0.05423109615683859,0.002941011790372273
BTC,train,297,0.052531598975887,1.78488450080741e-17,0.05253159897588698,0.0027595688909634103
BTC,train,298,0.052694583890028845,1.567538561181225e-17,0.05269458389002883,0.002776719171343286
BTC,train,299,0.05350565023607584,1.3766589040795508e-17,0.05350565023607583,0.0028628546071852814
BTC,train,300,0.05361673028203761,1.2090227220652116e-17,0.053616730282037596,0.002874753766136767
BTC,validation,1,0.8999837011746593,0.8782296896365751,0.021754011538084206,0.00047323701799910074
BTC,validation,2,0.7538468244173235,0.7712873877591551,0.017440563341831528,0.0003041732496804377
BTC,validation,3,0.607146366001938,0.6773674831723275,0.07022111717038948,0.004931005296657568
BTC,validation,4,0.5489171247490818,0.5948842345163412,0.04596710976725937,0.002112975180355272
BTC,validation,5,0.5109433729372757,0.5224449966489779,0.011501623711702269,0.00013228734800559188
BTC,validation,6,0.48132258590918786,0.4588267072592134,0.022495878649974488,0.000506064556234378
BTC,validation,7,0.4552999351976543,0.40295523671323064,0.05234469848442369,0.0027399674594252277
BTC,validation,8,0.43239815427850276,0.3538872524760932,0.07851090180240955,0.006163961701827595
BTC,validation,9,0.4128480803691333,0.3107942919084196,0.10205378846071367,0.010414975739184094
BTC,validation,10,0.39646756985046316,0.2729487745235505,0.12351879532691268,0.015256892799011745
BTC,validation,11,0.3813380363210051,0.23971171753650128,0.14162631878450382,0.0200580141724499
BTC,validation,12,0.3662950864597291,0.21052194729433188,0.1557731391653972,0.024265270885442204
BTC,validation,13,0.3507830298503179,0.1848866244339885,0.16589640541632938,0.02752161733005912
BTC,validation,14,0.3363649640360746,0.16237292279461574,0.17399204124145884,0.030273230415369515
BTC,validation,15,0.32266772837801116,0.14260072159129897,0.1800670067867122,0.03242412693312586
BTC,validation,16,0.31041630757705235,0.12523618746507814,0.1851801201119742,0.03429167688468519
BTC,validation,17,0.2985053292030481,0.10998613804872351,0.1885191911543246,0.03553948543348078
BTC,validation,18,0.28821753957715074,0.09659309188285595,0.1916244476942948,0.03671992895414352
BTC,validation,19,0.27868669133134316,0.08483092110531777,0.1938557702260254,0.03758005964992556
BTC,validation,20,0.2699578957120374,0.07450103351390801,0.19545686219812936,0.038203384980338526
BTC,validation,21,0.261414417049526,0.06542901954052352,0.19598539750900248,0.03841027603676172
BTC,validation,22,0.2540641462023773,0.057461707524299376,0.1966024386780779,0.038652518894167376
BTC,validation,23,0.24795401102935388,0.05046457756505309,0.19748943346430078,0.039002076330050484
BTC,validation,24,0.2419043847985415,0.04431949029259745,0.19758489450594408,0.03903979053692505
BTC,validation,25,0.2345665852009673,0.038922692204519056,0.19564389299644824,0.03827653286680569
BTC,validation,26,0.22560657786574875,0.03418306389459472,0.19142351397115404,0.036642961701064604
BTC,validation,27,0.2168735048204942,0.03002058159497713,0.18685292322551705,0.03491401491792097
BTC,validation,28,0.2096156005912002,0.026364966056866244,0.18325063453433396,0.03358079505723603
BTC,validation,29,0.2044228284069464,0.02315449595740048,0.1812683324495459,0.032858208349039096
BTC,validation,30,0.19984271281490065,0.020334965798359157,0.17950774701654149,0.03222303123895466
BTC,validation,31,0.19480256378940158,0.01785877070186333,0.17694379308753824,0.031309105912205544
BTC,validation,32,0.18830258816304593,0.015684102650788196,0.17261848551225772,0.02979714154054553
BTC,validation,33,0.18190483762787013,0.013774244603229902,0.16813059302464023,0.028267896310817203
BTC,validation,34,0.17648377857949799,0.012096950562872865,0.16438682801662513,0.02702302922536749
BTC,validation,35,0.17265880253633528,0.01062390113838083,0.16203490139795446,0.026255309271044823
BTC,validation,36,0.16848587762861642,0.009330225399489852,0.15915565222912656,0.025330521636478677
BTC,validation,37,0.16242955119916563,0.008194080956833263,0.15423547024233236,0.02378858028087339
BTC,validation,38,0.1550000849878377,0.007196285175576647,0.14780379981226105,0.021845963238942938
BTC,validation,39,0.1474533177504943,0.006319991296282966,0.14113332645421134,0.01991861583603099
BTC,validation,40,0.14225987076106933,0.005550403994640444,0.1367094667664289,0.018689478303561328
BTC,validation,41,0.13835509585991687,0.004874529577570685,0.1334805662823462,0.017817061575055818
BTC,validation,42,0.13533100158926165,0.004280956598034208,0.13105004499122744,0.017174114292202735
BTC,validation,43,0.13147634114134077,0.0037596631844392307,0.12771667795690153,0.016311549828346896
BTC,validation,44,0.12753618385461818,0.003301847831608123,0.12423433602301005,0.015434170247078173
BTC,validation,45,0.1242509473171453,0.0028997807963804007,0.1213511665207649,0.014726105615950412
BTC,validation,46,0.12218317664554972,0.0025466735888192596,0.11963650305673046,0.014312892863643076
BTC,validation,47,0.12090484286265947,0.0022365643555144013,0.11866827850714506,0.014082160323849346
BTC,validation,48,0.11852976944572874,0.0019642172197956395,0.1165655522259331,0.013587527965736736
BTC,validation,49,0.11464244077132783,0.0017250338793199408,0.1129174068920079,0.012750340779215273
BTC,validation,50,0.11030723300659576,0.0015149759684477287,0.10879225703814803,0.01183575519145447
BTC,validation,51,0.10701774286508463,0.0013304968745767186,0.10568724599050791,0.01116979396505813
BTC,validation,52,0.10504623331887304,0.0011684818572219448,0.1038777514616511,0.010790587248728556
BTC,validation,53,0.10309457426678664,0.0010261954588139974,0.10206837880797265,0.0104179539524878
BTC,validation,54,0.10063336321806986,0.0009012353193006798,0.09973212789876917,0.009946497335216452
BTC,validation,55,0.0971517958614379,0.0007914916147589556,0.09636030424667895,0.009285308234512533
BTC,validation,56,0.09319313852453348,0.0006951114351797093,0.09249802708935377,0.008555885015422824
BTC,validation,57,0.09013654568163898,0.0006104674999807103,0.08952607818165827,0.008014918674588388
BTC,validation,58,0.08872699147833737,0.0005361306830412752,0.0881908607952961,0.007777627927815295
BTC,validation,59,0.08888743641351862,0.00047084588337198413,0.08841659053014664,0.007817493480975617
BTC,validation,60,0.08839684859780939,0.00041351083402043666,0.08798333776378894,0.00774106772405697
BTC,validation,61,0.08645384126116194,0.0003631574914231294,0.08609068376973882,0.00741160583194117
BTC,validation,62,0.08288563396716278,0.0003189356909817321,0.08256669827618104,0.006817259664229918
BTC,validation,63,0.079962274843426,0.0002800987929049132,0.07968217605052108,0.006349249180146235
BTC,validation,64,0.07886898872710682,0.00024599107596046127,0.07862299765114636,0.006181575759652166
BTC,validation,65,0.07945975326020313,0.00021603666629412308,0.07924371659390901,0.0062795666196157705
BTC,validation,66,0.07946810290571903,0.00018972981438960805,0.07927837309132942,0.006285060440008024
BTC,validation,67,0.0781056983334151,0.0001666263560061905,0.07793907197740892,0.0060744989406997275
BTC,validation,68,0.07583906058925288,0.00014633621292059015,0.07569272437633229,0.005729388523511408
BTC,validation,69,0.07409278069335239,0.00012851680685584165,0.07396426388649655,0.005470712332271297
BTC,validation,70,0.07274486277716591,0.00011286727539808948,0.07263199550176781,0.0052754067705688195
BTC,validation,71,0.07133850407707684,9.912339224298998e-05,0.07123938068483385,0.005075049360358678
BTC,validation,72,0.0693742205563844,8.705310600528559e-05,0.0692871674503791,0.0048007115732968736
BTC,validation,73,0.06632736647560765,7.645262226892183e-05,0.06625091385333873,0.0043891835864025095
BTC,validation,74,0.06293916212701148,6.714296272713753e-05,0.06287201916428434,0.003952890793794137
BTC,validation,75,0.05902733856461207,5.896694331713412e-05,0.05896837162129494,0.003477268851667142
BTC,validation,76,0.05546460415301436,5.1786520328224214e-05,0.055412817632686136,0.0030705803579933314
BTC,validation,77,0.051137025675803825,4.5480459675214544e-05,0.05109154521612861,0.002610345992571714
BTC,validation,78,0.046797938170988124,3.9942289985092435e-05,0.04675799588100303,0.0021863101788078963
BTC,validation,79,0.04250080151824496,3.507850493698181e-05,0.04246572301330798,0.0018033376310429947
BTC,validation,80,0.039099078917517543,3.08069845037206e-05,0.03906827193301382,0.0015263298718319154
BTC,validation,81,0.036108593516151706,2.7055608439341327e-05,0.03608153790771237,0.0013018773777856846
BTC,validation,82,0.0340364699537175,2.3761038602611435e-05,0.03401270891511489,0.001156864367744336
BTC,validation,83,0.03255997604842079,2.086764955741412e-05,0.03253910839886338,0.0010587935753929812
BTC,validation,84,0.03101065002629602,1.8326589394252615e-05,0.03099232343690177,0.0009605241120175308
BTC,validation,85,0.0283495750643315,1.6094954915811425e-05,0.02833348010941569,0.0008027860951106545
BTC,validation,86,0.025286566943279146,1.4135067260427736e-05,0.025272431876018717,0.0006386958129280069
BTC,validation,87,0.022901690610518412,1.2413835733117565e-05,0.022889276774785295,0.0005239189912727255
BTC,validation,88,0.021041075130536352,1.0902199103095264e-05,0.021030172931433257,0.00044226817352598807
BTC,validation,89,0.018521232153066888,9.574634934667502e-06,0.01851165751813222,0.0003426814640686211
BTC,validation,90,0.014246783325315187,8.40872866705655e-06,0.01423837459664813,0.0002027313111544748
BTC,validation,91,0.009134448926661879,7.384795167507246e-06,0.009127064131494372,8.330329966041111e-05
BTC,validation,92,0.004042375097553093,6.4855463679895676e-06,0.004035889551185104,1.6288404469365096e-05
BTC,validation,93,0.0004051084771782251,5.695799373883095e-06,0.000399412677804342,1.5953048719083509e-07
BTC,validation,94,-0.0018112133429846028,5.002220116357549e-06,0.0018162155631009603,3.2986389716501385e-06
BTC,validation,95,-0.0030243315645260005,4.393098220282523e-06,0.003028724662746283,9.173173082727587e-06
BTC,validation,96,-0.004145125600945257,3.858149286541711e-06,0.004148983750231799,1.7214066159687522e-05
BTC,validation,97,-0.005667305742718717,3.3883412504911005e-06,0.005670694083969209,3.215677139396338e-05
BTC,validation,98,-0.007499273712274743,2.975741884801604e-06,0.007502249454159545,5.628374687243719e-05
BTC,validation,99,-0.009524918198542107,2.6133848719278696e-06,0.009527531583414035,9.077385807295195e-05
BTC,validation,100,-0.011986652410300247,2.2951521849741335e-06,0.011988947562485221,0.00014373486365602033
BTC,validation,101,-0.015626823849495163,2.0156707910785403e-06,0.015628839520286243,0.0002442606247508611
BTC,validation,102,-0.02012431608003683,1.7702219332584165e-06,0.02012608630197009,0.00040505934983434805
BTC,validation,103,-0.02484433872115299,1.554661459033397e-06,0.024845893382612023,0.0006173184179801239
BTC,validation,104,-0.027955035354695745,1.3653498506568453e-06,0.027956400704546403,0.0007815603403531626
BTC,validation,105,-0.02911791613056443,1.1990907755877055e-06,0.02911911522134002,0.000847922871273676
BTC,validation,106,-0.02866766049489522,1.0530771196904706e-06,0.02866871357201491,0.0008218951378742319
BTC,validation,107,-0.028008473408250856,9.248435919891405e-07,0.028009398251842847,0.0007845263904303371
BTC,validation,108,-0.028198202693335787,8.122251007549982e-07,0.02819901491843654,0.0007951844423702065
BTC,validation,109,-0.029583516332971446,7.13320198151098e-07,0.0295842296531696,0.0008752266441714794
BTC,validation,110,-0.03146871367383369,6.264589762337391e-07,0.03146934013280993,0.0009903193683944815
BTC,validation,111,-0.03369049864402911,5.501748722678032e-07,0.03369104881890137,0.0011350867705175955
BTC,validation,112,-0.035244388979182695,4.831799073175952e-07,0.035244872159090015,0.0012422010135105985
BTC,validation,113,-0.03723561874229023,4.243429400421607e-07,0.03723604308523027,0.0013865229046451251
BTC,validation,114,-0.03878566747794661,3.726705685326986e-07,0.03878604014851514,0.0015043569104022283
BTC,validation,115,-0.04102176519408358,3.272903577391579e-07,0.041022092484441317,0.0016828120718020568
BTC,validation,116,-0.04175212552497908,2.8743610929830426e-07,0.04175241296108838,0.001743263988073261
BTC,validation,117,-0.04207702994502077,2.5243492505939444e-07,0.04207728237994583,0.0017704976924817
BTC,validation,118,-0.04115569553258749,2.216958458883441e-07,0.04115591722843338,0.0016938095229136593
BTC,validation,119,-0.041379981171767014,1.946998739282384e-07,0.041380175871640945,0.0017123189551679354
BTC,validation,120,-0.04242911917290749,1.7099120985227713e-07,0.04242929016411734,0.0018002446638308643
BTC,validation,121,-0.04423587183819877,1.501695571591478e-07,0.04423602200775593,0.0019568256430706667
BTC,validation,122,-0.04544605506997528,1.3188336357674032e-07,0.04544618695333886,0.0020653559085978272
BTC,validation,123,-0.04518748079585714,1.1582388546222823e-07,0.0451875966197426,0.002041918888268573
BTC,validation,124,-0.04424325349816191,1.0171997498199493e-07,0.044243355218136896,0.0019574744809582414
BTC,validation,125,-0.043066529725435454,8.933350205827759e-08,0.043066619058937515,0.00185473367716764
BTC,validation,126,-0.04280688753192346,7.845533378678948e-08,0.042806965987257244,0.0018324363370341985
BTC,validation,127,-0.0428747736069334,6.890180344190603e-08,0.04287484250873684,0.0018382521201489876
BTC,validation,128,-0.04273396763385004,6.051160945218543e-08,0.04273402814545949,0.001826197161536924
BTC,validation,129,-0.041370081597578726,5.3143091988602455e-08,0.041370134740670715,0.00171148804846125
BTC,validation,130,-0.039495100424640585,4.6671841183478296e-08,0.03949514709648177,0.0015598666441727323
BTC,validation,131,-0.03866703233178537,4.0988596597333664e-08,0.03866707332038197,0.001495142559163795
BTC,validation,132,-0.03964759859361858,3.5997402468315124e-08,0.039647634591021046,0.0015719349286631285
BTC,validation,133,-0.042087414584660886,3.161398759747127e-08,0.04208744619864848,0.0017713531275241304
BTC,validation,134,-0.044450946161550466,2.776434251590173e-08,0.04445097392589298,0.0019758890829604174
BTC,validation,135,-0.04632782102554634,2.4383469910703945e-08,0.04632784540901625,0.002146269260241708
BTC,validation,136,-0.04646734358296502,2.1414287211940294e-08,0.04646736499725223,0.0021592160097878618
BTC,validation,137,-0.04609064580843841,1.8806662811930802e-08,0.04609066461510122,0.002124349364661744
BTC,validation,138,-0.0456527248109947,1.6516569644421707e-08,0.04565274132756435,0.0020841727907215018
BTC,validation,139,-0.04686857104414277,1.4505341832681355e-08,0.0468685855494846,0.0021966643114093567
BTC,validation,140,-0.04809542942991764,1.2739021855788175e-08,0.048095442168939496,0.0023131715574258036
BTC,validation,141,-0.0483852547019493,1.1187787210682396e-08,0.04838526588973651,0.0023411339552204995
BTC,validation,142,-0.0473395163968888,9.825446889757645e-09,0.047339526222335684,0.002241030742955208
BTC,validation,143,-0.04580808165388546,8.628999172532509e-09,0.045808090282884635,0.0020983811353649097
BTC,validation,144,-0.04523436258815493,7.578243265167489e-09,0.04523437016639819,0.0020461482443507348
BTC,validation,145,-0.04526048035493493,6.655438230758509e-09,0.045260487010373156,0.0020485116844161573
BTC,validation,146,-0.04607513979566415,5.845003451794442e-09,0.0460751456406676,0.0021229190458087305
BTC,validation,147,-0.04675214799357603,5.133255567394143e-09,0.0467521531268316,0.0021857638219947096
BTC,validation,148,-0.04737389786340009,4.5081774437777796e-09,0.047373902371577535,0.0022442866259117598
BTC,validation,149,-0.048425359504204464,3.959215277275568e-09,0.04842536346341974,0.0023450158265643072
BTC,validation,150,-0.05041755688387992,3.4771004041661084e-09,0.05041756036098033,0.0025419303927530948
BTC,validation,151,-0.0539640948192822,3.0536928087860115e-09,0.05396409787297501,0.0029121238592440257
BTC,validation,152,-0.057480874456369874,2.68184368770558e-09,0.05748087713821356,0.003304051236578402
BTC,validation,153,-0.059358710575694786,2.3552747495074794e-09,0.05935871293096953,0.0035234568008212495
BTC,validation,154,-0.058193998673411115,2.068472212268816e-09,0.05819400074188333,0.003386541722346317
BTC,validation,155,-0.055462969635433304,1.8165937090027221e-09,0.05546297145202701,0.0030761412022883633
BTC,validation,156,-0.053804987951020004,1.5953865292532156e-09,0.053804989546406536,0.0028949769000889167
BTC,validation,157,-0.054538866396699366,1.4011158164364242e-09,0.05453886779781518,0.0029744881006675615
BTC,validation,158,-0.056893137007030914,1.2305015086138574e-09,0.05689313823753242,0.0032368291785149737
BTC,validation,159,-0.05910454359794776,1.0806629580072853e-09,0.05910454467861072,0.0034933472016658905
BTC,validation,160,-0.060524544658359596,9.490702942124815e-10,0.06052454560742989,0.003663220620985861
BTC,validation,161,-0.061952142961376945,8.335017099295206e-10,0.06195214379487866,0.003838068120781322
BTC,validation,162,-0.06406747496084052,7.320059480229576e-10,0.06406747569284646,0.004104641441653472
BTC,validation,163,-0.0672408937359128,6.428693565443289e-10,0.06724089437878215,0.0045213378768585374
BTC,validation,164,-0.06993849668057463,5.645869554747907e-10,0.06993849724516159,0.004891393396911475
BTC,validation,165,-0.07123205546427985,4.958370266794844e-10,0.07123205596011688,0.005074005796305223
BTC,validation,166,-0.07121063775520155,4.3545879805104573e-10,0.07121063819066034,0.005070954991521133
BTC,validation,167,-0.07127420863636613,3.8243284506188593e-10,0.07127420901879898,0.005080012871255446
BTC,validation,168,-0.07217562135492252,3.358638788255325e-10,0.0721756216907864,0.005209320366451516
BTC,validation,169,-0.07375852301829064,2.9496563006108366e-10,0.07375852331325627,0.0054403197613521696
BTC,validation,170,-0.07563857032936322,2.590475737420023e-10,0.0756385705884108,0.005721193360658003
BTC,validation,171,-0.07799698303595018,2.2750327028854653e-10,0.07799698326345345,0.006083529398199437
BTC,validation,172,-0.08022243210620587,1.9980012645681606e-10,0.080222432306006,0.006435638645091714
BTC,validation,173,-0.08200114254257913,1.7547040304751803e-10,0.08200114271804954,0.006724187407065928
BTC,validation,174,-0.08284134707229183,1.541033176088265e-10,0.08284134722639515,0.0068626888102841675
BTC,validation,175,-0.08325963050309236,1.3533810879556625e-10,0.08325963063843048,0.006932166094047871
BTC,validation,176,-0.08350671768931277,1.1885794528353119e-10,0.08350671780817072,0.006973371919093457
BTC,validation,177,-0.08289536165565906,1.0438457639719663e-10,0.08289536176004363,0.006871641001328503
BTC,validation,178,-0.08172753357464627,9.167363413215536e-11,0.08172753366631991,0.006679389759179454
BTC,validation,179,-0.07976630602808484,8.051050725173973e-11,0.07976630610859534,0.0063626635902101335
BTC,validation,180,-0.07892485040527657,7.070671779617861e-11,0.07892485047598329,0.006229132022656319
BTC,validation,181,-0.07862940285794702,6.209673882535885e-11,0.07862940292004376,0.006182583003562587
BTC,validation,182,-0.07906644952527477,5.4535199666038366e-11,0.07906644957980996,0.0062515034491566306
BTC,validation,183,-0.0787772615329798,4.7894431476973526e-11,0.07877726158087424,0.006205856942181485
BTC,validation,184,-0.0777534886867363,4.206231169134268e-11,0.07775348872879861,0.006045605009499413
BTC,validation,185,-0.0763545444544963,3.694037094208476e-11,0.07635454449143667,0.0058300164644947815
BTC,validation,186,-0.07481630155480563,3.244213050752706e-11,0.07481630158724777,0.005597478983194013
BTC,validation,187,-0.07334503148859696,2.8491642206774753e-11,0.0733450315170886,0.00537949364824272
BTC,validation,188,-0.07185193056178275,2.5022206092492136e-11,0.07185193058680496,0.005162699929051038
BTC,validation,189,-0.0701192906130176,2.1975244290631788e-11,0.07011929063499284,0.004916714919154594
BTC,validation,190,-0.06827738933280061,1.9299311973049474e-11,0.06827738935209993,0.004661801896738248
BTC,validation,191,-0.06564693119894627,1.6949228764290675e-11,0.0656469312158955,0.004309519578064515
BTC,validation,192,-0.06383304218580577,1.4885315917242312e-11,0.06383304220069108,0.004074657276595208
BTC,validation,193,-0.06247139656014837,1.3072726378142087e-11,0.062471396573221094,0.00390267538980866
BTC,validation,194,-0.06218182812610834,1.1480856429779595e-11,0.0621818281375892,0.0038665797505326796
BTC,validation,195,-0.06092955414785807,1.008282897908741e-11,0.0609295541579409,0.0037124105698854533
BTC,validation,196,-0.0592419341476597,8.855039764962602e-12,0.05924193415651474,0.003509606762604828
BTC,validation,197,-0.05703648541477885,7.776758824502637e-12,0.057036485422555606,0.0032531606693573982
BTC,validation,198,-0.055250379763859554,6.829780488821447e-12,0.055250379770689334,0.0030526044648053973
BTC,validation,199,-0.054142455171132926,5.998115998983596e-12,0.054142455177131045,0.0029314054526076443
BTC,validation,200,-0.05304065045013332,5.267723552191539e-12,0.053040650455401045,0.002813310600732035
BTC,validation,201,-0.05218584477114001,4.626271220332452e-12,0.05218584477576628,0.0027233623949603726
BTC,validation,202,-0.050130393447166445,4.062928738007189e-12,0.050130393451229376,0.0025130563475750612
BTC,validation,203,-0.04846804291793628,3.5681846445955756e-12,0.048468042921504466,0.002349151184640799
BTC,validation,204,-0.04696791328059954,3.1336856929891654e-12,0.046967913283733224,0.0022059848782282837
BTC,validation,205,-0.04717522275900615,2.7520958135724505e-12,0.04717522276175825,0.0022255016426215137
BTC,validation,206,-0.04796081647633844,2.4169722522038507e-12,0.04796081647875541,0.002300239917308856
BTC,validation,207,-0.04839569053935309,2.122656790913202e-12,0.048395690541475744,0.0023421428629862846
BTC,validation,208,-0.047229457817964504,1.8641802146886698e-12,0.04722945781982869,0.002230621685954977
BTC,validation,209,-0.044695627072414014,1.6371784113726744e-12,0.04469562707405119,0.001997699079542658
BTC,validation,210,-0.041837134700758664,1.4378186880995249e-12,0.041837134702196487,0.0017503458400897334
BTC,validation,211,-0.03969582630127324,1.2627350602033133e-12,0.03969582630253597,0.0015757586258411066
BTC,validation,212,-0.03762501025144125,1.108971420015578e-12,0.037625010252550224,0.0014156413965045094
BTC,validation,213,-0.03577973124511875,9.73931626016113e-13,0.035779731246092676,0.0012801891680426206
BTC,validation,214,-0.03363645613850577,8.553356696433759e-13,0.03363645613936111,0.0011314111816151636
BTC,validation,215,-0.03166933900275875,7.51181179685994e-13,0.03166933900350993,0.0010029470329192356
BTC,validation,216,-0.029451073508028086,6.59709614296467e-13,0.029451073508687794,0.000867365730814132
BTC,validation,217,-0.02815662346684588,5.793765698138508e-13,0.028156623467425257,0.0007927954450863627
BTC,validation,218,-0.02805024170603042,5.088257050903217e-13,0.028050241706539247,0.0007868160597952738
BTC,validation,219,-0.029125091020636287,4.468658410605847e-13,0.02912509102108315,0.0008482709269863784
BTC,validation,220,-0.028781366848981745,3.9245084890382443e-13,0.028781366849374195,0.0008283670777182559
BTC,validation,221,-0.027387932462823072,3.4466198723041617e-13,0.027387932463167734,0.000750098844607037
BTC,validation,222,-0.025069116867203783,3.026923900748936e-13,0.025069116867506475,0.0006284606205166977
BTC,validation,223,-0.0246902480768441,2.658334437908269e-13,0.02469024807710993,0.0006096083501092307
BTC,validation,224,-0.024960696668601002,2.3346282283543985e-13,0.024960696668834464,0.0006230363781935639
BTC,validation,225,-0.02493761847181511,2.0503398244044706e-13,0.024937618472020143,0.0006218848150560403
BTC,validation,226,-0.022892812538970086,1.8006693076362482e-13,0.022892812539150154,0.0005240808659526705
BTC,validation,227,-0.020022167411768873,1.5814012471834888e-13,0.020022167411927014,0.0004008871878712321
BTC,validation,228,-0.018554578010137664,1.3888335265048482e-13,0.018554578010276546,0.00034427236513943796
BTC,validation,229,-0.018879712945087643,1.219714836939223e-13,0.018879712945209615,0.0003564435608935155
BTC,validation,230,-0.020283505511131974,1.0711897826902595e-13,0.020283505511239093,0.00041142059582446666
BTC,validation,231,-0.020834578796167146,9.40750670393937e-14,0.02083457879626122,0.0004340796736176176
BTC,validation,232,-0.020496454422602527,8.261951692854673e-14,0.020496454422685145,0.0004201046439012094
BTC,validation,233,-0.019801443799317316,7.255891271008136e-14,0.019801443799389876,0.00039209717654039574
BTC,validation,234,-0.0188172996742244,6.372339138974209e-14,0.018817299674288124,0.000354090767031964
BTC,validation,235,-0.017604754209858266,5.59637742428032e-14,0.01760475420991423,0.00030992737079149277
BTC,validation,236,-0.015387600765710491,4.914904808414841e-14,0.01538760076575964,0.00023677825732640664
BTC,validation,237,-0.013038412727332032,4.316415324487476e-14,0.013038412727375196,0.0001700002064493795
BTC,validation,238,-0.00973818600391322,3.790804090767193e-14,0.009738186003951127,9.483226664754962e-05
BTC,validation,239,-0.006477314555721447,3.3291967001075314e-14,0.006477314555754739,4.195560385419221e-05
BTC,validation,240,-0.003060465221129248,2.923799384674547e-14,0.0030604652211584857,9.366447369920658e-06
BTC,validation,241,-0.0010622768702475479,2.5677674261623368e-14,0.0010622768702732255,1.1284321491174791e-06
BTC,validation,242,0.0002438640868951121,2.2550895897374562e-14,0.00024386408687256122,5.9469692866188085e-08
BTC,validation,243,0.0008367851084028701,1.9804866304977977e-14,0.0008367851083830652,7.002093176116581e-07
BTC,validation,244,0.0020944754029129115,1.7393221588314672e-14,0.0020944754028955183,4.386827213334344e-06
BTC,validation,245,0.00347893120059787,1.5275243597285773e-14,0.003478931200582595,1.2102962298387056e-05
BTC,validation,246,0.005882752916037614,1.3415172443567366e-14,0.005882752916024198,3.46067818709912e-05
BTC,validation,247,0.007729472634809339,1.1781602731535303e-14,0.007729472634797558,5.9744747212084296e-05
BTC,validation,248,0.009943832190079405,1.0346953310337674e-14,0.009943832190069057,9.887979862425359e-05
BTC,validation,249,0.011217530171684005,9.087001594421989e-15,0.011217530171674919,0.00012583298315243713
BTC,validation,250,0.012867396909413773,7.980474589996287e-15,0.012867396909405793,0.00016556990322418575
BTC,validation,251,0.013506075914825185,7.008689722325013e-15,0.013506075914818177,0.00018241408661683167
BTC,validation,252,0.014183692756843672,6.15523939959655e-15,0.014183692756837517,0.00020117714022036505
BTC,validation,253,0.01470787106499198,5.405713987546497e-15,0.014707871064986574,0.0002163214712642693
BTC,validation,254,0.016250853230977105,4.747458517547053e-15,0.01625085323097236,0.00026409023073460474
BTC,validation,255,0.018365908210390573,4.169359020427863e-15,0.018365908210386403,0.00033730658439233866
BTC,validation,256,0.020925884696548137,3.661654878493817e-15,0.020925884696544477,0.00043789265033307434
BTC,validation,257,0.023350245333879784,3.215774027495876e-15,0.023350245333876567,0.0005452339571522245
BTC,validation,258,0.025520206342712168,2.8241882261090625e-15,0.025520206342709344,0.0006512809317744622
BTC,validation,259,0.02713416774935766,2.4802859492910312e-15,0.02713416774935518,0.0007362630594501468
BTC,validation,260,0.029341818904532507,2.1782607594558208e-15,0.029341818904530328,0.0008609423366262533
BTC,validation,261,0.0326404655949741,1.9130132707244158e-15,0.03264046559497218,0.0010653999942565628
BTC,validation,262,0.037599863747415016,1.6800650510189531e-15,0.03759986374741334,0.0014137497538240476
BTC,validation,263,0.042569312979039625,1.4754830083256318e-15,0.04256931297903815,0.0018121464075073056
BTC,validation,264,0.04679879017664163,1.2958129844658598e-15,0.046798790176640334,0.0021901267619972077
BTC,validation,265,0.04968435441920632,1.1380214351744963e-15,0.049684354419205184,0.0024685350740531937
BTC,validation,266,0.052201839557597114,9.994442118130676e-16,0.052201839557596115,0.0027250320531970068
BTC,validation,267,0.054780105095361326,8.777415799496618e-16,0.05478010509536045,0.0030008599142587362
BTC,validation,268,0.058099037944406996,7.708587153403085e-16,0.058099037944406226,0.0033754982100655546
BTC,validation,269,0.06168015363975089,6.7699101032696815e-16,0.06168015363975021,0.0038044413530231914
BTC,validation,270,0.06575011788328275,5.945536048862047e-16,0.06575011788328215,0.0043230780016654995
BTC,validation,271,0.06950281794144499,5.221546278915184e-16,0.06950281794144446,0.0048306417018015736
BTC,validation,272,0.07386380994434237,4.585716967954696e-16,0.07386380994434191,0.005455862419493863
BTC,validation,273,0.0783930183676122,4.027312789528029e-16,0.0783930183676118,0.006145465328784721
BTC,validation,274,0.08440435473420217,3.5369056612166104e-16,0.08440435473420183,0.007124095098096978
BTC,validation,275,0.09003000292425553,3.106215561124109e-16,0.09003000292425523,0.008105401426541405
BTC,validation,276,0.0948309065971842,2.727970728190326e-16,0.09483090659718392,0.00899290084604382
BTC,validation,277,0.09691252714843251,2.395784885956252e-16,0.09691252714843228,0.009392037918295624
BTC,validation,278,0.0980102098255785,2.1040494168293567e-16,0.09801020982557829,0.009606001230053883
BTC,validation,279,0.09899125242276614,1.8478386663220627e-16,0.09899125242276596,0.009799268056227769
BTC,validation,280,0.10117908688903579,1.6228267784224881e-16,0.10117908688903562,0.010237207623699021
BTC,validation,281,0.1036650098840456,1.4252146579479048e-16,0.10366500988404546,0.010746434274259243
BTC,validation,282,0.10606049579531755,1.2516658267150859e-16,0.10606049579531743,0.011248828768348545
BTC,validation,283,0.10828503083574081,1.0992500905246971e-16,0.1082850308357407,0.011725647903097314
BTC,validation,284,0.11089105866670596,9.653940658344818e-17,0.11089105866670586,0.012296826892222801
BTC,validation,285,0.11549135500191497,8.478377308148083e-17,0.11549135500191489,0.01333825308017833
BTC,validation,286,0.12189086140225777,7.445962671956673e-17,0.1218908614022577,0.014857382093384396
BTC,validation,287,0.12836367653077446,6.539265486438032e-17,0.1283636765307744,0.016477233452497284
BTC,validation,288,0.13148382989708612,5.74297709860564e-17,0.13148382989708607,0.017287997524405865
BTC,validation,289,0.12996753474048733,5.04365299489839e-17,0.12996753474048728,0.016891560086519767
BTC,validation,290,0.12569923916289538,4.429485804344195e-17,0.12569923916289533,0.015800298726130757
BTC,validation,291,0.12156573167736337,3.890105943198818e-17,0.12156573167736333,0.014778227118252697
BTC,validation,292,0.1187776363523992,3.4164065351488943e-17,0.11877763635239917,0.014108126897462776
BTC,validation,293,0.11693025009790299,3.0003896510361806e-17,0.11693025009790296,0.013672683387958136
BTC,validation,294,0.11389257118106633,2.6350312720182965e-17,0.1138925711810663,0.012971517770234253
BTC,validation,295,0.1105211128879759,2.3141626962072983e-17,0.11052111288797588,0.012214916393996708
BTC,validation,296,0.10742234199001138,2.0323663864586755e-17,0.10742234199001137,0.01153955955861896
BTC,validation,297,0.10639617686695448,1.78488450080741e-17,0.10639617686695446,0.011320146451904255
BTC,validation,298,0.10629543405756912,1.567538561181225e-17,0.10629543405756911,0.011298719301487023
BTC,validation,299,0.10519675174648117,1.3766589040795508e-17,0.10519675174648116,0.011066356578010786
BTC,validation,300,0.10163781737272486,1.2090227220652116e-17,0.10163781737272484,0.010330245920291367
BTC,test,1,0.898511561838888,0.8782296896365751,0.020281872202312923,0.00041135434003095365
BTC,test,2,0.7522791634434726,0.7712873877591551,0.019008224315682498,0.0003613125916353034
BTC,test,3,0.6082312370259695,0.6773674831723275,0.06913624614635805,0.0047798205312098085
BTC,test,4,0.5543606931449276,0.5948842345163412,0.04052354137141356,0.0016421574052806667
BTC,test,5,0.5196466245245167,0.5224449966489779,0.0027983721244612125,7.83088654696156e-06
BTC,test,6,0.491180050632558,0.4588267072592134,0.03235334337334461,0.0010467388274335418
BTC,test,7,0.46615276760361885,0.40295523671323064,0.06319753089038821,0.003993927910641572
BTC,test,8,0.44379435147780477,0.3538872524760932,0.08990709900171157,0.008083286450903565
BTC,test,9,0.4248120279486073,0.3107942919084196,0.11401773604018767,0.01300004413172991
BTC,test,10,0.41076793901122605,0.2729487745235505,0.13781916448767556,0.018994122100080973
BTC,test,11,0.39898260647505623,0.23971171753650128,0.15927088893855496,0.025367216063277506
BTC,test,12,0.38821397239438915,0.21052194729433188,0.17769202510005727,0.031574455784159385
BTC,test,13,0.37531577727634396,0.1848866244339885,0.19042915284235545,0.03626326225225717
BTC,test,14,0.3625136464970373,0.16237292279461574,0.20014072370242159,0.04005630928412906
BTC,test,15,0.349865285416768,0.14260072159129897,0.207264563825469,0.042958599417761915
BTC,test,16,0.33903937131260586,0.12523618746507814,0.21380318384752772,0.04571180142333974
BTC,test,17,0.3274844348724708,0.10998613804872351,0.2174982968237473,0.04730550912123088
BTC,test,18,0.3151328094665987,0.09659309188285595,0.21853971758374277,0.04775960816158205
BTC,test,19,0.30148822357843025,0.08483092110531777,0.2166573024731125,0.04694038671492576
BTC,test,20,0.28933308188679463,0.07450103351390801,0.2148320483728866,0.04615280900809029
BTC,test,21,0.27937523162325517,0.06542901954052352,0.21394621208273165,0.04577298166454919
BTC,test,22,0.27233236037235237,0.057461707524299376,0.21487065284805298,0.0461693974553485
BTC,test,23,0.2661209056150955,0.05046457756505309,0.2156563280500424,0.046507651828027505
BTC,test,24,0.25947782445284434,0.04431949029259745,0.21515833416024688,0.04629310875861246
BTC,test,25,0.25085554506515045,0.038922692204519056,0.2119328528606314,0.04491553412164604
BTC,test,26,0.24138001696881253,0.03418306389459472,0.20719695307421782,0.042930577363239616
BTC,test,27,0.23196958339269558,0.03002058159497713,0.20194900179771844,0.040783399327094884
BTC,test,28,0.2245404411205288,0.026364966056866244,0.19817547506366254,0.039273518916708335
BTC,test,29,0.21787656105276773,0.02315449595740048,0.19472206509536724,0.03791668263500444
BTC,test,30,0.2114092680146255,0.020334965798359157,0.19107430221626634,0.03650938896743308
BTC,test,31,0.20310335715584588,0.01785877070186333,0.18524458645398253,0.03431555681050701
BTC,test,32,0.19506863796297091,0.015684102650788196,0.1793845353121827,0.032178811509167723
BTC,test,33,0.1879347209491055,0.013774244603229902,0.1741604763458756,0.03033187152102229
BTC,test,34,0.18339798628875278,0.012096950562872865,0.17130103572587993,0.02934404484075919
BTC,test,35,0.17886147973860622,0.01062390113838083,0.1682375786002254,0.02830388285326702
BTC,test,36,0.17351588687808264,0.009330225399489852,0.1641856614785928,0.02695693143516307
BTC,test,37,0.1658961134669376,0.008194080956833263,0.15770203251010434,0.024869931057818005
BTC,test,38,0.15822645387418485,0.007196285175576647,0.1510301686986082,0.02281011185713005
BTC,test,39,0.1511582802074198,0.006319991296282966,0.14483828891113684,0.020978129934705946
BTC,test,40,0.146893627775544,0.005550403994640444,0.14134322378090355,0.01997790690877858
BTC,test,41,0.1437441431592085,0.004874529577570685,0.13886961358163782,0.019284769576313407
BTC,test,42,0.14149114574543223,0.004280956598034208,0.13721018914739802,0.01882663600586474
BTC,test,43,0.1373086334955023,0.0037596631844392307,0.13354897031106305,0.0178353274711452
BTC,test,44,0.13226084323023915,0.003301847831608123,0.12895899539863104,0.01663042249422414
BTC,test,45,0.12691176437850188,0.0028997807963804007,0.12401198358212148,0.015378972071972368
BTC,test,46,0.12402565129699651,0.0025466735888192596,0.12147897770817725,0.014757142025023826
BTC,test,47,0.12240337885067129,0.0022365643555144013,0.12016681449515688,0.014440063305913447
BTC,test,48,0.12141299126394922,0.0019642172197956395,0.11944877404415358,0.014268009620651258
BTC,test,49,0.11834496635550858,0.0017250338793199408,0.11661993247618864,0.013600208650750798
BTC,test,50,0.11524720738389249,0.0015149759684477287,0.11373223141544476,0.012935020462736282
BTC,test,51,0.1119870334631146,0.0013304968745767186,0.11065653658853788,0.012244869089770424
BTC,test,52,0.1103287688909795,0.0011684818572219448,0.10916028703375756,0.01191596826529234
BTC,test,53,0.10823421861016616,0.0010261954588139974,0.10720802315135217,0.011493560228020862
BTC,test,54,0.10556306940319272,0.0009012353193006798,0.10466183408389204,0.010954099513804145
BTC,test,55,0.10185271630108163,0.0007914916147589556,0.10106122468632267,0.010213371135099394
BTC,test,56,0.09865095025892748,0.0006951114351797093,0.09795583882374777,0.00959534635966405
BTC,test,57,0.09631788513179826,0.0006104674999807103,0.09570741763181755,0.00915990978975114
BTC,test,58,0.0953960114330423,0.0005361306830412752,0.09485988075000103,0.008998396975904415
BTC,test,59,0.09494177335093029,0.00047084588337198413,0.09447092746755831,0.008924756136580662
BTC,test,60,0.09467237374720457,0.00041351083402043666,0.09425886291318412,0.008884733237686437
BTC,test,61,0.0935375720169757,0.0003631574914231294,0.09317441452555257,0.008681471522179502
BTC,test,62,0.09146358716678145,0.0003189356909817321,0.09114465147579971,0.008307347492644999
BTC,test,63,0.08931467000479502,0.0002800987929049132,0.08903457121189011,0.007927154870885132
BTC,test,64,0.08794439941670884,0.00024599107596046127,0.08769840834074838,0.007691010825500645
BTC,test,65,0.08783436615718189,0.00021603666629412308,0.08761832949088777,0.007676971662773774
BTC,test,66,0.08747993713973878,0.00018972981438960805,0.08729020732534917,0.007619580294902443
BTC,test,67,0.08601902676946872,0.0001666263560061905,0.08585240041346254,0.007370634656753502
BTC,test,68,0.08364560265698587,0.00014633621292059015,0.08349926644406527,0.0069721274966970045
BTC,test,69,0.08177588981537076,0.00012851680685584165,0.08164737300851492,0.006666293519191571
BTC,test,70,0.08096054770671451,0.00011286727539808948,0.08084768043131642,0.0065363474311242635
BTC,test,71,0.07939039992355629,9.912339224298998e-05,0.07929127653131329,0.006287106533965194
BTC,test,72,0.07584276521749149,8.705310600528559e-05,0.0757557121114862,0.005738927917518377
BTC,test,73,0.06957454843869972,7.645262226892183e-05,0.0694980958164308,0.004829985322109796
BTC,test,74,0.06309915334581635,6.714296272713753e-05,0.06303201038308921,0.0039730343329338665
BTC,test,75,0.05723082073350219,5.896694331713412e-05,0.05717185379018506,0.0032686208658062976
BTC,test,76,0.053116422797135576,5.1786520328224214e-05,0.05306463627680735,0.002815855623189859
BTC,test,77,0.04910545031206441,4.5480459675214544e-05,0.049059969852389196,0.0024068806419173367
BTC,test,78,0.04510080403701971,3.9942289985092435e-05,0.045060861747034615,0.0020304812613853676
BTC,test,79,0.04081090476383493,3.507850493698181e-05,0.040775826258897946,0.0016626680070958313
BTC,test,80,0.03766069470123808,3.08069845037206e-05,0.03762988771673436,0.0014160084495740354
BTC,test,81,0.036429616744758586,2.7055608439341327e-05,0.03640256113631925,0.0013251464572834604
BTC,test,82,0.03722852960539575,2.3761038602611435e-05,0.03720476856679314,0.0013841948041086389
BTC,test,83,0.03704096931644879,2.086764955741412e-05,0.037020101666891375,0.0013704879274269736
BTC,test,84,0.034481492662219594,1.8326589394252615e-05,0.03446316607282534,0.0011877098157631394
BTC,test,85,0.02863735434829615,1.6094954915811425e-05,0.02862125939338034,0.0008191764892631622
BTC,test,86,0.024435390005913358,1.4135067260427736e-05,0.02442125493865293,0.0005963976927786802
BTC,test,87,0.02176879502285513,1.2413835733117565e-05,0.021756381187122014,0.0004733401223593567
BTC,test,88,0.02178364196651232,1.0902199103095264e-05,0.021772739767409226,0.00047405219697932313
BTC,test,89,0.021073803123573452,9.574634934667502e-06,0.021064228488638783,0.0004437017218215817
BTC,test,90,0.020240355674377562,8.40872866705655e-06,0.020231946945710507,0.0004093316772140447
BTC,test,91,0.018102930549164686,7.384795167507246e-06,0.01809554575399718,0.0003274487761350053
BTC,test,92,0.014957056936790397,6.4855463679895676e-06,0.014950571390422407,0.000223519584900117
BTC,test,93,0.011535388578070134,5.695799373883095e-06,0.011529692778696251,0.00013293381557112047
BTC,test,94,0.008672136773374204,5.002220116357549e-06,0.008667134553257846,7.511922136427608e-05
BTC,test,95,0.006414014889775923,4.393098220282523e-06,0.00640962179155564,4.1083251510784936e-05
BTC,test,96,0.004277730985884844,3.858149286541711e-06,0.004273872836598302,1.8265989023412815e-05
BTC,test,97,0.002210491856602868,3.3883412504911005e-06,0.002207103515352377,4.871305927480819e-06
BTC,test,98,0.00018045647408322437,2.975741884801604e-06,0.00017748073219842276,3.1499410301688256e-08
BTC,test,99,-0.001861233149777526,2.6133848719278696e-06,0.0018638465346494538,3.4739239047247775e-06
BTC,test,100,-0.003684006065609517,2.2951521849741335e-06,0.003686301217794491,1.3588816668313147e-05
BTC,test,101,-0.004391112226387655,2.0156707910785403e-06,0.004393127897178733,1.929957272097004e-05
BTC,test,102,-0.005320757150310625,1.7702219332584165e-06,0.005322527372243883,2.8329297628285372e-05
BTC,test,103,-0.007599880956301941,1.554661459033397e-06,0.0076014356177609745,5.7781823450965165e-05
BTC,test,104,-0.01151256641214837,1.3653498506568453e-06,0.011513931761999026,0.00013257062461997
BTC,test,105,-0.015229874388380417,1.1990907755877055e-06,0.015231073479156004,0.00023198559932744939
BTC,test,106,-0.016957589870680884,1.0530771196904706e-06,0.016958642947800574,0.0002875955706309861
BTC,test,107,-0.01743373633973422,9.248435919891405e-07,0.017434661183326212,0.00030396741057738176
BTC,test,108,-0.017024294806156266,8.122251007549982e-07,0.01702510703125702,0.0002898542694257572
BTC,test,109,-0.0179060370313512,7.13320198151098e-07,0.01790675035154935,0.0003206517081527128
BTC,test,110,-0.01915590262593542,6.264589762337391e-07,0.019156529084911653,0.0003669726065810661
BTC,test,111,-0.021170922780076328,5.501748722678032e-07,0.021171472954948596,0.0004482312670821198
BTC,test,112,-0.022095729739501278,4.831799073175952e-07,0.022096212919408595,0.0004882426253798393
BTC,test,113,-0.023168246821347774,4.243429400421607e-07,0.023168671164287818,0.0005367873235189018
BTC,test,114,-0.024846612355400532,3.726705685326986e-07,0.024846985025969066,0.000617372664880731
BTC,test,115,-0.026959035866687343,3.272903577391579e-07,0.026959363157045082,0.0007268072618334398
BTC,test,116,-0.028272821680014444,2.8743610929830426e-07,0.028273109116123744,0.0007993686990922396
BTC,test,117,-0.0269763759061037,2.5243492505939444e-07,0.02697662834102876,0.0007277384766499961
BTC,test,118,-0.024734321386353925,2.216958458883441e-07,0.024734543082199814,0.0006117976214851987
BTC,test,119,-0.022687840350400945,1.946998739282384e-07,0.022688035050274873,0.0005147469344425012
BTC,test,120,-0.022513926113656383,1.7099120985227713e-07,0.022514097104866234,0.0005068845684473461
BTC,test,121,-0.023532000911728707,1.501695571591478e-07,0.023532151081285868,0.0005537621345124636
BTC,test,122,-0.023829357921469993,1.3188336357674032e-07,0.02382948980483357,0.0005678445843586671
BTC,test,123,-0.023536201853688515,1.1582388546222823e-07,0.023536317677573977,0.0005539582498196813
BTC,test,124,-0.02190395331771507,1.0171997498199493e-07,0.02190405503769005,0.0004797876270941549
BTC,test,125,-0.021200965093115393,8.933350205827759e-08,0.02120105442661745,0.0004494847088003954
BTC,test,126,-0.02081244105124652,7.845533378678948e-08,0.020812519506580304,0.00043316096821178563
BTC,test,127,-0.021968403209860758,6.890180344190603e-08,0.0219684721116642,0.00048261376692096777
BTC,test,128,-0.02319457123980273,6.051160945218543e-08,0.023194631751412183,0.0005379909420836182
BTC,test,129,-0.024316347208550547,5.3143091988602455e-08,0.024316400351642536,0.0005912873260613613
BTC,test,130,-0.02454938816379825,4.6671841183478296e-08,0.024549434835639435,0.000602674750749307
BTC,test,131,-0.024380352747698737,4.0988596597333664e-08,0.024380393736295334,0.0005944035987367887
BTC,test,132,-0.024062564091353694,3.5997402468315124e-08,0.024062600088756162,0.0005790087230314081
BTC,test,133,-0.02397795084859678,3.161398759747127e-08,0.02397798246258438,0.000574943642976004
BTC,test,134,-0.024547278702043134,2.776434251590173e-08,0.02454730646638565,0.0006025702547546587
BTC,test,135,-0.025258782296936948,2.4383469910703945e-08,0.025258806680406858,0.0006380073149181661
BTC,test,136,-0.025178691018644117,2.1414287211940294e-08,0.02517871243293133,0.0006339675597802506
BTC,test,137,-0.023822159568675325,1.8806662811930802e-08,0.023822178375338135,0.0005674961825464279
BTC,test,138,-0.022600378762951727,1.6516569644421707e-08,0.02260039527952137,0.0005107778667906119
BTC,test,139,-0.02349501658722205,1.4505341832681355e-08,0.023495031092563883,0.0005520164860405436
BTC,test,140,-0.02600927135015047,1.2739021855788175e-08,0.026009284089172326,0.0006764828588312728
BTC,test,141,-0.028495598135448916,1.1187787210682396e-08,0.028495609323236127,0.0008119997507025017
BTC,test,142,-0.02831732152833083,9.825446889757645e-09,0.02831733135377772,0.0008018712549996427
BTC,test,143,-0.026729783422035518,8.628999172532509e-09,0.02672979205103469,0.0007144817830915573
BTC,test,144,-0.02444021364060015,7.578243265167489e-09,0.024440221218843417,0.000597324413226004
BTC,test,145,-0.023573278206332704,6.655438230758509e-09,0.023573284861770936,0.0005556997591741988
BTC,test,146,-0.023312217454085456,5.845003451794442e-09,0.02331222329908891,0.0005434597551465839
BTC,test,147,-0.02378216057016154,5.133255567394143e-09,0.023782165703417107,0.0005655914055447889
BTC,test,148,-0.024270717801236436,4.5081774437777796e-09,0.024270722309413878,0.0005890679614206806
BTC,test,149,-0.02528458902567825,3.959215277275568e-09,0.02528459298489353,0.000639310642411727
BTC,test,150,-0.026765405619174423,3.4771004041661084e-09,0.026765409096274825,0.0007163871240909511
BTC,test,151,-0.029242747411918804,3.0536928087860115e-09,0.029242750465611613,0.0008551384547940283
BTC,test,152,-0.031892665830281976,2.68184368770558e-09,0.03189266851212566,0.0010171423048243315
BTC,test,153,-0.03427120413906866,2.3552747495074794e-09,0.034271206494343405,0.0011745155945779256
BTC,test,154,-0.034965582700917104,2.068472212268816e-09,0.03496558476938932,0.0012225921182653502
BTC,test,155,-0.03422543082267341,1.8165937090027221e-09,0.03422543263926712,0.001171380239345011
BTC,test,156,-0.033085244084316325,1.5953865292532156e-09,0.033085245679702856,0.0010946334816862966
BTC,test,157,-0.033524424470083754,1.4011158164364242e-09,0.03352442587119957,0.0011238871299935548
BTC,test,158,-0.035158647928193267,1.2305015086138574e-09,0.03515864915869477,0.0012361306106641887
BTC,test,159,-0.03688569266190066,1.0806629580072853e-09,0.03688569374256361,0.0013605544028701963
BTC,test,160,-0.036912816639291614,9.490702942124815e-10,0.03691281758836191,0.0013625561023116802
BTC,test,161,-0.036217102353272496,8.335017099295206e-10,0.03621710318677421,0.0013116785632414504
BTC,test,162,-0.036083976170691805,7.320059480229576e-10,0.036083976902697754,0.001302053389114425
BTC,test,163,-0.03803441603875911,6.428693565443289e-10,0.03803441668162846,0.0014466168523117376
BTC,test,164,-0.04112878597988905,5.645869554747907e-10,0.041128786544476006,0.0016915770826210707
BTC,test,165,-0.04377353696187774,4.958370266794844e-10,0.04377353745771476,0.0019161225815619574
BTC,test,166,-0.044265790039793286,4.3545879805104573e-10,0.04426579047525209,0.0019594602063989185
BTC,test,167,-0.043882799950503024,3.8243284506188593e-10,0.043882800332935866,0.0019257001650603161
BTC,test,168,-0.04352503391329343,3.358638788255325e-10,0.04352503424915731,0.001894428606390317
BTC,test,169,-0.04510957022214844,2.9496563006108366e-10,0.04510957051711407,0.0020348733522384866
BTC,test,170,-0.04797874705642368,2.590475737420023e-10,0.047978747315471255,0.00230196019396184
BTC,test,171,-0.05082749193313653,2.2750327028854653e-10,0.0508274921606398,0.0025834339593399005
BTC,test,172,-0.050928741962736175,1.9980012645681606e-10,0.0509287421625363,0.002593736778258103
BTC,test,173,-0.04834638139707624,1.7547040304751803e-10,0.04834638157254664,0.0023373726111582775
BTC,test,174,-0.046067742786641525,1.541033176088265e-10,0.046067742940744845,0.0021222369396545464
BTC,test,175,-0.04718328837271354,1.3533810879556625e-10,0.047183288508051646,0.0022262627144340385
BTC,test,176,-0.050482649623535596,1.1885794528353119e-10,0.05048264974239354,0.0025484979250131865
BTC,test,177,-0.05388902892286391,1.0438457639719663e-10,0.053889029027248486,0.00290402744949963
BTC,test,178,-0.05475006751561201,9.167363413215536e-11,0.054750067607285645,0.002997569903002349
BTC,test,179,-0.05498823242428817,8.051050725173973e-11,0.05498823250479868,0.003023705714001798
BTC,test,180,-0.054447100194493385,7.070671779617861e-11,0.0544471002652001,0.002964486727288753
BTC,test,181,-0.05530961679137138,6.209673882535885e-11,0.055309616853468115,0.003059153716477444
BTC,test,182,-0.056250299821236485,5.4535199666038366e-11,0.05625029987577169,0.0031640962361142405
BTC,test,183,-0.057552022936015336,4.7894431476973526e-11,0.05755202298390977,0.0033122353495404783
BTC,test,184,-0.05721463474287101,4.206231169134268e-11,0.05721463478493332,0.0032735144335733018
BTC,test,185,-0.056640326750950404,3.694037094208476e-11,0.05664032678789078,0.0032081266186390575
BTC,test,186,-0.05632620242669697,3.244213050752706e-11,0.0563262024591391,0.003172641083467928
BTC,test,187,-0.058540219887484195,2.8491642206774753e-11,0.058540219915975834,0.0034269573478108136
BTC,test,188,-0.06118089841943654,2.5022206092492136e-11,0.061180898444458745,0.0037431023344711746
BTC,test,189,-0.06279522441261229,2.1975244290631788e-11,0.06279522443458753,0.003943240211790219
BTC,test,190,-0.061488455135030214,1.9299311973049474e-11,0.061488455154329526,0.003780830117265993
BTC,test,191,-0.05952813822924003,1.6949228764290675e-11,0.05952813824618926,0.0035435992430574203
BTC,test,192,-0.058692538784199416,1.4885315917242312e-11,0.05869253879908473,0.0034448141106820664
BTC,test,193,-0.05961505075905317,1.3072726378142087e-11,0.059615050772125894,0.003553954278563148
BTC,test,194,-0.06025407209081752,1.1480856429779595e-11,0.06025407210229838,0.0036305532049089716
BTC,test,195,-0.05952481608845973,1.008282897908741e-11,0.05952481609854256,0.0035432037315653113
BTC,test,196,-0.0574980165196791,8.855039764962602e-12,0.05749801652853414,0.003306021904715585
BTC,test,197,-0.05598373734080143,7.776758824502637e-12,0.055983737348578186,0.003134178847514588
BTC,test,198,-0.055817523714583275,6.829780488821447e-12,0.055817523721413055,0.003115595954390509
BTC,test,199,-0.057196131230174384,5.998115998983596e-12,0.0571961312361725,0.003271397428385468
BTC,test,200,-0.05826936779408625,5.267723552191539e-12,0.058269367799353974,0.00339531922373639
BTC,test,201,-0.0584823995288544,4.626271220332452e-12,0.058482399533480674,0.0034201910551936603
BTC,test,202,-0.057221826506066144,4.062928738007189e-12,0.057221826510129074,0.0032743374291553107
BTC,test,203,-0.055895823462610635,3.5681846445955756e-12,0.05589582346617882,0.003124343080962227
BTC,test,204,-0.05480591731706133,3.1336856929891654e-12,0.05480591732019502,0.0030036885733080525
BTC,test,205,-0.05497635328428785,2.7520958135724505e-12,0.054976353287039946,0.003022399420741428
BTC,test,206,-0.05590017497365943,2.4169722522038507e-12,0.0559001749760764,0.0031248295623559578
BTC,test,207,-0.057400586263734385,2.122656790913202e-12,0.05740058626585704,0.0032948273036640958
BTC,test,208,-0.05789425451407291,1.8641802146886698e-12,0.05789425451593709,0.0033517447059561024
BTC,test,209,-0.05788356342176186,1.6371784113726744e-12,0.05788356342339904,0.003350506914590659
BTC,test,210,-0.056846016205031505,1.4378186880995249e-12,0.05684601620646933,0.0032314695585461736
BTC,test,211,-0.05672749975655199,1.2627350602033133e-12,0.05672749975781472,0.003218009228772869
BTC,test,212,-0.05600403653537143,1.108971420015578e-12,0.0560040365364804,0.003136452108379432
BTC,test,213,-0.05541957671255514,9.73931626016113e-13,0.05541957671352907,0.0030713294831067332
BTC,test,214,-0.05268070918649978,8.553356696433759e-13,0.05268070918735512,0.0027752571204826817
BTC,test,215,-0.049861182986281394,7.51181179685994e-13,0.04986118298703258,0.002486137568866347
BTC,test,216,-0.04672054288333608,6.59709614296467e-13,0.04672054288399579,0.0021828091273752895
BTC,test,217,-0.04531789994247033,5.793765698138508e-13,0.04531789994304971,0.002053712055248265
BTC,test,218,-0.0437166891980929,5.088257050903217e-13,0.04371668919860173,0.001911148914487141
BTC,test,219,-0.042187214236616234,4.468658410605847e-13,0.0421872142370631,0.0017797610450838595
BTC,test,220,-0.03987162195848062,3.9245084890382443e-13,0.03987162195887307,0.001589746237631289
BTC,test,221,-0.03857533117146868,3.4466198723041617e-13,0.03857533117181334,0.0014880561750150738
BTC,test,222,-0.03792374169153218,3.026923900748936e-13,0.03792374169183488,0.0014382101839090148
BTC,test,223,-0.03852935765514959,2.658334437908269e-13,0.038529357655415424,0.0014845114013389191
BTC,test,224,-0.038510611327610876,2.3346282283543985e-13,0.03851061132784434,0.0014830671848442929
BTC,test,225,-0.03844317092199969,2.0503398244044706e-13,0.03844317092220473,0.0014778773905538471
BTC,test,226,-0.037188036839961726,1.8006693076362482e-13,0.03718803684014179,0.001382950084023743
BTC,test,227,-0.037045394802096614,1.5814012471834888e-13,0.03704539480225475,0.0013723612760549234
BTC,test,228,-0.036885673224201956,1.3888335265048482e-13,0.03688567322434084,0.0013605528892128547
BTC,test,229,-0.038396183848740474,1.219714836939223e-13,0.038396183848862446,0.0014742669341556453
BTC,test,230,-0.03929044182028574,1.0711897826902595e-13,0.03929044182039285,0.0015437388184416758
BTC,test,231,-0.04024616205903165,9.40750670393937e-14,0.04024616205912573,0.0016197535604894112
BTC,test,232,-0.0391848825222656,8.261951692854673e-14,0.039184882522348224,0.0015354550182902313
BTC,test,233,-0.038060429415698434,7.255891271008136e-14,0.038060429415770994,0.0014485962873128859
BTC,test,234,-0.036489452779061314,6.372339138974209e-14,0.03648945277912504,0.0013314801641199961
BTC,test,235,-0.036420225322309256,5.59637742428032e-14,0.03642022532236522,0.0013264328125318526
BTC,test,236,-0.035991097489925995,4.914904808414841e-14,0.03599109748997514,0.001295359098532895
BTC,test,237,-0.03559947243505652,4.316415324487476e-14,0.035599472435099686,0.0012673224376574224
BTC,test,238,-0.033282213550252154,3.790804090767193e-14,0.03328221355029006,0.0011077057388071115
BTC,test,239,-0.03047190909954099,3.3291967001075314e-14,0.03047190909957428,0.0009285372441727179
BTC,test,240,-0.027747614603601957,2.923799384674547e-14,0.027747614603631194,0.0007699301161916471
BTC,test,241,-0.02691048454137122,2.5677674261623368e-14,0.026910484541396898,0.0007241741782527615
BTC,test,242,-0.02644601159396775,2.2550895897374562e-14,0.0264460115939903,0.0006993915292294693
BTC,test,243,-0.024801825790462792,1.9804866304977977e-14,0.024801825790482596,0.0006151305625414476
BTC,test,244,-0.02087210057298058,1.7393221588314672e-14,0.020872100572997973,0.0004356445823293423
BTC,test,245,-0.01728324526345315,1.5275243597285773e-14,0.017283245263468427,0.0002987105668372038
BTC,test,246,-0.015638227336819712,1.3415172443567366e-14,0.01563822733683313,0.000244554154238475
BTC,test,247,-0.016444760084315856,1.1781602731535303e-14,0.016444760084327638,0.00027043013423109553
BTC,test,248,-0.01688476739043167,1.0346953310337674e-14,0.016884767390442017,0.0002850953698293341
BTC,test,249,-0.01607576097831007,9.087001594421989e-15,0.016075760978319156,0.0002584300910320489
BTC,test,250,-0.01326510813293015,7.980474589996287e-15,0.01326510813293813,0.00017596309377854134
BTC,test,251,-0.01039249949971312,7.008689722325013e-15,0.010392499499720128,0.0001080040458516831
BTC,test,252,-0.008072598884630166,6.15523939959655e-15,0.008072598884636321,6.516685275223157e-05
BTC,test,253,-0.00699927798375981,5.405713987546497e-15,0.006999277983765215,4.898989229402045e-05
BTC,test,254,-0.005256532429396636,4.747458517547053e-15,0.005256532429401383,2.7631133181348403e-05
BTC,test,255,-0.001988430052909195,4.169359020427863e-15,0.0019884300529133645,3.953854075329045e-06
BTC,test,256,0.0032699611225725845,3.661654878493817e-15,0.003269961122568923,1.0692645743112211e-05
BTC,test,257,0.008865124896952776,3.215774027495876e-15,0.00886512489694956,7.859043943851495e-05
BTC,test,258,0.013659337464231638,2.8241882261090625e-15,0.013659337464228814,0.00018657749996168484
BTC,test,259,0.017163832067356197,2.4802859492910312e-15,0.017163832067353717,0.0002945971312363198
BTC,test,260,0.01973564822103638,2.1782607594558208e-15,0.019735648221034203,0.0003894958107044105
BTC,test,261,0.022675561008681316,1.9130132707244158e-15,0.022675561008679405,0.0005141810670583418
BTC,test,262,0.025651790952669104,1.6800650510189531e-15,0.025651790952667425,0.0006580143790793503
BTC,test,263,0.0281833603139143,1.4754830083256318e-15,0.028183360313912824,0.0007943017985838364
BTC,test,264,0.029807176222924302,1.2958129844658598e-15,0.029807176222923008,0.0008884677543843867
BTC,test,265,0.031542951667084936,1.1380214351744963e-15,0.0315429516670838,0.0009949577998719845
BTC,test,266,0.03482784821298804,9.994442118130676e-16,0.03482784821298704,0.0012129790111468646
BTC,test,267,0.039609974195781494,8.777415799496618e-16,0.03960997419578062,0.0015689500557904065
BTC,test,268,0.04575524030624807,7.708587153403085e-16,0.0457552403062473,0.0020935420154824377
BTC,test,269,0.05195753727407482,6.7699101032696815e-16,0.05195753727407414,0.002699585679586804
BTC,test,270,0.05798088129574279,5.945536048862047e-16,0.05798088129574219,0.003361782595830947
BTC,test,271,0.06276444567859482,5.221546278915184e-16,0.0627644456785943,0.003939375641341214
BTC,test,272,0.0674119962210017,4.585716967954696e-16,0.06741199622100125,0.004544377234500286
BTC,test,273,0.0715869175238108,4.027312789528029e-16,0.0715869175238104,0.005124686760560832
BTC,test,274,0.07604203801184686,3.5369056612166104e-16,0.07604203801184652,0.00578239154499511
BTC,test,275,0.07870557956396176,3.106215561124109e-16,0.07870557956396146,0.006194568254499068
BTC,test,276,0.08038547698171077,2.727970728190326e-16,0.08038547698171049,0.006461824909577107
BTC,test,277,0.08008547021352096,2.395784885956252e-16,0.08008547021352072,0.006413682539320714
BTC,test,278,0.08071559502158987,2.1040494168293567e-16,0.08071559502158966,0.00651500727968927
BTC,test,279,0.08149249746501235,1.8478386663220627e-16,0.08149249746501216,0.006641027143085014
BTC,test,280,0.08434999854618987,1.6228267784224881e-16,0.0843499985461897,0.007114922254742205
BTC,test,281,0.08721536720635065,1.4252146579479048e-16,0.08721536720635051,0.00760652027693856
BTC,test,282,0.09114024909973231,1.2516658267150859e-16,0.09114024909973219,0.008306545005961233
BTC,test,283,0.09457575219255163,1.0992500905246971e-16,0.09457575219255152,0.008944572902786913
BTC,test,284,0.09880045435965351,9.653940658344818e-17,0.09880045435965341,0.009761529781673958
BTC,test,285,0.10360349519816875,8.478377308148083e-17,0.10360349519816867,0.010733684217276957
BTC,test,286,0.11089894259347226,7.445962671956673e-17,0.11089894259347219,0.01229857546835024
BTC,test,287,0.1186426143788459,6.539265486438032e-17,0.11864261437884584,0.014076069946647517
BTC,test,288,0.12447274822767875,5.74297709860564e-17,0.12447274822767869,0.015493465051351088
BTC,test,289,0.12452496652097209,5.04365299489839e-17,0.12452496652097203,0.015506467287049205
BTC,test,290,0.12134347323186193,4.429485804344195e-17,0.12134347323186188,0.014724238495971582
BTC,test,291,0.11682644769199255,3.890105943198818e-17,0.1168264476919925,0.01364841888032986
BTC,test,292,0.11414263985781907,3.4164065351488943e-17,0.11414263985781904,0.01302854223371178
BTC,test,293,0.11110564956117865,3.0003896510361806e-17,0.11110564956117862,0.01234446536441143
BTC,test,294,0.1084496903008684,2.6350312720182965e-17,0.10844969030086837,0.011761335326354264
BTC,test,295,0.1054507538793684,2.3141626962072983e-17,0.10545075387936838,0.011119861493727125
BTC,test,296,0.10333666884300056,2.0323663864586755e-17,0.10333666884300055,0.01067846712756796
BTC,test,297,0.10136020155210494,1.78488450080741e-17,0.10136020155210493,0.010273890458683333
BTC,test,298,0.09983773251083317,1.567538561181225e-17,0.09983773251083315,0.009967572832904672
BTC,test,299,0.09783986460662698,1.3766589040795508e-17,0.09783986460662697,0.009572639106243097
BTC,test,300,0.09462339878336512,1.2090227220652116e-17,0.0946233987833651,0.008953587597315741
BTC,recent,1,0.9074810648716471,0.8782296896365751,0.02925137523507204,0.000855642953142986
BTC,recent,2,0.7760428672021035,0.7712873877591551,0.004755479442948407,2.261458473230489e-05
BTC,recent,3,0.6486041698985155,0.6773674831723275,0.028763313273811986,0.0008273281904874487
BTC,recent,4,0.6052037377742021,0.5948842345163412,0.010319503257860907,0.00010649214748900187
BTC,recent,5,0.5750063438518832,0.5224449966489779,0.052561347202905284,0.002762695219784359
BTC,recent,6,0.5494288685863751,0.4588267072592134,0.0906021613271617,0.008208751637153035
BTC,recent,7,0.5262913574364846,0.40295523671323064,0.12333612072325395,0.015211798675061073
BTC,recent,8,0.5059902369563087,0.3538872524760932,0.15210298448021553,0.023135317887788685
BTC,recent,9,0.4857358109326501,0.3107942919084196,0.1749415190242305,0.0306045350785052
BTC,recent,10,0.4663366727169793,0.2729487745235505,0.19338789819342883,0.037398879167672
BTC,recent,11,0.44949626920215036,0.23971171753650128,0.20978455166564908,0.044009558117557385
BTC,recent,12,0.43618351441888986,0.21052194729433188,0.22566156712455798,0.05092314287711139
BTC,recent,13,0.4217998411232075,0.1848866244339885,0.236913216689219,0.056127872242032834
BTC,recent,14,0.4059399310210345,0.16237292279461574,0.24356700822641875,0.059324887496368335
BTC,recent,15,0.3879083881417919,0.14260072159129897,0.24530766655049294,0.06017585126844783
BTC,recent,16,0.37164000212169046,0.12523618746507814,0.24640381465661232,0.06071483987733015
BTC,recent,17,0.357338315136169,0.10998613804872351,0.24735217708744547,0.06118309950989899
BTC,recent,18,0.3458385882017683,0.09659309188285595,0.24924549631891238,0.062123317435260964
BTC,recent,19,0.33369081737093675,0.08483092110531777,0.248859896265619,0.06193124796933465
BTC,recent,20,0.32268861591257547,0.07450103351390801,0.24818758239866745,0.06159707605689534
BTC,recent,21,0.3141024028853133,0.06542901954052352,0.2486733833447898,0.061838451584144784
BTC,recent,22,0.30892076809591457,0.057461707524299376,0.2514590605716152,0.06323165914355924
BTC,recent,23,0.30455557627722524,0.05046457756505309,0.25409099871217217,0.06456223562654907
BTC,recent,24,0.2964295371923731,0.04431949029259745,0.2521100468997756,0.06355947574780706
BTC,recent,25,0.28821026870665817,0.038922692204519056,0.24928757650213912,0.062144295798309865
BTC,recent,26,0.2784257092197951,0.03418306389459472,0.24424264532520037,0.05965446979545162
BTC,recent,27,0.27109888731343457,0.03002058159497713,0.24107830571845743,0.058118749488082024
BTC,recent,28,0.2627756314856521,0.026364966056866244,0.23641066542878583,0.05589000272848131
BTC,recent,29,0.25688700220957295,0.02315449595740048,0.23373250625217246,0.05463088447892184
BTC,recent,30,0.2523432157574294,0.020334965798359157,0.23200824995907024,0.053827828049070416
BTC,recent,31,0.24789846628877268,0.01785877070186333,0.23003969558690934,0.052918261545717916
BTC,recent,32,0.24223724366282853,0.015684102650788196,0.22655314101204033,0.051326325702421426
BTC,recent,33,0.2364749226660713,0.013774244603229902,0.2227006780628414,0.04959559200964933
BTC,recent,34,0.23272215262354748,0.012096950562872865,0.22062520206067462,0.048675479784313504
BTC,recent,35,0.23050869191755594,0.01062390113838083,0.2198847907791751,0.04834932121600161
BTC,recent,36,0.2251414835359158,0.009330225399489852,0.21581125813642593,0.04657449913842707
BTC,recent,37,0.2177940692752845,0.008194080956833263,0.20959998831845122,0.04393215510309489
BTC,recent,38,0.20845711183144405,0.007196285175576647,0.20126082665586742,0.040505920346203116
BTC,recent,39,0.20141388485368322,0.006319991296282966,0.19509389355740026,0.03806162730338622
BTC,recent,40,0.19744561729538065,0.005550403994640444,0.19189521330074022,0.03682377288773658
BTC,recent,41,0.19353548691967626,0.004874529577570685,0.18866095734210558,0.03559295682523978
BTC,recent,42,0.18852745696553808,0.004280956598034208,0.18424650036750387,0.0339467728976726
BTC,recent,43,0.17730294037881136,0.0037596631844392307,0.17354327719437213,0.03011726905936268
BTC,recent,44,0.16445484379623113,0.003301847831608123,0.161152995964623,0.0259702881083738
BTC,recent,45,0.15242218421652404,0.0028997807963804007,0.14952240342014364,0.02235694912453618
BTC,recent,46,0.14504272760807516,0.0025466735888192596,0.14249605401925589,0.02030512541105869
BTC,recent,47,0.1418308334571962,0.0022365643555144013,0.1395942691016818,0.019486559966032754
BTC,recent,48,0.13825732711301708,0.0019642172197956395,0.13629310989322144,0.018575811804365735
BTC,recent,49,0.13538410189003086,0.0017250338793199408,0.13365906801071092,0.01786474646149185
BTC,recent,50,0.133327009375817,0.0015149759684477287,0.13181203340736927,0.017374412150985435
BTC,recent,51,0.133871167099006,0.0013304968745767186,0.13254067022442928,0.017567029263540913
BTC,recent,52,0.1339997995278808,0.0011684818572219448,0.13283131767065887,0.01764415895412349
BTC,recent,53,0.12949145054497532,0.0010261954588139974,0.12846525508616133,0.0165033217643525
BTC,recent,54,0.12260111841971871,0.0009012353193006798,0.12169988310041803,0.014810861546655413
BTC,recent,55,0.11483291849431151,0.0007914916147589556,0.11404142687955256,0.013005447044724332
BTC,recent,56,0.11024161584167788,0.0006951114351797093,0.10954650440649817,0.012000436627682923
BTC,recent,57,0.10714454225499628,0.0006104674999807103,0.10653407475501557,0.011349509083907246
BTC,recent,58,0.10410715457168053,0.0005361306830412752,0.10357102388863926,0.010726956989341084
BTC,recent,59,0.10035628140161873,0.00047084588337198413,0.09988543551824675,0.009977100228669829
BTC,recent,60,0.09377030635868724,0.00041351083402043666,0.0933567955246668,0.008715491270634448
BTC,recent,61,0.08671096927714939,0.0003631574914231294,0.08634781178572626,0.007455944600183207
BTC,recent,62,0.08102168251631152,0.0003189356909817321,0.08070274682532978,0.006512933345153276
BTC,recent,63,0.0782025018736597,0.0002800987929049132,0.07792240308075478,0.006071900901879622
BTC,recent,64,0.07630623542759885,0.00024599107596046127,0.07606024435163838,0.005785160770830939
BTC,recent,65,0.07218030838275011,0.00021603666629412308,0.07196427171645599,0.005178856403679907
BTC,recent,66,0.06856116681504261,0.00018972981438960805,0.068371437000653,0.0046746533975342616
BTC,recent,67,0.06662084503021247,0.0001666263560061905,0.06645421867420628,0.004416163179599227
BTC,recent,68,0.06823125057197678,0.00014633621292059015,0.06808491435905618,0.004635555563280015
BTC,recent,69,0.06883485453531328,0.00012851680685584165,0.06870633772845744,0.004720560844056854
BTC,recent,70,0.06925107580977485,0.00011286727539808948,0.06913820853437676,0.0047800918793429676
BTC,recent,71,0.06667764558023,9.912339224298998e-05,0.066578522187987,0.0044326996167362775
BTC,recent,72,0.06525854151366042,8.705310600528559e-05,0.06517148840765513,0.0042473229012691275
BTC,recent,73,0.06039101630324348,7.645262226892183e-05,0.060314563680974556,0.003637846592026335
BTC,recent,74,0.05570543360319872,6.714296272713753e-05,0.05563829064047158,0.0030956193853935872
BTC,recent,75,0.04954703018965803,5.896694331713412e-05,0.0494880632463409,0.0024490684038738367
BTC,recent,76,0.04766852032995279,5.1786520328224214e-05,0.04761673380962457,0.002267353338696644
BTC,recent,77,0.04823475273028676,4.5480459675214544e-05,0.048189272270611545,0.0023222059619711307
BTC,recent,78,0.04887202570289932,3.9942289985092435e-05,0.04883208341291423,0.002384572370445813
BTC,recent,79,0.04556389892239977,3.507850493698181e-05,0.04552882041746279,0.002072873488605577
BTC,recent,80,0.0390228589278516,3.08069845037206e-05,0.03899205194334788,0.001520380114752739
BTC,recent,81,0.0320901730187877,2.7055608439341327e-05,0.03206311741034836,0.0010280434980697842
BTC,recent,82,0.02742711760945657,2.3761038602611435e-05,0.027403356570853958,0.0007509439513493647
BTC,recent,83,0.02438920964023357,2.086764955741412e-05,0.024368341990676154,0.0005938160913745507
BTC,recent,84,0.02381915590322736,1.8326589394252615e-05,0.023800829313833108,0.0005664794760262174
BTC,recent,85,0.02353504944991857,1.6094954915811425e-05,0.02351895449500276,0.0005531412205380105
BTC,recent,86,0.022955906010066123,1.4135067260427736e-05,0.022941770942805695,0.0005263248539921637
BTC,recent,87,0.01961685350645856,1.2413835733117565e-05,0.019604439670725442,0.00038433405480311345
BTC,recent,88,0.015823934018009963,1.0902199103095264e-05,0.015813031818906868,0.00025005197530576106
BTC,recent,89,0.012812585978110374,9.574634934667502e-06,0.012803011343175706,0.0001639170994534858
BTC,recent,90,0.010308647800599728,8.40872866705655e-06,0.01030023907193267,0.00010609492493896841
BTC,recent,91,0.006717063426624665,7.384795167507246e-06,0.0067096786314571576,4.5019787337432796e-05
BTC,recent,92,0.0018573408299500352,6.4855463679895676e-06,0.0018508552835820456,3.4256652807635747e-06
BTC,recent,93,-0.0012030062336492889,5.695799373883095e-06,0.001208702033023172,1.460960604634349e-06
BTC,recent,94,-0.002120073614005819,5.002220116357549e-06,0.0021250758341221764,4.515947300770064e-06
BTC,recent,95,-0.0018065021994763321,4.393098220282523e-06,0.0018108952976966146,3.2793417792197103e-06
BTC,recent,96,-0.003012046057327445,3.858149286541711e-06,0.0030159042066139866,9.09567818347194e-06
BTC,recent,97,-0.005514670422905259,3.3883412504911005e-06,0.00551805876415575,3.0448972524676083e-05
BTC,recent,98,-0.010055035785690126,2.975741884801604e-06,0.010058011527574929,0.00010116359588883015
BTC,recent,99,-0.014845668318474347,2.6133848719278696e-06,0.014848281703346275,0.00022047146954192777
BTC,recent,100,-0.019120800292139053,2.2951521849741335e-06,0.01912309544432403,0.00036569277937272644
BTC,recent,101,-0.019713943489352202,2.0156707910785403e-06,0.019715959160143282,0.0003887190456044378
BTC,recent,102,-0.018550252117630818,1.7702219332584165e-06,0.018552022339564076,0.00034417753288768454
BTC,recent,103,-0.018338458110325733,1.554661459033397e-06,0.018340012771784767,0.0003363560684692284
BTC,recent,104,-0.020231649741673855,1.3653498506568453e-06,0.020233015091524514,0.00040937489969385875
BTC,recent,105,-0.022770605551752067,1.1990907755877055e-06,0.022771804642527656,0.0005185550866774441
BTC,recent,106,-0.023239952069169005,1.0530771196904706e-06,0.023241005146288695,0.0005401443202098176
BTC,recent,107,-0.023137124560178426,9.248435919891405e-07,0.023138049403770417,0.0005353693302113206
BTC,recent,108,-0.023425903788350383,8.122251007549982e-07,0.023426716013451136,0.0005488110231748879
BTC,recent,109,-0.024825140930012507,7.13320198151098e-07,0.02482585425021066,0.0006163230392527027
BTC,recent,110,-0.025324059194482627,6.264589762337391e-07,0.02532468565345886,0.000641339703446505
BTC,recent,111,-0.025154794080253926,5.501748722678032e-07,0.025155344255126194,0.0006327913445939104
BTC,recent,112,-0.024847486476641693,4.831799073175952e-07,0.02484796965654901,0.0006174215960527803
BTC,recent,113,-0.026412846338073108,4.243429400421607e-07,0.02641327068101315,0.0006976608680684689
BTC,recent,114,-0.028801499548990847,3.726705685326986e-07,0.02880187221955938,0.0008295478433518263
BTC,recent,115,-0.03272225235241976,3.272903577391579e-07,0.0327225796427775,0.0010707672184779163
BTC,recent,116,-0.037535283938252235,2.8743610929830426e-07,0.03753557137436153,0.001408919118399789
BTC,recent,117,-0.04225186971186043,2.5243492505939444e-07,0.04225212214678549,0.0017852418259068808
BTC,recent,118,-0.04558737303837844,2.216958458883441e-07,0.04558759473422433,0.002078228793651878
BTC,recent,119,-0.046120815711295865,1.946998739282384e-07,0.0461210104111698,0.0021271476013472327
BTC,recent,120,-0.0473391423632034,1.7099120985227713e-07,0.04733931335441325,0.0022410105888673285
BTC,recent,121,-0.04887997582990898,1.501695571591478e-07,0.04888012599946614,0.0023892667177236857
BTC,recent,122,-0.05152146679771625,1.3188336357674032e-07,0.051521598681079826,0.0026544751306542464
BTC,recent,123,-0.05176061112608117,1.1582388546222823e-07,0.05176072694996663,0.0026791728543890023
BTC,recent,124,-0.050632278002258786,1.0171997498199493e-07,0.05063237972223377,0.0025636378763364697
BTC,recent,125,-0.05193802886766526,8.933350205827759e-08,0.051938118201167324,0.0026975681222784283
BTC,recent,126,-0.05586835535859914,7.845533378678948e-08,0.05586843381393292,0.0031212818968218035
BTC,recent,127,-0.062107726767522305,6.890180344190603e-08,0.06210779566932575,0.003857378282902718
BTC,recent,128,-0.06594825698681414,6.051160945218543e-08,0.06594831749842359,0.004349180580872883
BTC,recent,129,-0.06875234923212394,5.3143091988602455e-08,0.06875240237521592,0.0047268928323635955
BTC,recent,130,-0.07069696533357872,4.6671841183478296e-08,0.0706970120054199,0.004998067506494486
BTC,recent,131,-0.07309943521624648,4.0988596597333664e-08,0.07309947620484308,0.0053435334214224205
BTC,recent,132,-0.07667182104590703,3.5997402468315124e-08,0.07667185704330949,0.005878573662469687
BTC,recent,133,-0.08255594097212068,3.161398759747127e-08,0.08255597258610828,0.0068154886096382615
BTC,recent,134,-0.08849665155445827,2.776434251590173e-08,0.08849667931880079,0.007831662250454664
BTC,recent,135,-0.09316238214864289,2.4383469910703945e-08,0.0931624065321128,0.008679233990854653
BTC,recent,136,-0.09253613071831213,2.1414287211940294e-08,0.09253615213259934,0.00856293945150757
BTC,recent,137,-0.09249395395268445,1.8806662811930802e-08,0.09249397275934726,0.008555134996806872
BTC,recent,138,-0.09387683982916216,1.6516569644421707e-08,0.0938768563457318,0.008812864157357164
BTC,recent,139,-0.10119729517934843,1.4505341832681355e-08,0.10119730968469026,0.010240895487419105
BTC,recent,140,-0.1061614244260032,1.2739021855788175e-08,0.10616143716502505,0.01127025074094356
BTC,recent,141,-0.10873024342138034,1.1187787210682396e-08,0.10873025460916755,0.0118222682673744
BTC,recent,142,-0.10467982253130427,9.825446889757645e-09,0.10467983235675116,0.010957867302237526
BTC,recent,143,-0.10241033051910022,8.628999172532509e-09,0.10241033914809938,0.010487877564428738
BTC,recent,144,-0.10036698270488711,7.578243265167489e-09,0.10036699028313038,0.01007353273849399
BTC,recent,145,-0.1028063517463836,6.655438230758509e-09,0.10280635840182183,0.010569147327843842
BTC,recent,146,-0.1045095565995018,5.845003451794442e-09,0.10450956244450525,0.010922248642341943
BTC,recent,147,-0.1060143209199419,5.133255567394143e-09,0.10601432605319747,0.011239037328513663
BTC,recent,148,-0.10482438140883021,4.5081774437777796e-09,0.10482438591700766,0.010988151882877753
BTC,recent,149,-0.10354097874409349,3.959215277275568e-09,0.10354098270330876,0.010720735099166885
BTC,recent,150,-0.10368013414666287,3.4771004041661084e-09,0.10368013762376327,0.010749570937682492
BTC,recent,151,-0.1060127576477291,3.0536928087860115e-09,0.10601276070142192,0.011238705431536947
BTC,recent,152,-0.10756635956070433,2.68184368770558e-09,0.10756636224254802,0.01157052228609506
BTC,recent,153,-0.10748321516959967,2.3552747495074794e-09,0.10748321752487443,0.011552642049499474
BTC,recent,154,-0.10379034845373837,2.068472212268816e-09,0.10379035052221058,0.010772436861523339
BTC,recent,155,-0.10048929861798903,1.8165937090027221e-09,0.10048930043458273,0.01009809950183183
BTC,recent,156,-0.09782254965653128,1.5953865292532156e-09,0.09782255125191781,0.009569251533434088
BTC,recent,157,-0.09945882851305639,1.4011158164364242e-09,0.09945882991417221,0.009892058847896236
BTC,recent,158,-0.10208709516812678,1.2305015086138574e-09,0.10208709639862829,0.010421775251102824
BTC,recent,159,-0.10349524369705611,1.0806629580072853e-09,0.10349524477771907,0.010711265691599987
BTC,recent,160,-0.1030692913769105,9.490702942124815e-10,0.10306929232598079,0.010623279020578483
BTC,recent,161,-0.10242053400799779,8.335017099295206e-10,0.1024205348414995,0.010489965957218813
BTC,recent,162,-0.1041197577707369,7.320059480229576e-10,0.10411975850274284,0.01084092411066949
BTC,recent,163,-0.10456024621695685,6.428693565443289e-10,0.1045602468598262,0.010932845223387796
BTC,recent,164,-0.10290566403085806,5.645869554747907e-10,0.10290566459544502,0.010589575805830228
BTC,recent,165,-0.09819327774559163,4.958370266794844e-10,0.09819327824142865,0.009641919891798625
BTC,recent,166,-0.09320105805396775,4.3545879805104573e-10,0.09320105848942654,0.008686437303549508
BTC,recent,167,-0.09036706802342769,3.8243284506188593e-10,0.09036706840586053,0.008166207052269477
BTC,recent,168,-0.09072286853984719,3.358638788255325e-10,0.09072286887571107,0.008230638937039465
BTC,recent,169,-0.09449844035366,2.9496563006108366e-10,0.09449844064862563,0.00892995528502182
BTC,recent,170,-0.09777012757952462,2.590475737420023e-10,0.0977701278385722,0.00955899789757075
BTC,recent,171,-0.09848241090907751,2.2750327028854653e-10,0.09848241113658078,0.00969878530327453
BTC,recent,172,-0.09531180522350251,1.9980012645681606e-10,0.09531180542330263,0.0090843402530495
BTC,recent,173,-0.09085075501919522,1.7547040304751803e-10,0.09085075519466562,0.008253859719441063
BTC,recent,174,-0.08731071010957975,1.541033176088265e-10,0.08731071026368306,0.007623160126748811
BTC,recent,175,-0.08573031924379149,1.3533810879556625e-10,0.0857303193791296,0.007349687660847565
BTC,recent,176,-0.0855064993621545,1.1885794528353119e-10,0.08550649948101245,0.0073113614534963825
BTC,recent,177,-0.08571770733794497,1.0438457639719663e-10,0.08571770744232954,0.007347525369168797
BTC,recent,178,-0.08509067010838062,9.167363413215536e-11,0.08509067020005426,0.0072404221550944016
BTC,recent,179,-0.08414491248198314,8.051050725173973e-11,0.08414491256249364,0.0070803663101497
BTC,recent,180,-0.08284463743032017,7.070671779617861e-11,0.08284463750102689,0.00686323396267655
BTC,recent,181,-0.08213863313035168,6.209673882535885e-11,0.08213863319244842,0.0067467550627235895
BTC,recent,182,-0.08095393604283448,5.4535199666038366e-11,0.08095393609736967,0.006553539769657012
BTC,recent,183,-0.07912243625471263,4.7894431476973526e-11,0.07912243630260707,0.006260359926460113
BTC,recent,184,-0.07649812879648805,4.206231169134268e-11,0.07649812883855037,0.005851963715799451
BTC,recent,185,-0.07392167615100238,3.694037094208476e-11,0.07392167618794275,0.0054644142104350625
BTC,recent,186,-0.07320447057725102,3.244213050752706e-11,0.07320447060969315,0.005358894517245428
BTC,recent,187,-0.07443221275484854,2.8491642206774753e-11,0.07443221278334018,0.005540154299824429
BTC,recent,188,-0.07634280717375541,2.5022206092492136e-11,0.07634280719877762,0.005828224210989732
BTC,recent,189,-0.07561272903527014,2.1975244290631788e-11,0.07561272905724538,0.005717284795484399
BTC,recent,190,-0.07278970939754954,1.9299311973049474e-11,0.07278970941684886,0.005298341796989295
BTC,recent,191,-0.07012183838085666,1.6949228764290675e-11,0.07012183839780589,0.004917072220288005
BTC,recent,192,-0.0717854001382645,1.4885315917242312e-11,0.07178540015314981,0.005153143675147841
BTC,recent,193,-0.07640181253549252,1.3072726378142087e-11,0.07640181254856525,0.005837236960706102
BTC,recent,194,-0.0814727545026904,1.1480856429779595e-11,0.08147275451417126,0.006637809728126413
BTC,recent,195,-0.08256614449508162,1.008282897908741e-11,0.08256614450516445,0.006817168218447697
BTC,recent,196,-0.0811104935394308,8.855039764962602e-12,0.08111049354828584,0.006578912163646518
BTC,recent,197,-0.07936904176050882,7.776758824502637e-12,0.07936904176828559,0.006299444791215862
BTC,recent,198,-0.08009982759821407,6.829780488821447e-12,0.08009982760504386,0.006415982382357747
BTC,recent,199,-0.08253408218491429,5.998115998983596e-12,0.0825340821909124,0.006811874723096284
BTC,recent,200,-0.08442526563831308,5.267723552191539e-12,0.0844252656435808,0.0071276254789891845
BTC,recent,201,-0.08307367314292498,4.626271220332452e-12,0.08307367314755125,0.006901235170226177
BTC,recent,202,-0.08027414315281457,4.062928738007189e-12,0.0802741431568775,0.006443938059570864
BTC,recent,203,-0.07776718910273224,3.5681846445955756e-12,0.07776718910630043,0.0060477357014950914
BTC,recent,204,-0.07975800922136315,3.1336856929891654e-12,0.07975800922449684,0.006361340035454924
BTC,recent,205,-0.08321984529238884,2.7520958135724505e-12,0.08321984529514093,0.006925542650947189
BTC,recent,206,-0.08663896335607045,2.4169722522038507e-12,0.08663896335848742,0.007506309971833326
BTC,recent,207,-0.08698324621986787,2.122656790913202e-12,0.08698324622199054,0.007566085123315431
BTC,recent,208,-0.08370652217206008,1.8641802146886698e-12,0.08370652217392426,0.007006781854453673
BTC,recent,209,-0.07971948328142425,1.6371784113726744e-12,0.07971948328306143,0.006355196014918311
BTC,recent,210,-0.07579412967369954,1.4378186880995249e-12,0.07579412967513736,0.005744750093211538
BTC,recent,211,-0.07750991903393263,1.2627350602033133e-12,0.07750991903519537,0.006007787548842541
BTC,recent,212,-0.08070732767128126,1.108971420015578e-12,0.08070732767239024,0.006513672740018567
BTC,recent,213,-0.08592951453925794,9.73931626016113e-13,0.08592951454023187,0.007383881469119921
BTC,recent,214,-0.08727862425705177,8.553356696433759e-13,0.0872786242579071,0.007617558252352929
BTC,recent,215,-0.0866542166522937,7.51181179685994e-13,0.08665421665304487,0.0075089532637528395
BTC,recent,216,-0.0820042528962237,6.59709614296467e-13,0.08200425289688341,0.006724697493176012
BTC,recent,217,-0.0778998209765759,5.793765698138508e-13,0.07789982097715527,0.00606838210827284
BTC,recent,218,-0.07528202519729021,5.088257050903217e-13,0.07528202519779904,0.00566738331788205
BTC,recent,219,-0.07709258489271101,4.468658410605847e-13,0.07709258489315787,0.005943266645508753
BTC,recent,220,-0.0806298421101141,3.9245084890382443e-13,0.08062984211050656,0.006501171438765216
BTC,recent,221,-0.08501137361443525,3.4466198723041617e-13,0.08501137361477992,0.0072269336438717
BTC,recent,222,-0.08734792864853705,3.026923900748936e-13,0.08734792864883974,0.0076296606392427975
BTC,recent,223,-0.0879970206663505,2.658334437908269e-13,0.08799702066661633,0.007743475646200901
BTC,recent,224,-0.0877180466971179,2.3346282283543985e-13,0.08771804669735137,0.007694455716398715
BTC,recent,225,-0.08906601378723802,2.0503398244044706e-13,0.08906601378744305,0.007932754811984997
BTC,recent,226,-0.09022191220049135,1.8006693076362482e-13,0.09022191220067141,0.008139993441145662
BTC,recent,227,-0.09201047398563943,1.5814012471834888e-13,0.09201047398579756,0.00846592732309113
BTC,recent,228,-0.09167825312446921,1.3888335265048482e-13,0.0916782531246081,0.008404902095979716
BTC,recent,229,-0.09248192609054226,1.219714836939223e-13,0.09248192609066423,0.008552906653439081
BTC,recent,230,-0.09159726124943503,1.0711897826902595e-13,0.09159726124954215,0.008390058268416876
BTC,recent,231,-0.09081173203124741,9.40750670393937e-14,0.09081173203134149,0.008246770674532174
BTC,recent,232,-0.08887565960695483,8.261951692854673e-14,0.08887565960703744,0.007898882870585986
BTC,recent,233,-0.08693335561138223,7.255891271008136e-14,0.08693335561145478,0.0075574083178676565
BTC,recent,234,-0.08599784223773609,6.372339138974209e-14,0.08599784223779981,0.0073956288695575054
BTC,recent,235,-0.0853670717662685,5.59637742428032e-14,0.08536707176632446,0.007287536941956792
BTC,recent,236,-0.08424956890673242,4.914904808414841e-14,0.08424956890678158,0.0070979898609785375
BTC,recent,237,-0.07986285220636252,4.316415324487476e-14,0.07986285220640568,0.006378075162542197
BTC,recent,238,-0.07306450723729026,3.790804090767193e-14,0.07306450723732817,0.005338422217833581
BTC,recent,239,-0.06472343777749,3.3291967001075314e-14,0.06472343777752329,0.004189123397740929
BTC,recent,240,-0.058714076198248956,2.923799384674547e-14,0.058714076198278196,0.0034473427438172183
BTC,recent,241,-0.05384471783242107,2.5677674261623368e-14,0.05384471783244675,0.002899253638455809
BTC,recent,242,-0.05120587229838991,2.2550895897374562e-14,0.05120587229841246,0.0026220413578413246
BTC,recent,243,-0.04724856269361397,1.9804866304977977e-14,0.047248562693633776,0.0022324266766142417
BTC,recent,244,-0.04254520668817893,1.7393221588314672e-14,0.04254520668819633,0.0018100946121413456
BTC,recent,245,-0.03700583268314138,1.5275243597285773e-14,0.03700583268315665,0.001369431652573785
BTC,recent,246,-0.032451061902332615,1.3415172443567366e-14,0.03245106190234603,0.0010530714185898937
BTC,recent,247,-0.029564417105032412,1.1781602731535303e-14,0.029564417105044195,0.0008740547587610298
BTC,recent,248,-0.027762343222976132,1.0346953310337674e-14,0.02776234322298648,0.0007707477012309032
BTC,recent,249,-0.026428108253114767,9.087001594421989e-15,0.026428108253123854,0.0006984449058388332
BTC,recent,250,-0.02465490227747209,7.980474589996287e-15,0.02465490227748007,0.0006078642063120919
BTC,recent,251,-0.021058614196522735,7.008689722325013e-15,0.021058614196529744,0.0004434652318782841
BTC,recent,252,-0.014320700819095606,6.15523939959655e-15,0.01432070081910176,0.00020508247195022184
BTC,recent,253,-0.005930128548528178,5.405713987546497e-15,0.005930128548533584,3.516642460213303e-05
BTC,recent,254,0.0016783827182185887,4.747458517547053e-15,0.0016783827182138412,2.8169685487988822e-06
BTC,recent,255,0.006952145119851443,4.169359020427863e-15,0.0069521451198472735,4.833232176741626e-05
BTC,recent,256,0.009683972708836251,3.661654878493817e-15,0.009683972708832589,9.377932742541439e-05
BTC,recent,257,0.011194181176592627,3.215774027495876e-15,0.01119418117658941,0.00012530969221430868
BTC,recent,258,0.011877422885576175,2.8241882261090625e-15,0.011877422885573351,0.0001410731744027416
BTC,recent,259,0.015397192031989264,2.4802859492910312e-15,0.015397192031986784,0.00023707352246987728
BTC,recent,260,0.022835183975569814,2.1782607594558208e-15,0.022835183975567636,0.0005214456271980209
BTC,recent,261,0.031934244380912455,1.9130132707244158e-15,0.03193424438091054,0.0010197959641797163
BTC,recent,262,0.03863150099432607,1.6800650510189531e-15,0.03863150099432439,0.0014923928690744866
BTC,recent,263,0.041768613165001384,1.4754830083256318e-15,0.041768613164999906,0.0017446170457274034
BTC,recent,264,0.04329813900505965,1.2958129844658598e-15,0.043298139005058356,0.0018747288413013558
BTC,recent,265,0.044045803554171974,1.1380214351744963e-15,0.044045803554170836,0.0019400328107326082
BTC,recent,266,0.04395849863710612,9.994442118130676e-16,0.043958498637105124,0.0019323496024283731
BTC,recent,267,0.04582644981286489,8.777415799496618e-16,0.04582644981286402,0.0021000635024509447
BTC,recent,268,0.05272739816331551,7.708587153403085e-16,0.05272739816331474,0.0027801785170727266
BTC,recent,269,0.06358958230904618,6.7699101032696815e-16,0.0635895823090455,0.004043634978238873
BTC,recent,270,0.07279350498121015,5.945536048862047e-16,0.07279350498120955,0.00529889436744938
BTC,recent,271,0.07780477441373146,5.221546278915184e-16,0.07780477441373093,0.00605358292157156
BTC,recent,272,0.08275571676250718,4.585716967954696e-16,0.08275571676250672,0.006848508656876235
BTC,recent,273,0.09292325265264972,4.027312789528029e-16,0.09292325265264932,0.0086347308835481
BTC,recent,274,0.10673167059677946,3.5369056612166104e-16,0.10673167059677911,0.011391649508379363
BTC,recent,275,0.1179505636471009,3.106215561124109e-16,0.11795056364710059,0.013912335464668727
BTC,recent,276,0.12251797198519065,2.727970728190326e-16,0.12251797198519038,0.015010653459363895
BTC,recent,277,0.12077875314897879,2.395784885956252e-16,0.12077875314897855,0.014587507212221898
BTC,recent,278,0.11837488360445005,2.1040494168293567e-16,0.11837488360444984,0.014012613068367047
BTC,recent,279,0.11717145497715829,1.8478386663220627e-16,0.11717145497715811,0.013729149861464191
BTC,recent,280,0.12112912397485956,1.6228267784224881e-16,0.12112912397485939,0.014672264674916856
BTC,recent,281,0.1271355808194916,1.4252146579479048e-16,0.12713558081949147,0.01616345591030945
BTC,recent,282,0.13474466760109152,1.2516658267150859e-16,0.13474466760109138,0.018156125446928607
BTC,recent,283,0.14140937052285954,1.0992500905246971e-16,0.14140937052285943,0.019996610071671344
BTC,recent,284,0.1464624950314984,9.653940658344818e-17,0.14646249503149833,0.021451262450851674
BTC,recent,285,0.15126735596939941,8.478377308148083e-17,0.15126735596939933,0.022881812981972973
BTC,recent,286,0.15506052536207626,7.445962671956673e-17,0.15506052536207618,0.02404376652556307
BTC,recent,287,0.15911395453979324,6.539265486438032e-17,0.15911395453979318,0.02531725052929137
BTC,recent,288,0.15932269943258054,5.74297709860564e-17,0.15932269943258048,0.025383722554484383
BTC,recent,289,0.15760177138271936,5.04365299489839e-17,0.1576017713827193,0.02483831834297092
BTC,recent,290,0.15470370244478843,4.429485804344195e-17,0.15470370244478837,0.02393323555012562
BTC,recent,291,0.15568698909644807,3.890105943198818e-17,0.15568698909644804,0.024238438573917533
BTC,recent,292,0.1573137116509591,3.4164065351488943e-17,0.15731371165095906,0.02474760387340109
BTC,recent,293,0.15742621589933253,3.0003896510361806e-17,0.1574262158993325,0.024783013452383252
BTC,recent,294,0.1545757460490343,2.6350312720182965e-17,0.15457574604903426,0.023893661266615532
BTC,recent,295,0.15132904932109958,2.3141626962072983e-17,0.15132904932109956,0.022900481168427782
BTC,recent,296,0.15032720774395014,2.0323663864586755e-17,0.15032720774395011,0.022598269388092736
BTC,recent,297,0.1486876034884973,1.78488450080741e-17,0.14868760348849727,0.022108003431152587
BTC,recent,298,0.14656588983631794,1.567538561181225e-17,0.1465658898363179,0.02148156006351168
BTC,recent,299,0.14106830282661795,1.3766589040795508e-17,0.14106830282661795,0.019900266062382384
BTC,recent,300,0.13462754787554135,1.2090227220652116e-17,0.13462754787554135,0.018124576646981177
ETH,train,1,0.8746782273028885,0.874678262518782,3.521589353461252e-08,1.2401591574411638e-15
ETH,train,2,0.6946951580660283,0.7650620629228754,0.07036690485684705,0.004951501299132565
ETH,train,3,0.5139852999389054,0.6691831559164156,0.15519785597751024,0.02408637450001601
ETH,train,4,0.44507657402339995,0.5853199601238056,0.14024338610040565,0.019668207344907453
ETH,train,5,0.40125441938747547,0.5119666457386531,0.11071222635117767,0.012257197063634399
ETH,train,6,0.36886414798415096,0.44780609616225386,0.0789419481781029,0.006231831182154285
ETH,train,7,0.34202276667007975,0.3916862581365188,0.04966349146643906,0.0024664623846370652
ETH,train,8,0.3192052551164281,0.3425994557193334,0.023394200602905313,0.0005472886218489754
ETH,train,9,0.3003566264645781,0.29966429666846695,0.0006923297961111685,4.793205465833322e-07
ETH,train,10,0.2865109073732635,0.2621098463488875,0.024401061024376003,0.0005954117791153216
ETH,train,11,0.27516684581472317,0.22926178499350985,0.04590506082121332,0.002107274608999294
ETH,train,12,0.2644798249927114,0.20053029976007775,0.06394952523263364,0.004089541777479247
ETH,train,13,0.2517974138517704,0.17539949417651535,0.07639791967525505,0.005836642130706724
ETH,train,14,0.23876212387618087,0.15341812481298767,0.0853439990631932,0.007283598176098322
ETH,train,15,0.22669332923618712,0.13419149885031367,0.09250183038587345,0.008556588624736901
ETH,train,16,0.2172889641857272,0.1173743870591835,0.09991457712654371,0.009982922722376051
ETH,train,17,0.20918214786566314,0.10266482493713364,0.1065173229285295,0.011345940083860636
ETH,train,18,0.20110369907250328,0.08979869069780698,0.1113050083746963,0.012388804889291213
ETH,train,19,0.19217051871161764,0.07854496275601931,0.11362555595559833,0.012910766966218807
ETH,train,20,0.1842778539104197,0.06870157155303741,0.11557628235738229,0.013357877043553358
ETH,train,21,0.17825975308973763,0.060091771238320546,0.11816798185141708,0.013963671934836837
ETH,train,22,0.17501551531338486,0.05256096605841033,0.12245454925497452,0.014995116633238981
ETH,train,23,0.17149189480422933,0.04597393446827903,0.1255179603359503,0.015754758366897194
ETH,train,24,0.1667970530580039,0.040212401121866644,0.12658465193613727,0.016023674105793022
ETH,train,25,0.15907619508589477,0.03517291314498264,0.12390328194091213,0.015352023275729161
ETH,train,26,0.1509357068288923,0.03076498255737744,0.12017072427151484,0.014441002971940448
ETH,train,27,0.14328071829552358,0.026909461489707534,0.11637125680581605,0.013542269410565187
ETH,train,28,0.13745498923314953,0.02353712102113346,0.11391786821201606,0.01297728069797026
ETH,train,29,0.13253844474633833,0.020587408119459315,0.11195103662687901,0.012533034601832806
ETH,train,30,0.12762343030319528,0.01800735836369374,0.10961607193950154,0.012015683227445978
ETH,train,31,0.12265658902328848,0.015750644926108698,0.10690594409717978,0.011428880883309329
ETH,train,32,0.1178378546098285,0.013776746737519024,0.10406110787230947,0.010828714171612429
ETH,train,33,0.11474577293895691,0.012050220899534439,0.10269555203942247,0.010546376408681729
ETH,train,34,0.1133146574814606,0.010540066279372297,0.10277459120208832,0.010562616596756369
ETH,train,35,0.11235080045610939,0.009219166860074164,0.10313163359603522,0.01063613384818686
ETH,train,36,0.10957245664874947,0.008063804851040404,0.10150865179770907,0.010304006389788544
ETH,train,37,0.10444600290995319,0.007053234816398547,0.09739276809355464,0.009485351276924915
ETH,train,38,0.09864705273332047,0.006169311174344461,0.092477741558976,0.008552132683848758
ETH,train,39,0.09360643341706718,0.00539616237891332,0.08821027103815385,0.007781051916624563
ETH,train,40,0.09024465177233489,0.00471990593385712,0.08552474583847777,0.007314482150736221
ETH,train,41,0.08761251378736845,0.004128399121478235,0.08348411466589022,0.006969597401547506
ETH,train,42,0.0855845793752283,0.0036110209705586486,0.08197355840466965,0.006719664277523785
ETH,train,43,0.0829547143252197,0.003158481548447125,0.07979623277677257,0.0063674387653648735
ETH,train,44,0.08040850519544451,0.0027626551529933633,0.07764585004245116,0.006028878028814812
ETH,train,45,0.07788467489521064,0.002416434409158795,0.07546824048605184,0.005695455322060555
ETH,train,46,0.0772345073153226,0.0021136026504936143,0.07512090466482899,0.005643150317662326
ETH,train,47,0.07648807375096743,0.0018487222939888468,0.07463935145697859,0.005571032785918371
ETH,train,48,0.07516180733323635,0.0016170372039859015,0.07354477012925045,0.00540883321336429
ETH,train,49,0.07042455262356134,0.0014143872920106175,0.06901016533155073,0.004762402919087966
ETH,train,50,0.06463625698847343,0.0012371338191044922,0.06339912316936894,0.0040194488186448135
ETH,train,51,0.05862737580917043,0.0010820940593975422,0.057545281749772886,0.0033114594516607445
ETH,train,52,0.05523978326288685,0.000946484151755738,0.054293299111131114,0.0029477623283707508
ETH,train,53,0.05350598750206451,0.0008278691133592721,0.05267811838870524,0.002774984156974445
ETH,train,54,0.052817034087025136,0.0007241191176660527,0.05209291496935908,0.0027136717900048757
ETH,train,55,0.05125589715216486,0.0006333712516967765,0.050622525900468084,0.002562640128543562
ETH,train,56,0.04954703748514173,0.0005539960659634826,0.04899304141917824,0.002400318107501315
ETH,train,57,0.048405550170634117,0.0004845683164191795,0.047920981854214936,0.002296420501871997
ETH,train,58,0.0493662513552321,0.0004238413730771793,0.04894240998215492,0.0023953594948613374
ETH,train,59,0.05071740856096118,0.00037072483578672207,0.05034668372517446,0.002534788562122747
ETH,train,60,0.05062815889387205,0.00032426495523849084,0.05030389393863356,0.0025304817453892943
ETH,train,61,0.04743620739501938,0.0002836275076437338,0.047152579887375645,0.0022233657900353424
ETH,train,62,0.04282035678994384,0.00024808281558835364,0.04257227397435549,0.001812398511347586
ETH,train,63,0.03885603472036558,0.00021699264609958854,0.03863904207426599,0.0014929755724168972
ETH,train,64,0.036559631545032445,0.00018979875066974108,0.036369832794362705,0.0013227647374899009
ETH,train,65,0.0347438462257746,0.00016601284146404462,0.03457783338431056,0.0011956265615531416
ETH,train,66,0.03207789478127555,0.00014520782372757658,0.03193268695754797,0.0010196964963287544
ETH,train,67,0.02856182869733835,0.00012701012696217023,0.02843481857037618,0.0008085389071302101
ETH,train,68,0.025818470791593946,0.00011109299717356097,0.025707377794420384,0.0006608692730650582
ETH,train,69,0.02502580171954919,9.717062974577428e-05,0.024928631089803418,0.0006214366480115135
ETH,train,70,0.02653879600517304,8.499303759388972e-05,0.02645380296757915,0.0006998036914474994
ETH,train,71,0.02879669692529262,7.434156244881697e-05,0.028722355362843805,0.0008249736975894823
ETH,train,72,0.030120793049781183,6.502494867566276e-05,0.03005576810110552,0.0009033491961474321
ETH,train,73,0.02882463894405705,5.687590912800168e-05,0.028767763034929048,0.0008275841900338302
ETH,train,74,0.02555961576549066,4.974812137525664e-05,0.025509867644115405,0.0006507533472202861
ETH,train,75,0.021880487385920435,4.351360036808296e-05,0.02183697378555235,0.0004768534241109006
ETH,train,76,0.019743635729016485,3.806040036589144e-05,0.019705575328650592,0.0003883096990331229
ETH,train,77,0.01856735251511787,3.3290604862807134e-05,0.018534061910255063,0.00034351145089316754
ETH,train,78,0.01758235459853127,2.911856841959946e-05,0.01755323603011167,0.0003081160951288105
ETH,train,79,0.015232106935335043,2.5469378832289533e-05,0.015206637556502752,0.00023124182577484
ETH,train,80,0.012516607909120486,2.2277512024459653e-05,0.012494330397096026,0.00015610829207179773
ETH,train,81,0.010028029657772662,1.9485655510795642e-05,0.010008544002261865,0.00010017095304521196
ETH,train,82,0.00924636715161715,1.704367930622226e-05,0.009229323472310928,8.518041175654944e-05
ETH,train,83,0.008842154962784456,1.4907735802493809e-05,0.008827247226981963,7.792029360626075e-05
ETH,train,84,0.00851080422061216,1.3039472449814325e-05,0.008497764748162346,7.221200571511066e-05
ETH,train,85,0.007001158937269513,1.1405343106565119e-05,0.0069897535941629485,4.885665530711386e-05
ETH,train,86,0.005627697962248809,9.976005691880946e-06,0.005617721956556928,3.15587999811818e-05
ETH,train,87,0.0035220956951765767,8.725795325451905e-06,0.0035133698998511247,1.2343768053179903e-05
ETH,train,88,0.0016054850407184443,7.632263494360783e-06,0.0015978527772240836,2.5531334976827166e-06
ETH,train,89,-0.001045272286158635,6.675774972333017e-06,0.0010519480611309682,1.1065947233172032e-06
ETH,train,90,-0.0027697720669873846,5.839155253766613e-06,0.002775611222241151,7.704017657031017e-06
ETH,train,91,-0.004032044086676126,5.107382171941999e-06,0.004037151468848068,1.6298591982422113e-05
ETH,train,92,-0.003780461194184854,4.467316164173631e-06,0.0037849285103490277,1.432568382845291e-05
ETH,train,93,-0.002858654333149524,3.907464340601461e-06,0.0028625617974901256,8.194260044449898e-06
ETH,train,94,-0.0005926349143479364,3.4177741202913843e-06,0.0005960526884682278,3.5527880743020216e-07
ETH,train,95,0.0012835815556916646,2.989452729218127e-06,0.0012805921029624464,1.6399161341697808e-06
ETH,train,96,0.001871770159081148,2.614809319074542e-06,0.0018691553497620734,3.493741721544179e-06
ETH,train,97,-0.0010974386331720058,2.28711687202604e-06,0.0010997257500440318,1.2093967253099085e-06
ETH,train,98,-0.006120736543500166,2.000491411801128e-06,0.006122737034911967,3.7487908798682585e-05
ETH,train,99,-0.01144879594992289,1.7497863522579558e-06,0.011450545736275148,0.00013111499765852897
ETH,train,100,-0.014421396730903903,1.5305000863720663e-06,0.014422927230990274,0.00020802082991044077
ETH,train,101,-0.01568684570828767,1.3386951563327647e-06,0.015688184403444,0.00024611912987646363
ETH,train,102,-0.01649597090554938,1.170927553383452e-06,0.016497141833102764,0.0002721556886615092
ETH,train,103,-0.018327027226651683,1.024184877928806e-06,0.01832805141152961,0.00033591746854367253
ETH,train,104,-0.020384277870173495,8.958322495247789e-07,0.02038517370242302,0.000415555306877959
ETH,train,105,-0.022103790180027966,7.835649955226257e-07,0.02210457374502349,0.0004886121804491818
ETH,train,106,-0.022494972313261814,6.853672688542673e-07,0.02249565768053067,0.0005060546144796185
ETH,train,107,-0.022805399032311886,5.994758519086936e-07,0.022805998508163797,0.0005201135679543693
ETH,train,108,-0.02351539300220283,5.243484965694627e-07,0.0235159173506994,0.0005529983688449252
ETH,train,109,-0.02576350487213259,4.586362319337132e-07,0.025763963508364525,0.0006637818156603389
ETH,train,110,-0.028486687040522277,4.0115914247594134e-07,0.028487088199664754,0.0008115141940954789
ETH,train,111,-0.030938533677158687,3.5088518173438093e-07,0.03093888456234042,0.0009572145779618264
ETH,train,112,-0.031586415208406896,3.0691164110301536e-07,0.031586722120048,0.0009977210142891294
ETH,train,113,-0.03140752166433301,2.6844894098677344e-07,0.031407790113274,0.000986449279799472
ETH,train,114,-0.03132921827899685,2.3480645327731805e-07,0.031329453085450126,0.0009815346306334205
ETH,train,115,-0.03270505498380361,2.0538010058080212e-07,0.03270526036390419,0.0010696340554707626
ETH,train,116,-0.03423846830057899,1.796415095319487e-07,0.03423864794208852,0.0011722850129022827
ETH,train,117,-0.035158010088533934,1.571285234336561e-07,0.03515816721705737,0.0012360967220625676
ETH,train,118,-0.034373297946040264,1.3743690386909205e-07,0.034373435382944136,0.0011815330600254358
ETH,train,119,-0.033093807241105236,1.202130722821783e-07,0.03309392745417752,0.0010952080343423643
ETH,train,120,-0.032323963405553206,1.0514776119582045e-07,0.0323240685533144,0.0010448454078393688
ETH,train,121,-0.033911788749792234,9.197046107050005e-08,0.03391188072025331,0.001150015653984688
ETH,train,122,-0.03697759857596236,8.044456309219626e-08,0.036977679020525456,0.0013673487457450085
ETH,train,123,-0.04001223143444984,7.036311067456477e-08,0.04001230179756051,0.0016009842951390642
ETH,train,124,-0.040818113588885915,6.154508339024507e-08,0.040818175133969306,0.0016661234212673902
ETH,train,125,-0.04042574457468284,5.383214660635311e-08,0.04042579840682945,0.0016342451768296146
ETH,train,126,-0.03982572593864311,4.7085808461301284e-08,0.03982577302445157,0.001586092196995134
ETH,train,127,-0.04042514690653902,4.118493313422317e-08,0.04042518809147216,0.0016341958322309022
ETH,train,128,-0.04119671741392036,3.602356575579454e-08,0.04119675343748611,0.0016971724937890238
ETH,train,129,-0.04185362885527753,3.150902990500946e-08,0.04185366036430744,0.0017517288858907994
ETH,train,130,-0.041527036053393966,2.7560263530966015e-08,0.041527063613657496,0.0017244970123727564
ETH,train,131,-0.04090073015448789,2.4106363419825108e-08,0.04090075426085131,0.0016728716991065466
ETH,train,132,-0.04059800270824673,2.108531207169895e-08,0.040598023793558806,0.001648199535942367
ETH,train,133,-0.04201972818640996,1.8442864127539936e-08,0.04201974662927409,0.001765659106788391
ETH,train,134,-0.04435483298846384,1.6131572350946603e-08,0.04435484912003619,0.0019673526404611753
ETH,train,135,-0.046343605754389464,1.4109935675622e-08,0.04634361986432514,0.002147731102129072
ETH,train,136,-0.046409659269291824,1.2341654021004827e-08,0.04640967161094584,0.0021538576190358325
ETH,train,137,-0.04541398003130752,1.0794976495700442e-08,0.045413990826284015,0.0020624305627698087
ETH,train,138,-0.04451341215044406,9.442131285190352e-09,0.04451342159257535,0.0019814447018783534
ETH,train,139,-0.04449696531784824,8.258826987004532e-09,0.04449697357667523,0.0019799806574833335
ETH,train,140,-0.04443268062588154,7.22381643943635e-09,0.044432687849697984,0.0019742637495486987
ETH,train,141,-0.04302069750033198,6.318515212000801e-09,0.04302070381884719,0.0018507809570689733
ETH,train,142,-0.039835513112434905,5.526667907331354e-09,0.03983551863910281,0.0015868685452463077
ETH,train,143,-0.0364014243387871,4.834056282702902e-09,0.03640142917284338,0.001325064045825533
ETH,train,144,-0.03476971176823691,4.2282439502725766e-09,0.03476971599648086,0.0012089331504759372
ETH,train,145,-0.03631412950962279,3.6983530719299683e-09,0.036314133207975864,0.0013187162706466155
ETH,train,146,-0.039651623850674424,3.2348690391367046e-09,0.03965162708554346,0.0015722515305310039
ETH,train,147,-0.04307672237956166,2.8294696306278946e-09,0.04307672520903129,0.0018556042547343916
ETH,train,148,-0.044647142382421796,2.4748755803672667e-09,0.04464714485729738,0.0019933675439084957
ETH,train,149,-0.04536528317352953,2.164719872585803e-09,0.045365285338249406,0.0020580091138207865
ETH,train,150,-0.0461288127981547,1.8934334169932296e-09,0.04612881469158812,0.0021278675448508757
ETH,train,151,-0.047674766396293485,1.6561450513706385e-09,0.04767476805243854,0.0022728835088538144
ETH,train,152,-0.048781374747112166,1.4485940760119489e-09,0.048781376195706244,0.002379622663547016
ETH,train,153,-0.04880215949141159,1.267053749501132e-09,0.048802160758465336,0.002381650894695094
ETH,train,154,-0.04753923128712701,1.108264372131558e-09,0.04753923239539138,0.002259978616743029
ETH,train,155,-0.04632948352686701,9.693747554275e-10,0.04632948449624177,0.0021464211336875063
ETH,train,156,-0.045405251368167907,8.478910268068951e-10,0.045405252216058935,0.0020616369288039248
ETH,train,157,-0.04578496426129647,7.416318501327209e-10,0.04578496500292832,0.0020962630203193713
ETH,train,158,-0.04625512880078227,6.486892581026781e-10,0.04625512944947153,0.0021395370003873685
ETH,train,159,-0.04691999960234876,5.673943931918482e-10,0.04692000016974315,0.0022014864159286976
ETH,train,160,-0.047055738879218954,4.962875419999444e-10,0.04705573937550649,0.0022142426081755923
ETH,train,161,-0.04757073386862961,4.3409192494622844e-10,0.04757073430272153,0.002262974762100127
ETH,train,162,-0.048766270899009596,3.796907706854006e-10,0.04876627127870037,0.0023781492144277962
ETH,train,163,-0.05023193487235399,3.321072635975235e-10,0.05023193520446125,0.002523247314385194
ETH,train,164,-0.051309819989787196,2.90487004293349e-10,0.0513098202802742,0.0026326976571940373
ETH,train,165,-0.050771850283432444,2.5408266819959246e-10,0.050771850537515116,0.002577780807003774
ETH,train,166,-0.04836147072641319,2.222405867569557e-10,0.04836147094865378,0.0023388318723174834
ETH,train,167,-0.0453479506406888,1.9438901028572865e-10,0.04534795083507781,0.0020564366449406343
ETH,train,168,-0.043048870573419065,1.700278417694668e-10,0.043048870743446904,0.0018532052722859988
ETH,train,169,-0.0433368456564027,1.487196572187356e-10,0.043336845805122357,0.001878082204336951
ETH,train,170,-0.0445749284621515,1.3008185137847248e-10,0.044574928592233345,0.001986924259002702
ETH,train,171,-0.04659991196852722,1.1377976774894875e-10,0.04659991208230699,0.002171551806078741
ETH,train,172,-0.047492703984759986,9.952068956444104e-11,0.047492704084280676,0.0022555569412370502
ETH,train,173,-0.0479747562829406,8.704858383289637e-11,0.047974756369989185,0.002301577248759818
ETH,train,174,-0.04740948882640709,7.613950406167833e-11,0.04740948890254659,0.0022476596380006887
ETH,train,175,-0.04713471885275792,6.659756912171055e-11,0.04713471891935549,0.002221681727606648
ETH,train,176,-0.04677297430370941,5.825144604735226e-11,0.04677297436196085,0.0021877111306646472
ETH,train,177,-0.046961330895688116,5.0951273617904655e-11,0.04696133094663939,0.00220536660427979
ETH,train,178,-0.04638825951063388,4.45659714812279e-11,0.046388259555199846,0.0021518706245605896
ETH,train,179,-0.0460883257400748,3.8980886502662005e-11,0.04608832577905569,0.002124133773116369
ETH,train,180,-0.046107146648303544,3.409573407759024e-11,0.04610714668239928,0.0021258689751922828
ETH,train,181,-0.047919236834241145,2.982279744228906e-11,0.04791923686406394,0.002296253261634265
ETH,train,182,-0.05001143917693734,2.608535265027097e-11,0.050011439203022694,0.0025011440511576353
ETH,train,183,-0.05113951396293563,2.281629093332872e-11,0.05113951398575192,0.0026152498906989166
ETH,train,184,-0.050190503784819804,1.9956913710687002e-11,0.050190503804776715,0.002519086672177306
ETH,train,185,-0.04852310009287391,1.7455878609700967e-11,0.04852310011032979,0.0023544912443170867
ETH,train,186,-0.047362889196974775,1.5268277573072014e-11,0.047362889212243055,0.0022432432745312096
ETH,train,187,-0.046682785413957276,1.3354830499269114e-11,0.04668278542731211,0.0021792824552524636
ETH,train,188,-0.04557007949721836,1.1681179937333546e-11,0.04557007950889954,0.002076632146447426
ETH,train,189,-0.04339212196204077,1.0217274171756162e-11,0.043392121972258044,0.0018828762492553192
ETH,train,190,-0.0402225188077382,8.936827620229706e-12,0.04022251881667503,0.001617851019957777
ETH,train,191,-0.037023438467238316,7.816848855292381e-12,0.03702343847505517,0.0013707349965161953
ETH,train,192,-0.03513418068083831,6.83722777511907e-12,0.035134180687675536,0.0012344106525942326
ETH,train,193,-0.03547793575526337,5.980374510786306e-12,0.035477935761243744,0.0012586839258789378
ETH,train,194,-0.03709355992514357,5.230903586306177e-12,0.03709355993037448,0.0013759321883082829
ETH,train,195,-0.038591690779147404,4.575357660273552e-12,0.038591690783722765,0.0014893185975464727
ETH,train,196,-0.03932103272271211,4.001965888690071e-12,0.03932103272671408,0.0015461436146953194
ETH,train,197,-0.03944846821934402,3.500432570178864e-12,0.03944846822284445,0.0015561816451287686
ETH,train,198,-0.03967249976045031,3.0617522785482034e-12,0.03967249976351206,0.0015739072374858643
ETH,train,199,-0.04032190633846848,2.6780481632634643e-12,0.040321906341146525,0.0016258561309841924
ETH,train,200,-0.04124288694094064,2.3424305143849023e-12,0.04124288694328307,0.0017009757234164292
ETH,train,201,-0.04160692263289382,2.0488730523931632e-12,0.04160692263494269,0.0017311360111501065
ETH,train,202,-0.04038019581224782,1.7921047215888054e-12,0.040380195814039926,0.0016305602139802076
ETH,train,203,-0.03877657714398468,1.5675150441310018e-12,0.038776577145552195,0.0015036229351249608
ETH,train,204,-0.03730159964978537,1.3710713352725566e-12,0.03730159965115644,0.0013914093365351543
ETH,train,205,-0.0373724963609157,1.1992462933255063e-12,0.03737249636211495,0.001396703484336295
ETH,train,206,-0.03743076831996914,1.0489546641780435e-12,0.03743076832101809,0.0014010624171017314
ETH,train,207,-0.03780859008596072,9.174978431242234e-13,0.037808590086878216,0.0014294894843575857
ETH,train,208,-0.03707598683786578,8.025154192886258e-13,0.0370759868386683,0.001374628800061105
ETH,train,209,-0.0367402359056742,7.01942792587907e-13,0.036740235906376144,0.0013498449344561709
ETH,train,210,-0.03579289248529334,6.139741022083723e-13,0.035792892485907314,0.0012811311525077202
ETH,train,211,-0.035561769757724404,5.370298009511481e-13,0.03556176975826143,0.0012646394683395975
ETH,train,212,-0.03414353351679313,4.697282932167576e-13,0.03414353351726286,0.0011657808810444524
ETH,train,213,-0.03281797903232165,4.108611273667465e-13,0.03281797903273251,0.0010770197477928706
ETH,train,214,-0.030526868266767614,3.5937129702165387e-13,0.030526868267126986,0.0009318896861985245
ETH,train,215,-0.029358429705074126,3.143342616780213e-13,0.02935842970538846,0.0008619173947662356
ETH,train,216,-0.028706264755341167,2.7494134585465586e-13,0.028706264755616107,0.0008240496362195275
ETH,train,217,-0.02981473971567784,2.404852186867259e-13,0.029814739715918324,0.0008889187043279574
ETH,train,218,-0.03133742869273972,2.1034719324235473e-13,0.031337428692950066,0.0009820344370857301
ETH,train,219,-0.03260652970263613,1.8398611751092533e-13,0.03260652970282012,0.0010631857792608905
ETH,train,220,-0.03233283543959134,1.6092865759203262e-13,0.03233283543975227,0.0010454122475741002
ETH,train,221,-0.031126139392076056,1.407607986120791e-13,0.03112613939221682,0.0009688365534637115
ETH,train,222,-0.02980537916112602,1.231204107607695e-13,0.02980537916124914,0.0008883606269458244
ETH,train,223,-0.029320328200424385,1.0769074696482863e-13,0.029320328200532077,0.0008596816457869166
ETH,train,224,-0.028743537948603418,9.41947554445461e-14,0.028743537948697613,0.0008261909738082198
ETH,train,225,-0.027978021695140187,8.239010503061717e-14,0.027978021695222576,0.0007827696979783452
ETH,train,226,-0.025697498894657212,7.206483391692018e-14,0.025697498894729276,0.0006603614494446123
ETH,train,227,-0.023479892750779528,6.303354371915633e-14,0.02347989275084256,0.000551305363591069
ETH,train,228,-0.021798455755575097,5.513407050067335e-14,0.02179845575563023,0.0004751726733301687
ETH,train,229,-0.022407249935206135,4.8224572991116996e-14,0.02240724993525436,0.0005020848496609566
ETH,train,230,-0.023724123408373966,4.2180985714580395e-14,0.023724123408416148,0.0005628340314977591
ETH,train,231,-0.024704240552139833,3.6894791296158746e-14,0.024704240552176727,0.0006102995012598131
ETH,train,232,-0.024048594120307736,3.2271071946917216e-14,0.02404859412034001,0.000578334879164852
ETH,train,233,-0.022878095683727406,2.8226805140148155e-14,0.022878095683755633,0.0005234072621150782
ETH,train,234,-0.021835293865824078,2.4689372876441012e-14,0.021835293865848766,0.0004767800582079728
ETH,train,235,-0.02144239195263083,2.159525777024377e-14,0.021442391952652424,0.0004597761726511734
ETH,train,236,-0.02050089935363465,1.8888902545122046e-14,0.020500899353653537,0.00042028687430863197
ETH,train,237,-0.018530266355889127,1.652171245905395e-14,0.01853026635590565,0.0003433707712208088
ETH,train,238,-0.014602912302490511,1.4451182747520223e-14,0.014602912302504963,0.0002132450477146508
ETH,train,239,-0.010826179500528946,1.2640135416942387e-14,0.010826179500541587,0.00011720616257794689
ETH,train,240,-0.00857566226633223,1.1056051684493287e-14,0.008575662266343285,7.354198330638405e-05
ETH,train,241,-0.009892402106085694,9.670488077710442e-15,0.009892402106095365,9.785961942868e-05
ETH,train,242,-0.012110180068249347,8.458565709520365e-15,0.012110180068257806,0.00014665646128562862
ETH,train,243,-0.014171908000148165,7.39852355820422e-15,0.014171908000155563,0.00020084297636487327
ETH,train,244,-0.01426689929627388,6.471327731094345e-15,0.01426689929628035,0.00020354441553020476
ETH,train,245,-0.014523039977738255,5.660329696023214e-15,0.014523039977743915,0.00021091869019514798
ETH,train,246,-0.014201891789427178,4.9509673438010495e-15,0.014201891789432129,0.0002016937303987397
ETH,train,247,-0.014412329511272122,4.330503514063131e-15,0.014412329511276451,0.0002077152419416101
ETH,train,248,-0.013877060088600065,3.78779728951222e-15,0.013877060088603854,0.00019257279670272198
ETH,train,249,-0.013096944504409373,3.3131039519639002e-15,0.013096944504412686,0.00017152995535166566
ETH,train,250,-0.010309976134330006,2.897900008247894e-15,0.010309976134332904,0.00010629560789051406
ETH,train,251,-0.0069345343281554265,2.5347301441674323e-15,0.006934534328157961,4.808776634840118e-05
ETH,train,252,-0.004156008655308256,2.2170733584543514e-15,0.004156008655310473,1.7272407943015563e-05
ETH,train,253,-0.004127902172869942,1.939225873049533e-15,0.004127902172871881,1.7039576348800395e-05
ETH,train,254,-0.00468522724682963,1.6961987172704335e-15,0.004685227246831326,2.195135435445065e-05
ETH,train,255,-0.0046679129274329375,1.4836281469086895e-15,0.0046679129274344216,2.1789411098109392e-05
ETH,train,256,-0.0029939372843392886,1.2976972897620528e-15,0.002993937284340586,8.963660462564683e-06
ETH,train,257,-0.0012470216996190904,1.1350676106844048e-15,0.0012470216996202255,1.555063119323716e-06
ETH,train,258,0.0005765752110062238,9.928189655547805e-16,0.000576575211005231,3.324389739457267e-07
ETH,train,259,0.0020954392599091616,8.683971677871498e-16,0.0020954392599082934,4.390865691965016e-06
ETH,train,260,0.004305613305913025,7.595681258962955e-16,0.004305613305912265,1.8538305940048744e-05
ETH,train,261,0.007449736316934423,6.643777286236191e-16,0.007449736316933759,5.5498571191841766e-05
ETH,train,262,0.012058967668459564,5.81116757328682e-16,0.012058967668458983,0.0001454187012289391
ETH,train,263,0.016164447767094553,5.082901956208003e-16,0.016164447767094043,0.00026128937161511157
ETH,train,264,0.01841380741995051,4.445903851609335e-16,0.018413807419950065,0.0003390683036990081
ETH,train,265,0.017771442715444112,3.8887354562512134e-16,0.017771442715443724,0.00031582417618829776
ETH,train,266,0.016714410454679467,3.4013923722689944e-16,0.016714410454679127,0.0002793715168474869
ETH,train,267,0.0166995774383145,2.975123970320882e-16,0.0166995774383142,0.0002788758866182527
ETH,train,268,0.018726828748516534,2.6022762651382494e-16,0.018726828748516274,0.0003506941149762556
ETH,train,269,0.021180241213448688,2.276154482184989e-16,0.02118024121344846,0.00044860261785986064
ETH,train,270,0.02294523278712205,1.9909028477019044e-16,0.022945232787121853,0.0005264837076552117
ETH,train,271,0.02367455384009894,1.741399443671597e-16,0.023674553840098766,0.0005604844995277352
ETH,train,272,0.02444763661790454,1.523164239741846e-16,0.024447636617904386,0.0005976869362010994
ETH,train,273,0.026334962636521866,1.3322786507481393e-16,0.026334962636521735,0.0006935302570669958
ETH,train,274,0.02979738428759636,1.1653151754272497e-16,0.02979738428759624,0.0008878841103826874
ETH,train,275,0.03327315632659669,1.0192758529294764e-16,0.03327315632659659,0.0011071029319341345
ETH,train,276,0.0352716477560461,8.91538432067704e-17,0.03527164775604601,0.0012440891354265854
ETH,train,277,0.03490059503362393,7.798092867296986e-17,0.03490059503362385,0.00121805153370101
ETH,train,278,0.03346583089639264,6.820822320127433e-17,0.03346583089639257,0.0011199618375859438
ETH,train,279,0.032967939701163025,5.966025015918392e-17,0.03296793970116296,0.001086885048139517
ETH,train,280,0.03472430660707217,5.2183523950670873e-17,0.03472430660707211,0.001205777469341952
ETH,train,281,0.03872955398111751,4.5643794061280047e-17,0.03872955398111746,0.0014999783515762912
ETH,train,282,0.043367294362167054,3.992363448428553e-17,0.04336729436216701,0.0018807222202948427
ETH,train,283,0.04732068098363714,3.49203352441498e-17,0.047320680983637106,0.0022392468487551546
ETH,train,284,0.0508017920150288,3.0544058157926335e-17,0.050801792015028775,0.0025808220719382414
ETH,train,285,0.05523932808356197,2.6716223719847633e-17,0.05523932808356194,0.0030513833671233946
ETH,train,286,0.06276425465163402,2.33681001443394e-17,0.06276425465163399,0.0039393516619751585
ETH,train,287,0.07076617165405308,2.0439569232615684e-17,0.07076617165405306,0.005007851050570903
ETH,train,288,0.07649637001468099,1.7878046903016642e-17,0.07649637001468097,0.005851694625422983
ETH,train,289,0.07527595485596957,1.5637539002359888e-17,0.07527595485596955,0.005666469379477966
ETH,train,290,0.07006282605185128,1.3677815444653834e-17,0.07006282605185127,0.0049087995943719685
ETH,train,291,0.0632373425668294,1.1963687848182377e-17,0.06323734256682939,0.003998961494914533
ETH,train,292,0.0590600594586451,1.0464377700365227e-17,0.059060059458645085,0.0034880906232586926
ETH,train,293,0.056162004477333355,9.152963705295745e-18,0.05616200447733335,0.003154170746912011
ETH,train,294,0.05356570014436974,8.005898390645554e-18,0.05356570014436973,0.0028692842319565314
ETH,train,295,0.049885911469232526,7.002585294231767e-18,0.04988591146923252,0.0024886041631161046
ETH,train,296,0.04675023116984835,6.1250091382982155e-18,0.04675023116984834,0.0021855841144342593
ETH,train,297,0.04556386055211807,5.357412350998346e-18,0.045563860552118064,0.0020760653884128607
ETH,train,298,0.04707514731619651,4.686012126767896e-18,0.047075147316196504,0.002216069494841603
ETH,train,299,0.04912327663548546,4.098752945183286e-18,0.049123276635485456,0.0024130963074064315
ETH,train,300,0.05016481102294232,3.585090104586657e-18,0.05016481102294231,0.0025165082649675143
ETH,validation,1,0.8881100587337886,0.874678262518782,0.013431796215006564,0.00018041314956146465
ETH,validation,2,0.7234829445204809,0.7650620629228754,0.04157911840239448,0.0017288230871203391
ETH,validation,3,0.5598257346452922,0.6691831559164156,0.10935742127112347,0.011959045587069967
ETH,validation,4,0.49565955012118357,0.5853199601238056,0.08966041000262204,0.008038989121838286
ETH,validation,5,0.45537135503758225,0.5119666457386531,0.05659529070107089,0.003203026929538721
ETH,validation,6,0.4244295344419059,0.44780609616225386,0.023376561720347966,0.0005464636378652378
ETH,validation,7,0.39783100277186634,0.3916862581365188,0.006144744635347532,3.7757886633632274e-05
ETH,validation,8,0.37450294153916547,0.3425994557193334,0.031903485819832045,0.0010178324074562243
ETH,validation,9,0.3543637669067811,0.29966429666846695,0.054699470238314174,0.002992032044352218
ETH,validation,10,0.33799418945044685,0.2621098463488875,0.07588434310155934,0.005758433527955176
ETH,validation,11,0.3240129601118638,0.22926178499350985,0.09475117511835396,0.008977785186308979
ETH,validation,12,0.31089891986121426,0.20053029976007775,0.11036862010113652,0.012181232303028996
ETH,validation,13,0.2964217934311394,0.17539949417651535,0.12102229925462404,0.014646396916875776
ETH,validation,14,0.2809595862516019,0.15341812481298767,0.12754146143861422,0.016266824385897518
ETH,validation,15,0.2659916677892873,0.13419149885031367,0.13180016893897362,0.017371284532341987
ETH,validation,16,0.2528786347605372,0.1173743870591835,0.13550424770135366,0.01836140114510981
ETH,validation,17,0.24101397403906688,0.10266482493713364,0.13834914910193324,0.019140487057228955
ETH,validation,18,0.22974468145925583,0.08979869069780698,0.13994599076144887,0.019584880330203534
ETH,validation,19,0.21974468454780227,0.07854496275601931,0.14119972179178297,0.01993736143407691
ETH,validation,20,0.21123289328262773,0.06870157155303741,0.14253132172959032,0.020315177673983987
ETH,validation,21,0.20429721055133607,0.060091771238320546,0.14420543931301552,0.020795208727459803
ETH,validation,22,0.19824548186542934,0.05256096605841033,0.14568451580701902,0.021223978145925575
ETH,validation,23,0.19344191846302622,0.04597393446827903,0.1474679839947472,0.021746806303475016
ETH,validation,24,0.18878728436469713,0.040212401121866644,0.1485748832428305,0.022074495930620715
ETH,validation,25,0.18248829124918547,0.03517291314498264,0.14731537810420284,0.021701820625984244
ETH,validation,26,0.1741415525118248,0.03076498255737744,0.14337656995444736,0.020556840811902538
ETH,validation,27,0.1655198676747344,0.026909461489707534,0.13861040618502685,0.019212844702778127
ETH,validation,28,0.15887870677662036,0.02353712102113346,0.1353415857554869,0.018317344834809818
ETH,validation,29,0.1543630041278293,0.020587408119459315,0.13377559600837,0.017895910087394617
ETH,validation,30,0.15024122621918085,0.01800735836369374,0.1322338678554871,0.017485795808022425
ETH,validation,31,0.14562770772407627,0.015750644926108698,0.12987706279796757,0.01686805144102721
ETH,validation,32,0.1398562211092232,0.013776746737519024,0.12607947437170416,0.01589603385784521
ETH,validation,33,0.13456447405912658,0.012050220899534439,0.12251425315959215,0.015009742227252635
ETH,validation,34,0.13031261761659566,0.010540066279372297,0.11977255133722337,0.014345464053827807
ETH,validation,35,0.12723517471120632,0.009219166860074164,0.11801600785113216,0.013927778109118487
ETH,validation,36,0.12392853745584392,0.008063804851040404,0.11586473260480352,0.01342463626158262
ETH,validation,37,0.11866441086263321,0.007053234816398547,0.11161117604623466,0.012457054618423585
ETH,validation,38,0.11223463567366924,0.006169311174344461,0.10606532449932478,0.011249853061147065
ETH,validation,39,0.10521272034702649,0.00539616237891332,0.09981655796811317,0.009963345244601697
ETH,validation,40,0.09920114871248255,0.00471990593385712,0.09448124277862543,0.00892670523699356
ETH,validation,41,0.09351815440466937,0.004128399121478235,0.08938975528319114,0.007990528349588797
ETH,validation,42,0.0887250313741954,0.0036110209705586486,0.08511401040363675,0.007244394766990386
ETH,validation,43,0.08459778297671246,0.003158481548447125,0.08143930142826533,0.00663235981712386
ETH,validation,44,0.08188219079864496,0.0027626551529933633,0.0791195356456516,0.006259900920783535
ETH,validation,45,0.08034074372248683,0.002416434409158795,0.07792430931332803,0.006072197981959221
ETH,validation,46,0.07989156166124445,0.0021136026504936143,0.07777795901075084,0.006049410907878037
ETH,validation,47,0.07975094084570188,0.0018487222939888468,0.07790221855171303,0.006068755655278862
ETH,validation,48,0.07875798677617411,0.0016170372039859015,0.07714094957218821,0.005950726100898885
ETH,validation,49,0.07652053804996692,0.0014143872920106175,0.0751061507579563,0.005640933881676861
ETH,validation,50,0.07354410247379899,0.0012371338191044922,0.07230696865469449,0.005228297716030972
ETH,validation,51,0.07069138990448638,0.0010820940593975422,0.06960929584508883,0.004845454068049102
ETH,validation,52,0.06841778868572614,0.000946484151755738,0.06747130453397039,0.004552376935515774
ETH,validation,53,0.06604700003554446,0.0008278691133592721,0.06521913092218519,0.004253535038245132
ETH,validation,54,0.06298907825344142,0.0007241191176660527,0.06226495913577537,0.003876925136179777
ETH,validation,55,0.05902556862320456,0.0006333712516967765,0.05839219737150778,0.0034096487138731203
ETH,validation,56,0.05514106100038089,0.0005539960659634826,0.0545870649344174,0.002979747658154302
ETH,validation,57,0.05304531563147543,0.0004845683164191795,0.05256074731505625,0.002762632158317193
ETH,validation,58,0.05292361015203209,0.0004238413730771793,0.05249976877895491,0.0027562257218437286
ETH,validation,59,0.053995507704313245,0.00037072483578672207,0.053624782868526524,0.002875617337696616
ETH,validation,60,0.0546350679124621,0.00032426495523849084,0.05431080295722361,0.002949663317858369
ETH,validation,61,0.05430537420067357,0.0002836275076437338,0.05402174669302984,0.00291834911576588
ETH,validation,62,0.05299770429570943,0.00024808281558835364,0.05274962148012108,0.0027825225662960512
ETH,validation,63,0.0518020810050441,0.00021699264609958854,0.05158508835894451,0.0026610213410001122
ETH,validation,64,0.05214120078422459,0.00018979875066974108,0.05195140203355485,0.002698948173252047
ETH,validation,65,0.05343533215813879,0.00016601284146404462,0.053269319316674744,0.0028376203804618572
ETH,validation,66,0.0542964042403826,0.00014520782372757658,0.05415119641665503,0.0029323520733551523
ETH,validation,67,0.053872367386962765,0.00012701012696217023,0.0537453572600006,0.002888563427005099
ETH,validation,68,0.05322084114917455,0.00011109299717356097,0.05310974815200099,0.002820645348768973
ETH,validation,69,0.05285206452096327,9.717062974577428e-05,0.05275489389121749,0.0027830788294736166
ETH,validation,70,0.05213535448214616,8.499303759388972e-05,0.052050361444552266,0.002709240126508533
ETH,validation,71,0.05071672591085914,7.434156244881697e-05,0.05064238434841033,0.0025646510924921154
ETH,validation,72,0.048489969307563933,6.502494867566276e-05,0.04842494435888827,0.002344975236161425
ETH,validation,73,0.04493761650738091,5.687590912800168e-05,0.04488074059825291,0.0020142808766476666
ETH,validation,74,0.04161104496325327,4.974812137525664e-05,0.04156129684187801,0.001727341395178699
ETH,validation,75,0.03898913832831783,4.351360036808296e-05,0.03894562472794975,0.0015167616854502909
ETH,validation,76,0.03805286236978075,3.806040036589144e-05,0.038014801969414855,0.0014451251687738276
ETH,validation,77,0.03629701646560554,3.3290604862807134e-05,0.03626372586074274,0.0013150578133031016
ETH,validation,78,0.033345817573666676,2.911856841959946e-05,0.03331669900524708,0.0011100024326062318
ETH,validation,79,0.02963414830434117,2.5469378832289533e-05,0.02960867892550888,0.0008766738677138737
ETH,validation,80,0.02614641119982119,2.2277512024459653e-05,0.02612413368779673,0.000682470360937876
ETH,validation,81,0.023575261112579234,1.9485655510795642e-05,0.02355577545706844,0.0005548745573838279
ETH,validation,82,0.02280032372759778,1.704367930622226e-05,0.022783280048291558,0.0005190778497588802
ETH,validation,83,0.0232620735521455,1.4907735802493809e-05,0.023247165816343007,0.0005404307184925469
ETH,validation,84,0.023424108722426697,1.3039472449814325e-05,0.023411069249976883,0.0005480781634272132
ETH,validation,85,0.021131109562130747,1.1405343106565119e-05,0.02111970421902418,0.00044604190629906774
ETH,validation,86,0.018079413643765686,9.976005691880946e-06,0.018069437638073806,0.0003265045765562383
ETH,validation,87,0.01617756917317493,8.725795325451905e-06,0.016168843377849476,0.00026143149617742685
ETH,validation,88,0.015805032063210926,7.632263494360783e-06,0.015797399799716564,0.00024955784043208495
ETH,validation,89,0.015310742344615408,6.675774972333017e-06,0.015304066569643076,0.00023421445356806676
ETH,validation,90,0.013244467810794327,5.839155253766613e-06,0.01323862865554056,0.00017526128867929966
ETH,validation,91,0.010213266457976353,5.107382171941999e-06,0.010208159075804411,0.00010420651171692797
ETH,validation,92,0.0071726995129960044,4.467316164173631e-06,0.00716823219683183,5.138355282769649e-05
ETH,validation,93,0.005848153652462725,3.907464340601461e-06,0.005844246188122124,3.4155213507379976e-05
ETH,validation,94,0.006240335793846105,3.4177741202913843e-06,0.006236918019725813,3.889914638478056e-05
ETH,validation,95,0.007484242356735785,2.989452729218127e-06,0.007481252904006567,5.5969145013706696e-05
ETH,validation,96,0.007460493604468168,2.614809319074542e-06,0.0074578787951490935,5.561995612313449e-05
ETH,validation,97,0.0056878867917590226,2.28711687202604e-06,0.0056855996748869965,3.232604366307512e-05
ETH,validation,98,0.0023708237178551353,2.000491411801128e-06,0.002368823226443334,5.611323478137407e-06
ETH,validation,99,-0.0012785456874500496,1.7497863522579558e-06,0.0012802954738023076,1.6391565002386753e-06
ETH,validation,100,-0.0049700160739158976,1.5305000863720663e-06,0.00497154657400227,2.4716275337473706e-05
ETH,validation,101,-0.007778681061593278,1.3386951563327647e-06,0.007780019756749611,6.052870741541427e-05
ETH,validation,102,-0.009979153719736114,1.170927553383452e-06,0.009980324647289497,9.960688006529422e-05
ETH,validation,103,-0.011547700388946196,1.024184877928806e-06,0.011548724573824125,0.0001333730392820492
ETH,validation,104,-0.013206089193112341,8.958322495247789e-07,0.013206985025361866,0.00017442445346013257
ETH,validation,105,-0.014459097471445876,7.835649955226257e-07,0.0144598810364414,0.0002090881595880376
ETH,validation,106,-0.014250552032180465,6.853672688542673e-07,0.014251237399449319,0.000203097767415463
ETH,validation,107,-0.013012538943046529,5.994758519086936e-07,0.013013138418898437,0.00016934177150941052
ETH,validation,108,-0.011866451888727533,5.243484965694627e-07,0.011866976237224103,0.00014082512501484152
ETH,validation,109,-0.012437848027663007,4.586362319337132e-07,0.01243830666389494,0.0001547114726650933
ETH,validation,110,-0.014336280075815878,4.0115914247594134e-07,0.014336681234958354,0.00020554042883280698
ETH,validation,111,-0.016922009014222524,3.5088518173438093e-07,0.016922359899404257,0.0002863662645649653
ETH,validation,112,-0.019704608179979186,3.0691164110301536e-07,0.019704915091620288,0.00038828367876796497
ETH,validation,113,-0.022584233068106904,2.6844894098677344e-07,0.02258450151704789,0.0005100597087735384
ETH,validation,114,-0.025142442384691384,2.3480645327731805e-07,0.02514267719114466,0.000632154216338106
ETH,validation,115,-0.027266086330127948,2.0538010058080212e-07,0.027266291710228527,0.0007434506636272769
ETH,validation,116,-0.028131136313601732,1.796415095319487e-07,0.028131315955111265,0.0007913709373662977
ETH,validation,117,-0.027923964788108813,1.571285234336561e-07,0.027924121916632245,0.0007797565848149413
ETH,validation,118,-0.026643507765810488,1.3743690386909205e-07,0.026643645202714356,0.0007098838296881238
ETH,validation,119,-0.025426823077134352,1.202130722821783e-07,0.025426943290206633,0.0006465294450833842
ETH,validation,120,-0.02509684775403916,1.0514776119582045e-07,0.025096952901800355,0.0006298570449551852
ETH,validation,121,-0.025694136296061675,9.197046107050005e-08,0.025694228266522744,0.0006601933662121764
ETH,validation,122,-0.026870602803887828,8.044456309219626e-08,0.02687068324845092,0.0007220336182385808
ETH,validation,123,-0.02795992564450617,7.036311067456477e-08,0.027959996007616846,0.0007817613767459499
ETH,validation,124,-0.028334003740752227,6.154508339024507e-08,0.028334065285835618,0.000802819255621995
ETH,validation,125,-0.028659604192022115,5.383214660635311e-08,0.02865965802416872,0.0008213759980622986
ETH,validation,126,-0.028825349097505164,4.7085808461301284e-08,0.028825396183313624,0.0008309034651249917
ETH,validation,127,-0.02885161502912417,4.118493313422317e-08,0.028851656214057303,0.0008324180662941514
ETH,validation,128,-0.027890929051541228,3.602356575579454e-08,0.027890965075106983,0.0007779059328208375
ETH,validation,129,-0.026016100045615075,3.150902990500946e-08,0.02601613155464498,0.0006768391010685943
ETH,validation,130,-0.02454414219926699,2.7560263530966015e-08,0.02454416975953052,0.0006024162691846525
ETH,validation,131,-0.023616808423135408,2.4106363419825108e-08,0.023616832529498828,0.000557754778726394
ETH,validation,132,-0.024166388468681695,2.108531207169895e-08,0.024166409553993767,0.0005840153507313613
ETH,validation,133,-0.025745631370658002,1.8442864127539936e-08,0.02574564981352213,0.0006628384843205121
ETH,validation,134,-0.027496619338492855,1.6131572350946603e-08,0.027496635470065207,0.0007560649621736481
ETH,validation,135,-0.028439545658091855,1.4109935675622e-08,0.02843955976802753,0.0008088085597992101
ETH,validation,136,-0.027306338494239683,1.2341654021004827e-08,0.027306350835893705,0.0007456367959729128
ETH,validation,137,-0.026797716945752777,1.0794976495700442e-08,0.026797727740729273,0.0007181182120662513
ETH,validation,138,-0.026708036582694755,9.442131285190352e-09,0.02670804602482604,0.000713319722464226
ETH,validation,139,-0.02927136525449132,8.258826987004532e-09,0.029271373513318308,0.0008568133073561926
ETH,validation,140,-0.0317824379644738,7.22381643943635e-09,0.031782445188290244,0.0010101238221466736
ETH,validation,141,-0.03383146399862403,6.318515212000801e-09,0.03383147031713924,0.0011445683838194735
ETH,validation,142,-0.0336103047329405,5.526667907331354e-09,0.03361031025960841,0.0011296529557471382
ETH,validation,143,-0.03182689699642656,4.834056282702902e-09,0.03182690183048284,0.001012951680127192
ETH,validation,144,-0.029942955422857666,4.2282439502725766e-09,0.029942959651101615,0.0008965808326674994
ETH,validation,145,-0.028896418113038228,3.6983530719299683e-09,0.0288964218113913,0.0008350031935018509
ETH,validation,146,-0.028984315244925975,3.2348690391367046e-09,0.028984318479795015,0.0008400907177381867
ETH,validation,147,-0.02976664131688603,2.8294696306278946e-09,0.029766644146355662,0.0008860531037357698
ETH,validation,148,-0.030105818263562633,2.4748755803672667e-09,0.030105820738438212,0.0009063604423349763
ETH,validation,149,-0.031146374934115695,2.164719872585803e-09,0.031146377098835568,0.0009700968063828687
ETH,validation,150,-0.033111430029159145,1.8934334169932296e-09,0.03311143192259256,0.0010963669239644818
ETH,validation,151,-0.03809595539547309,1.6561450513706385e-09,0.03809595705161815,0.0014513019436787344
ETH,validation,152,-0.043681388606550964,1.4485940760119489e-09,0.04368139005514504,0.001908063837149724
ETH,validation,153,-0.04716859047138971,1.267053749501132e-09,0.047168591738443455,0.0022248760465879563
ETH,validation,154,-0.04582798861864698,1.108264372131558e-09,0.04582798972691135,0.0021002046424098923
ETH,validation,155,-0.04154658168306283,9.693747554275e-10,0.04154658265243758,0.0017261185300958275
ETH,validation,156,-0.038389926672876856,8.478910268068951e-10,0.038389927520767884,0.0014737865350498115
ETH,validation,157,-0.03927323397888161,7.416318501327209e-10,0.039273234720513465,0.0015423869654125444
ETH,validation,158,-0.04263685402712492,6.486892581026781e-10,0.04263685467581418,0.0018179013766464972
ETH,validation,159,-0.046413102231703904,5.673943931918482e-10,0.0464131027990983,0.0021541761114396664
ETH,validation,160,-0.047764572631797945,4.962875419999444e-10,0.047764573128085484,0.002281454446108226
ETH,validation,161,-0.048638336403729374,4.3409192494622844e-10,0.048638336837821296,0.002365687810349364
ETH,validation,162,-0.04885000794067398,3.796907706854006e-10,0.04885000832036475,0.0023863233128997054
ETH,validation,163,-0.05083688032011576,3.321072635975235e-10,0.05083688065222303,0.002584388434448368
ETH,validation,164,-0.05206299502310744,2.90487004293349e-10,0.05206299531359444,0.002710555481023357
ETH,validation,165,-0.052905385509342234,2.5408266819959246e-10,0.052905385763424906,0.002798979842776803
ETH,validation,166,-0.05145287604424659,2.222405867569557e-10,0.051452876266487174,0.002647398476094439
ETH,validation,167,-0.051000702952476426,1.9438901028572865e-10,0.05100070314686544,0.0026010717214746903
ETH,validation,168,-0.051792952398449235,1.700278417694668e-10,0.051792952568477074,0.002682509935760516
ETH,validation,169,-0.055134156308124384,1.487196572187356e-10,0.05513415645684404,0.0030397752082077572
ETH,validation,170,-0.058160433043535756,1.3008185137847248e-10,0.058160433173617604,0.0033826359869428392
ETH,validation,171,-0.060434185458363286,1.1377976774894875e-10,0.06043418557214306,0.003652290785768224
ETH,validation,172,-0.06119472975190496,9.952068956444104e-11,0.06119472985142565,0.003744794961588965
ETH,validation,173,-0.06207662274412474,8.704858383289637e-11,0.06207662283117332,0.003853507102123749
ETH,validation,174,-0.063564266392405,7.613950406167833e-11,0.0635642664685445,0.004040415971684131
ETH,validation,175,-0.06570645179353139,6.659756912171055e-11,0.06570645186012897,0.004317337816047445
ETH,validation,176,-0.06693825834999266,5.825144604735226e-11,0.0669382584082441,0.004480730438728863
ETH,validation,177,-0.0665109906643083,5.0951273617904655e-11,0.06651099071525957,0.004423711885925344
ETH,validation,178,-0.06468703573297405,4.45659714812279e-11,0.06468703577754002,0.004184412597684743
ETH,validation,179,-0.06297974192006381,3.8980886502662005e-11,0.0629797419590447,0.003966447897227855
ETH,validation,180,-0.0625461416185674,3.409573407759024e-11,0.06254614165266315,0.003912019835635004
ETH,validation,181,-0.06354632868256721,2.982279744228906e-11,0.06354632871239001,0.004038135892823123
ETH,validation,182,-0.0652023623421575,2.608535265027097e-11,0.06520236236824285,0.004251348058399652
ETH,validation,183,-0.06641420581502236,2.281629093332872e-11,0.06641420583783865,0.0044108467370708015
ETH,validation,184,-0.06608410621822591,1.9956913710687002e-11,0.06608410623818282,0.004367109097299434
ETH,validation,185,-0.06424224395491619,1.7455878609700967e-11,0.06424224397237208,0.004127065910605777
ETH,validation,186,-0.0613500512832922,1.5268277573072014e-11,0.06135005129856048,0.0037638287943360022
ETH,validation,187,-0.05884598896326244,1.3354830499269114e-11,0.05884598897661727,0.003462850418636161
ETH,validation,188,-0.0568430209489485,1.1681179937333546e-11,0.056843020960629674,0.0032311290319305846
ETH,validation,189,-0.05529855234571894,1.0217274171756162e-11,0.05529855235593621,0.0030579298926622185
ETH,validation,190,-0.05314943119924189,8.936827620229706e-12,0.05314943120817872,0.0028248620377529223
ETH,validation,191,-0.050978497435024174,7.816848855292381e-12,0.050978497442841025,0.002598807201529749
ETH,validation,192,-0.04984676664061605,6.83722777511907e-12,0.04984676664745327,0.00248470014520566
ETH,validation,193,-0.05003036350961477,5.980374510786306e-12,0.050030363515595144,0.002503037273502594
ETH,validation,194,-0.05121727966447954,5.230903586306177e-12,0.051217279669710444,0.002623209736765335
ETH,validation,195,-0.051050647592123105,4.575357660273552e-12,0.051050647596698466,0.0026061686200422947
ETH,validation,196,-0.05032514633297605,4.001965888690071e-12,0.050325146336978016,0.002532620353838252
ETH,validation,197,-0.048980213444257126,3.500432570178864e-12,0.048980213447757555,0.00239906130938789
ETH,validation,198,-0.04830464641144675,3.0617522785482034e-12,0.048304646414508504,0.002333338865230689
ETH,validation,199,-0.04824709079447094,2.6780481632634643e-12,0.048247090797148985,0.0023277817703883383
ETH,validation,200,-0.04768249634697583,2.3424305143849023e-12,0.04768249634931826,0.002273620458102749
ETH,validation,201,-0.04655563639214542,2.0488730523931632e-12,0.04655563639419429,0.002167427280068428
ETH,validation,202,-0.04319419287828784,1.7921047215888054e-12,0.043194192880079946,0.001865738298561549
ETH,validation,203,-0.03969029727547214,1.5675150441310018e-12,0.039690297277039654,0.0015753196979397814
ETH,validation,204,-0.03718002190740443,1.3710713352725566e-12,0.0371800219087755,0.0013823540291370263
ETH,validation,205,-0.03784796292184513,1.1992462933255063e-12,0.037847962923044376,0.0014324682974241418
ETH,validation,206,-0.04045076305833869,1.0489546641780435e-12,0.04045076305938764,0.0016362642320867198
ETH,validation,207,-0.04312446064694007,9.174978431242234e-13,0.04312446064785756,0.0018597191061686155
ETH,validation,208,-0.04374862447854459,8.025154192886258e-13,0.04374862447934711,0.0019139421438349293
ETH,validation,209,-0.04251279272874231,7.01942792587907e-13,0.042512792729444256,0.0018073375456566885
ETH,validation,210,-0.039885763938549985,6.139741022083723e-13,0.03988576393916396,0.001590874165010712
ETH,validation,211,-0.03759633061753907,5.370298009511481e-13,0.0375963306180761,0.0014134840759436865
ETH,validation,212,-0.0355454977961392,4.697282932167576e-13,0.03554549779660893,0.0012634824136087302
ETH,validation,213,-0.03488858978050939,4.108611273667465e-13,0.03488858978092025,0.0012172136969013328
ETH,validation,214,-0.03394041232947008,3.5937129702165387e-13,0.03394041232982945,0.001151951589118839
ETH,validation,215,-0.03263680015149575,3.143342616780213e-13,0.03263680015181008,0.0010651607241491904
ETH,validation,216,-0.030364235447343138,2.7494134585465586e-13,0.030364235447618078,0.0009219867943183862
ETH,validation,217,-0.029836145863905733,2.404852186867259e-13,0.029836145864146218,0.0008901956000266094
ETH,validation,218,-0.03147339419138641,2.1034719324235473e-13,0.031473394191596754,0.0009905745419396363
ETH,validation,219,-0.03417760823304253,1.8398611751092533e-13,0.03417760823322651,0.0011681089045439128
ETH,validation,220,-0.03495756708552268,1.6092865759203262e-13,0.03495756708568361,0.0012220314965500699
ETH,validation,221,-0.03350507537874186,1.407607986120791e-13,0.03350507537888262,0.0011225900761446064
ETH,validation,222,-0.031219419556228027,1.231204107607695e-13,0.031219419556351147,0.0009746521574354805
ETH,validation,223,-0.03068665797667555,1.0769074696482863e-13,0.03068665797678324,0.0009416709777840744
ETH,validation,224,-0.03161272255588832,9.41947554445461e-14,0.03161272255598251,0.0009993642274015255
ETH,validation,225,-0.03230510517847947,8.239010503061717e-14,0.03230510517856186,0.0010436198205979444
ETH,validation,226,-0.031335684897215936,7.206483391692018e-14,0.031335684897288,0.0009819251479821235
ETH,validation,227,-0.029152141927247268,6.303354371915633e-14,0.0291521419273103,0.0008498473789500431
ETH,validation,228,-0.027946079951691766,5.513407050067335e-14,0.0279460799517469,0.00078098338466943
ETH,validation,229,-0.02802090736635976,4.8224572991116996e-14,0.028020907366407985,0.0007851712496368173
ETH,validation,230,-0.029096052077008955,4.2180985714580395e-14,0.029096052077051137,0.0008465802464704717
ETH,validation,231,-0.029987573456924765,3.6894791296158746e-14,0.02998757345696166,0.0008992545618366714
ETH,validation,232,-0.030078941725746756,3.2271071946917216e-14,0.03007894172577903,0.0009047427353428107
ETH,validation,233,-0.0296338557817037,2.8226805140148155e-14,0.029633855781731926,0.0008781654084924867
ETH,validation,234,-0.028658795889250372,2.4689372876441012e-14,0.02865879588927506,0.0008213265818231291
ETH,validation,235,-0.027927781726897243,2.159525777024377e-14,0.027927781726918836,0.0007799609921864217
ETH,validation,236,-0.026917006527218613,1.8888902545122046e-14,0.0269170065272375,0.0007245252403873462
ETH,validation,237,-0.026040858216250424,1.652171245905395e-14,0.026040858216266945,0.0006781262966397177
ETH,validation,238,-0.024572418698694372,1.4451182747520223e-14,0.024572418698708822,0.000603803760704655
ETH,validation,239,-0.022892216649889705,1.2640135416942387e-14,0.022892216649902344,0.0005240535831460661
ETH,validation,240,-0.021048518994639737,1.1056051684493287e-14,0.021048518994650794,0.0004430401518681753
ETH,validation,241,-0.019826044199559457,9.670488077710442e-15,0.019826044199569126,0.0003930720286032686
ETH,validation,242,-0.0195419410379563,8.458565709520365e-15,0.01954194103796476,0.0003818874595312912
ETH,validation,243,-0.01988560302567658,7.39852355820422e-15,0.019885603025683977,0.00039543720769509176
ETH,validation,244,-0.01949552303030016,6.471327731094345e-15,0.01949552303030663,0.0003800754182252162
ETH,validation,245,-0.0181642531987249,5.660329696023214e-15,0.018164253198730558,0.0003299400942675933
ETH,validation,246,-0.015402903858262443,4.9509673438010495e-15,0.015402903858267394,0.00023724944726702857
ETH,validation,247,-0.013202129315318771,4.330503514063131e-15,0.013202129315323101,0.00017429621845851362
ETH,validation,248,-0.011110617002239493,3.78779728951222e-15,0.011110617002243282,0.00012344581017053748
ETH,validation,249,-0.009670363301155522,3.3131039519639002e-15,0.009670363301158835,9.351592637639961e-05
ETH,validation,250,-0.007255128913277932,2.897900008247894e-15,0.00725512891328083,5.2636895548323475e-05
ETH,validation,251,-0.005511298742087162,2.5347301441674323e-15,0.0055112987420896965,3.037441382455947e-05
ETH,validation,252,-0.004090309514590332,2.2170733584543514e-15,0.0040903095145925486,1.673063192516633e-05
ETH,validation,253,-0.0038650398778649632,1.939225873049533e-15,0.0038650398778669027,1.4938533257501402e-05
ETH,validation,254,-0.002191893200626641,1.6961987172704335e-15,0.002191893200628337,4.804395802960736e-06
ETH,validation,255,-0.0001359089046677669,1.4836281469086895e-15,0.00013590890466925052,1.8471230368395428e-08
ETH,validation,256,0.002610126817337036,1.2976972897620528e-15,0.0026101268173357385,6.8127620025751915e-06
ETH,validation,257,0.003990352015074168,1.1350676106844048e-15,0.003990352015073032,1.5922909204197408e-05
ETH,validation,258,0.004846540899685783,9.928189655547805e-16,0.00484654089968479,2.3488958692317453e-05
ETH,validation,259,0.005536755006296597,8.683971677871498e-16,0.005536755006295729,3.065565599974081e-05
ETH,validation,260,0.007544200354917244,7.595681258962955e-16,0.007544200354916484,5.6914958995122006e-05
ETH,validation,261,0.011646711266319066,6.643777286236191e-16,0.011646711266318402,0.000135645883320988
ETH,validation,262,0.017514407594852153,5.81116757328682e-16,0.017514407594851573,0.0003067544733985945
ETH,validation,263,0.0234499531559177,5.082901956208003e-16,0.02344995315591719,0.0005499003030147106
ETH,validation,264,0.02769614494578029,4.445903851609335e-16,0.027696144945779846,0.0007670764448576465
ETH,validation,265,0.029046645880680514,3.8887354562512134e-16,0.029046645880680125,0.0008437076369176317
ETH,validation,266,0.029156577251636593,3.4013923722689944e-16,0.029156577251636253,0.0008501059970306326
ETH,validation,267,0.029539936319378644,2.975123970320882e-16,0.029539936319378346,0.0008726078377529279
ETH,validation,268,0.031144748316092267,2.6022762651382494e-16,0.031144748316092007,0.0009699953476727159
ETH,validation,269,0.03319906824011172,2.276154482184989e-16,0.03319906824011149,0.0011021781320115795
ETH,validation,270,0.03549830393934493,1.9909028477019044e-16,0.03549830393934473,0.0012601295825700974
ETH,validation,271,0.03882299608030929,1.741399443671597e-16,0.03882299608030912,0.0015072250246516972
ETH,validation,272,0.04409637679190061,1.523164239741846e-16,0.044096376791900455,0.001944490446173257
ETH,validation,273,0.050275570454974314,1.3322786507481393e-16,0.05027557045497418,0.002527632984573073
ETH,validation,274,0.05675118000838559,1.1653151754272497e-16,0.05675118000838547,0.0032206964323441708
ETH,validation,275,0.0612952839640365,1.0192758529294764e-16,0.0612952839640364,0.0037571118362318577
ETH,validation,276,0.0636886655594731,8.91538432067704e-17,0.06368866555947301,0.0040562461207464045
ETH,validation,277,0.06390544568572598,7.798092867296986e-17,0.0639054456857259,0.004083905988291263
ETH,validation,278,0.06325626269784707,6.820822320127433e-17,0.063256262697847,0.0040013547704990295
ETH,validation,279,0.06344154462554699,5.966025015918392e-17,0.06344154462554694,0.004024829584475263
ETH,validation,280,0.06461079794514933,5.2183523950670873e-17,0.06461079794514928,0.0041745552111089055
ETH,validation,281,0.06743128591716183,4.5643794061280047e-17,0.06743128591716178,0.004546978320442021
ETH,validation,282,0.07036848971549452,3.992363448428553e-17,0.07036848971549448,0.004951724344839652
ETH,validation,283,0.07343655389235816,3.49203352441498e-17,0.07343655389235812,0.0053929274475852185
ETH,validation,284,0.0762026495846534,3.0544058157926335e-17,0.07620264958465338,0.005806843803721474
ETH,validation,285,0.08121370081162832,2.6716223719847633e-17,0.08121370081162829,0.006595665199520674
ETH,validation,286,0.08821527404901305,2.33681001443394e-17,0.08821527404901303,0.007781934575542471
ETH,validation,287,0.09583003476643691,2.0439569232615684e-17,0.0958300347664369,0.009183395563336505
ETH,validation,288,0.09964043039862418,1.7878046903016642e-17,0.09964043039862416,0.009928215370023067
ETH,validation,289,0.09848859533443864,1.5637539002359888e-17,0.09848859533443863,0.009700003410950807
ETH,validation,290,0.09337023160833113,1.3677815444653834e-17,0.09337023160833112,0.008718000150593395
ETH,validation,291,0.087824610619264,1.1963687848182377e-17,0.08782461061926398,0.007713162230425336
ETH,validation,292,0.08352621739545081,1.0464377700365227e-17,0.0835262173954508,0.006976628992392107
ETH,validation,293,0.08081052721184528,9.152963705295745e-18,0.08081052721184527,0.006530341308256385
ETH,validation,294,0.07836042212076245,8.005898390645554e-18,0.07836042212076244,0.006140355754944075
ETH,validation,295,0.07636957050336661,7.002585294231767e-18,0.0763695705033666,0.005832311298868681
ETH,validation,296,0.07446042457019697,6.1250091382982155e-18,0.07446042457019697,0.005544354827173993
ETH,validation,297,0.0731863239307607,5.357412350998346e-18,0.0731863239307607,0.005356238010498237
ETH,validation,298,0.07260133718579939,4.686012126767896e-18,0.07260133718579939,0.005270954161166137
ETH,validation,299,0.07231851015648497,4.098752945183286e-18,0.07231851015648497,0.005229966911253619
ETH,validation,300,0.07154003963678969,3.585090104586657e-18,0.07154003963678969,0.00511797727123344
ETH,test,1,0.8878688806816379,0.874678262518782,0.013190618162855938,0.00017399240751826497
ETH,test,2,0.7256021593028321,0.7650620629228754,0.03945990362004326,0.001557083993703103
ETH,test,3,0.5654789109849786,0.6691831559164156,0.10370424493143704,0.010754570416799485
ETH,test,4,0.5061791130762485,0.5853199601238056,0.07914084704755708,0.006263273671404825
ETH,test,5,0.46854819633021394,0.5119666457386531,0.0434184494084392,0.001885161749033194
ETH,test,6,0.43936877942755737,0.44780609616225386,0.008437316734696498,7.118831368158958e-05
ETH,test,7,0.4131206598558379,0.3916862581365188,0.021434401719319096,0.00045943357706514944
ETH,test,8,0.3903508910689505,0.3425994557193334,0.047751435349617066,0.0022801995779486582
ETH,test,9,0.3705428685297071,0.29966429666846695,0.07087857186124014,0.005023771949088982
ETH,test,10,0.35696942746326804,0.2621098463488875,0.09485958111438053,0.00899834012919574
ETH,test,11,0.34667855544962684,0.22926178499350985,0.11741677045611698,0.013786697984344466
ETH,test,12,0.3379356388823366,0.20053029976007775,0.13740533912225883,0.018880227219302954
ETH,test,13,0.3261808278895355,0.17539949417651535,0.15078133371302016,0.02273501059627715
ETH,test,14,0.31326103423906937,0.15341812481298767,0.1598429094260817,0.02554975569379456
ETH,test,15,0.3008607471177572,0.13419149885031367,0.1666692482674435,0.027778638318034718
ETH,test,16,0.29074250654782435,0.1173743870591835,0.17336811948864084,0.030056504855027647
ETH,test,17,0.28104660957351657,0.10266482493713364,0.17838178463638293,0.0318200610900609
ETH,test,18,0.2702017383906268,0.08979869069780698,0.18040304769281978,0.03254525961685781
ETH,test,19,0.2581537890843085,0.07854496275601931,0.17960882632828923,0.032259330495025565
ETH,test,20,0.24749258303933208,0.06870157155303741,0.17879101148629467,0.031966225788292356
ETH,test,21,0.23964689054065094,0.060091771238320546,0.1795551193023304,0.032240040867674104
ETH,test,22,0.2336471094377551,0.05256096605841033,0.18108614337934476,0.032792191324004606
ETH,test,23,0.22739595814828872,0.04597393446827903,0.1814220236800097,0.03291395067615
ETH,test,24,0.21973526675477698,0.040212401121866644,0.17952286563291034,0.03222845928505198
ETH,test,25,0.21193172880662345,0.03517291314498264,0.1767588156616408,0.031243678914105916
ETH,test,26,0.20450431198457658,0.03076498255737744,0.17373932942719914,0.030185354589812825
ETH,test,27,0.19742293467912156,0.026909461489707534,0.170513473189414,0.02907484453911701
ETH,test,28,0.19052874403751327,0.02353712102113346,0.16699162301637982,0.027886202157644716
ETH,test,29,0.18328539321651424,0.020587408119459315,0.16269798509705494,0.02647063435464151
ETH,test,30,0.17566501809087315,0.01800735836369374,0.1576576597271794,0.02485593767065109
ETH,test,31,0.16702905270043095,0.015750644926108698,0.15127840777432225,0.022885156658734123
ETH,test,32,0.15879000552210532,0.013776746737519024,0.1450132587845863,0.021028845223325394
ETH,test,33,0.15263976715060873,0.012050220899534439,0.14058954625107428,0.019765420515082954
ETH,test,34,0.14999566449989826,0.010540066279372297,0.13945559822052597,0.019447863875044765
ETH,test,35,0.14890762502628774,0.009219166860074164,0.13968845816621359,0.019512865344854004
ETH,test,36,0.14678090133518926,0.008063804851040404,0.13871709648414884,0.01924243285699266
ETH,test,37,0.1411298757253914,0.007053234816398547,0.13407664090899285,0.017976545637439015
ETH,test,38,0.13370505903642646,0.006169311174344461,0.127535747862082,0.016265366982740552
ETH,test,39,0.12645473342250974,0.00539616237891332,0.12105857104359641,0.014655177623117478
ETH,test,40,0.12173325782580006,0.00471990593385712,0.11701335189194295,0.01369212452098767
ETH,test,41,0.11804817719464782,0.004128399121478235,0.11391977807316958,0.012977715836240208
ETH,test,42,0.11452460151384307,0.0036110209705586486,0.11091358054328442,0.01230182234893164
ETH,test,43,0.1096308938216883,0.003158481548447125,0.10647241227324117,0.011336374575283036
ETH,test,44,0.10438538850987937,0.0027626551529933633,0.10162273335688601,0.010327179934924753
ETH,test,45,0.10018337374814808,0.002416434409158795,0.09776693933898928,0.009558374427713609
ETH,test,46,0.09832561049777977,0.0021136026504936143,0.09621200784728616,0.009256750454006254
ETH,test,47,0.09741695023025655,0.0018487222939888468,0.09556822793626771,0.00913328619087842
ETH,test,48,0.09609019941407625,0.0016170372039859015,0.09447316221009035,0.008925178377974043
ETH,test,49,0.09302024370120583,0.0014143872920106175,0.09160585640919522,0.008391632928462093
ETH,test,50,0.09052139654390431,0.0012371338191044922,0.08928426272479982,0.007971679570311078
ETH,test,51,0.08828202538553845,0.0010820940593975422,0.0871999313261409,0.007603828023283689
ETH,test,52,0.0871871401855169,0.000946484151755738,0.08624065603376116,0.007437450753133505
ETH,test,53,0.08506935643639452,0.0008278691133592721,0.08424148732303524,0.007096628186397108
ETH,test,54,0.0829480635969401,0.0007241191176660527,0.08222394447927404,0.00676077704573074
ETH,test,55,0.07959630493905866,0.0006333712516967765,0.07896293368736187,0.006235144896514709
ETH,test,56,0.0768771113418262,0.0005539960659634826,0.07632311527586272,0.005825217925412629
ETH,test,57,0.07357783489094549,0.0004845683164191795,0.07309326657452632,0.005342625618534766
ETH,test,58,0.07253155704318294,0.0004238413730771793,0.07210771567010577,0.005199522659160817
ETH,test,59,0.07218800324514611,0.00037072483578672207,0.07181727840935939,0.005157721478127438
ETH,test,60,0.0724447910600183,0.00032426495523849084,0.07212052610477981,0.005201370285630226
ETH,test,61,0.07079638429014674,0.0002836275076437338,0.07051275678250302,0.0049720488690684255
ETH,test,62,0.0676214211899552,0.00024808281558835364,0.06737333837436685,0.004539166723706933
ETH,test,63,0.0654263502720782,0.00021699264609958854,0.06520935762597861,0.004252260321992775
ETH,test,64,0.06467101508509769,0.00018979875066974108,0.06448121633442795,0.004157827259967298
ETH,test,65,0.0651654795482621,0.00016601284146404462,0.06499946670679806,0.004224930672168149
ETH,test,66,0.06389338917914332,0.00014520782372757658,0.06374818135541574,0.004063830626122975
ETH,test,67,0.06058746645643085,0.00012701012696217023,0.060460456329468684,0.0036554667795675897
ETH,test,68,0.05665212276461979,0.00011109299717356097,0.05654102976744623,0.003196888047163241
ETH,test,69,0.05451463657890297,9.717062974577428e-05,0.054417465949157195,0.002961260600327683
ETH,test,70,0.05506354479048898,8.499303759388972e-05,0.05497855175289509,0.0030226411528457633
ETH,test,71,0.056290842354556093,7.434156244881697e-05,0.05621650079210728,0.0031602949613089982
ETH,test,72,0.05529746679684864,6.502494867566276e-05,0.055232441848172976,0.0030506226325118097
ETH,test,73,0.051473357316787614,5.687590912800168e-05,0.051416481407659614,0.002643654560344207
ETH,test,74,0.0464275265918959,4.974812137525664e-05,0.04637777847052064,0.0021508983358606874
ETH,test,75,0.04263414616014768,4.351360036808296e-05,0.042590632559779594,0.0018139619818421577
ETH,test,76,0.039959648748479126,3.806040036589144e-05,0.039921588348113234,0.0015937332162362103
ETH,test,77,0.03736386235048733,3.3290604862807134e-05,0.03733057174562453,0.0013935715868552204
ETH,test,78,0.03385588270674756,2.911856841959946e-05,0.03382676413832796,0.0011442499720700707
ETH,test,79,0.03023845752371141,2.5469378832289533e-05,0.030212988144879122,0.0009128246526426064
ETH,test,80,0.02818711639001856,2.2277512024459653e-05,0.028164838877994102,0.0007932581490233681
ETH,test,81,0.02850548409150875,1.9485655510795642e-05,0.028485998435997955,0.0008114521068956779
ETH,test,82,0.030326424536011476,1.704367930622226e-05,0.030309380856705252,0.0009186585679168108
ETH,test,83,0.031237969736975044,1.4907735802493809e-05,0.03122306200117255,0.0009748796007290652
ETH,test,84,0.030008071137437618,1.3039472449814325e-05,0.029995031664987803,0.000899701924583621
ETH,test,85,0.026347414852631455,1.1405343106565119e-05,0.026336009509524888,0.0006935853968857853
ETH,test,86,0.02276769387311444,9.976005691880946e-06,0.02275771786742256,0.0005179137225332041
ETH,test,87,0.020267087968547617,8.725795325451905e-06,0.020258362173222164,0.00041040123794143865
ETH,test,88,0.019868203684163928,7.632263494360783e-06,0.019860571420669566,0.0003944422971555167
ETH,test,89,0.018785912039841646,6.675774972333017e-06,0.018779236264869312,0.0003526597146917827
ETH,test,90,0.01643940051650566,5.839155253766613e-06,0.016433561361251896,0.0002700619390140313
ETH,test,91,0.012258428893909525,5.107382171941999e-06,0.012253321511737582,0.000150143888070011
ETH,test,92,0.008037036061230893,4.467316164173631e-06,0.008032568745066719,6.452216064422273e-05
ETH,test,93,0.004659946205465137,3.907464340601461e-06,0.004656038741124535,2.1678696758852547e-05
ETH,test,94,0.002654190063623218,3.4177741202913843e-06,0.002650772289502927,7.0265937307965884e-06
ETH,test,95,0.0018718072699681978,2.989452729218127e-06,0.0018688178172389797,3.4924800340298645e-06
ETH,test,96,0.0014928236380651692,2.614809319074542e-06,0.0014902088287460946,2.220722353272807e-06
ETH,test,97,0.0004944160175662045,2.28711687202604e-06,0.0004921289006941784,2.421908548984605e-07
ETH,test,98,-0.0017977997122287275,2.000491411801128e-06,0.0017998002036405285,3.239280773024488e-06
ETH,test,99,-0.005332775310633912,1.7497863522579558e-06,0.0053345250969861705,2.845715801037531e-05
ETH,test,100,-0.008469262438983539,1.5305000863720663e-06,0.00847079293906991,7.175433301659664e-05
ETH,test,101,-0.010601728250400703,1.3386951563327647e-06,0.010603066945557037,0.00011242502865196423
ETH,test,102,-0.01197140428574208,1.170927553383452e-06,0.011972575213295464,0.00014334255723801693
ETH,test,103,-0.014589396074010916,1.024184877928806e-06,0.014590420258888846,0.00021288036333099407
ETH,test,104,-0.018347053074598822,8.958322495247789e-07,0.018347948906848346,0.0003366472290883174
ETH,test,105,-0.022221248127239485,7.835649955226257e-07,0.02222203169223501,0.0004938186925306971
ETH,test,106,-0.02465315348695312,6.853672688542673e-07,0.024653838854221975,0.0006078117702499451
ETH,test,107,-0.02576113360917405,5.994758519086936e-07,0.02576173308502596,0.0006636668915441212
ETH,test,108,-0.02600148042722226,5.243484965694627e-07,0.02600200477571883,0.0006761042523565049
ETH,test,109,-0.02689535454595162,4.586362319337132e-07,0.026895813182183554,0.0007233847667309186
ETH,test,110,-0.028434231175283473,4.0115914247594134e-07,0.02843463233442595,0.0008085283159939817
ETH,test,111,-0.030304703081128676,3.5088518173438093e-07,0.03030505396631041,0.0009183962959009863
ETH,test,112,-0.029934290149696,3.0691164110301536e-07,0.029934597061337102,0.0008960801012246119
ETH,test,113,-0.02833201008541552,2.6844894098677344e-07,0.028332278534356506,0.0008027180069483585
ETH,test,114,-0.027694092394942787,2.3480645327731805e-07,0.027694327201396064,0.0007669757591379859
ETH,test,115,-0.029602596253002066,2.0538010058080212e-07,0.029602801633102645,0.0008763258645288246
ETH,test,116,-0.032308065687810514,1.796415095319487e-07,0.03230824532932004,0.0010438227162595304
ETH,test,117,-0.032574705135427526,1.571285234336561e-07,0.03257486226395096,0.0010611216515153763
ETH,test,118,-0.030866983392149463,1.3743690386909205e-07,0.03086712082905333,0.000952779148275378
ETH,test,119,-0.0289268226926649,1.202130722821783e-07,0.02892694290573718,0.0008367680258717786
ETH,test,120,-0.028222308555793454,1.0514776119582045e-07,0.02822241370355465,0.0007965046352545893
ETH,test,121,-0.028929878533355866,9.197046107050005e-08,0.028929970503816935,0.0008369431933517179
ETH,test,122,-0.028618603590899346,8.044456309219626e-08,0.028618684035462437,0.0008190290759216326
ETH,test,123,-0.028368566990220674,7.036311067456477e-08,0.02836863735333135,0.0008047795852848267
ETH,test,124,-0.026706581621477675,6.154508339024507e-08,0.026706643166561066,0.0007132447892260229
ETH,test,125,-0.026967987878986476,5.383214660635311e-08,0.02696804171113308,0.0007272752737334136
ETH,test,126,-0.027821638002990125,4.7085808461301284e-08,0.027821685088798585,0.0007740461611802776
ETH,test,127,-0.03022034269461028,4.118493313422317e-08,0.030220383879543414,0.0009132716018269674
ETH,test,128,-0.03203099003231268,3.602356575579454e-08,0.03203102605587844,0.0010259866301923634
ETH,test,129,-0.033523005022682004,3.150902990500946e-08,0.03352303653171191,0.0011237939783064913
ETH,test,130,-0.03429373068864469,2.7560263530966015e-08,0.03429375824890822,0.0011760618548345607
ETH,test,131,-0.03404580016153859,2.4106363419825108e-08,0.03404582426790201,0.0011591181500808653
ETH,test,132,-0.03303259134500907,2.108531207169895e-08,0.03303261243032114,0.001091153483971807
ETH,test,133,-0.03201257229886543,1.8442864127539936e-08,0.03201259074172955,0.0010248059659974688
ETH,test,134,-0.032057282103035364,1.6131572350946603e-08,0.03205729823460771,0.0010276703701025828
ETH,test,135,-0.03228797952666517,1.4109935675622e-08,0.03228799363660085,0.001042514533077177
ETH,test,136,-0.03217264996203396,1.2341654021004827e-08,0.032172662303687975,0.0010350801997071452
ETH,test,137,-0.031199859179693343,1.0794976495700442e-08,0.03119986997466984,0.0009734318864363045
ETH,test,138,-0.030595268432553117,9.442131285190352e-09,0.030595277874684402,0.0009360710282291529
ETH,test,139,-0.031012417843545272,8.258826987004532e-09,0.03101242610237226,0.0009617705727551002
ETH,test,140,-0.03208292569001832,7.22381643943635e-09,0.03208293291383476,0.0010293145843536216
ETH,test,141,-0.03306985874152159,6.318515212000801e-09,0.0330698650600368,0.0010936159750890428
ETH,test,142,-0.032479891430501444,5.526667907331354e-09,0.03247989695716935,0.001054943706348339
ETH,test,143,-0.03140861365446225,4.834056282702902e-09,0.03140861848851853,0.000986501315357308
ETH,test,144,-0.029536879237749804,4.2282439502725766e-09,0.029536883465993754,0.0008724274848836952
ETH,test,145,-0.028781537031183916,3.6983530719299683e-09,0.028781540729536988,0.0008283770867659966
ETH,test,146,-0.028046846485741884,3.2348690391367046e-09,0.028046849720610924,0.000786625779250533
ETH,test,147,-0.02865195867518051,2.8294696306278946e-09,0.02865196150465014,0.0008209348980639535
ETH,test,148,-0.028398110019045367,2.4748755803672667e-09,0.028398112493920945,0.0008064527932173889
ETH,test,149,-0.02855000059073693,2.164719872585803e-09,0.028550002755456803,0.000815102657336591
ETH,test,150,-0.028456688309916392,1.8934334169932296e-09,0.02845669020334981,0.000809783217329425
ETH,test,151,-0.02982644783754363,1.6561450513706385e-09,0.02982644949368868,0.0008896170893995619
ETH,test,152,-0.030902740693262064,1.4485940760119489e-09,0.03090274214185614,0.0009549794718860513
ETH,test,153,-0.03178005729202118,1.267053749501132e-09,0.031780058559074925,0.0010099721220182315
ETH,test,154,-0.03145106804444752,1.108264372131558e-09,0.03145106915271189,0.0009891697508486654
ETH,test,155,-0.03182386259423472,9.693747554275e-10,0.03182386356360947,0.0010127582921152305
ETH,test,156,-0.03180092609065063,8.478910268068951e-10,0.03180092693854166,0.0010112989541504647
ETH,test,157,-0.03308450326511642,7.416318501327209e-10,0.033084504006748276,0.0010945844053725428
ETH,test,158,-0.033852431563386264,6.486892581026781e-10,0.03385243221207552,0.0011459871666731681
ETH,test,159,-0.03538282512486799,5.673943931918482e-10,0.035382825692262386,0.0012519443539690232
ETH,test,160,-0.03571116787216945,4.962875419999444e-10,0.03571116836845699,0.001275287546240283
ETH,test,161,-0.03595256609855819,4.3409192494622844e-10,0.03595256653265011,0.0012925870402846328
ETH,test,162,-0.03599471479881677,3.796907706854006e-10,0.03599471517850754,0.001295619520781881
ETH,test,163,-0.03702543286208211,3.321072635975235e-10,0.037025433194189376,0.0013708827032173805
ETH,test,164,-0.038906510843675565,2.90487004293349e-10,0.03890651113416257,0.0015137166086327159
ETH,test,165,-0.0408090060370774,2.5408266819959246e-10,0.04080900629116007,0.0016653749944719421
ETH,test,166,-0.04162362694642505,2.222405867569557e-10,0.04162362716866564,0.0017325263386760805
ETH,test,167,-0.04121803338740941,1.9438901028572865e-10,0.04121803358179842,0.0016989262923502626
ETH,test,168,-0.0410422563199608,1.700278417694668e-10,0.04104225648998864,0.0016844668177900147
ETH,test,169,-0.042535970559879885,1.487196572187356e-10,0.04253597070859954,0.0018093088041228381
ETH,test,170,-0.04599049255484055,1.3008185137847248e-10,0.0459904926849224,0.0021151254174019006
ETH,test,171,-0.04904164320917701,1.1377976774894875e-10,0.04904164332295678,0.0024050827798161117
ETH,test,172,-0.049895159420107985,9.952068956444104e-11,0.049895159519628675,0.002489526943489192
ETH,test,173,-0.04859641945362178,8.704858383289637e-11,0.048596419540670364,0.0023616119921728482
ETH,test,174,-0.047679198970342625,7.613950406167833e-11,0.04767919904648213,0.0022733060217140625
ETH,test,175,-0.04917021140083215,6.659756912171055e-11,0.04917021146742972,0.002417709695751757
ETH,test,176,-0.05203013459591339,5.825144604735226e-11,0.05203013465416483,0.0027071349121305243
ETH,test,177,-0.05479872520044087,5.0951273617904655e-11,0.05479872525139214,0.0030029002891775627
ETH,test,178,-0.055467166081372456,4.45659714812279e-11,0.055467166125938425,0.003076606518042451
ETH,test,179,-0.05567296972747286,3.8980886502662005e-11,0.05567296976645375,0.0030994795626164734
ETH,test,180,-0.05543148647254439,3.409573407759024e-11,0.05543148650664012,0.0030726496963358256
ETH,test,181,-0.05699212626422103,2.982279744228906e-11,0.05699212629404383,0.003248102459516242
ETH,test,182,-0.05899423828133524,2.608535265027097e-11,0.05899423830742059,0.0034803201534727313
ETH,test,183,-0.06219017139258402,2.281629093332872e-11,0.062190171415400314,0.0038676174206768743
ETH,test,184,-0.06380981006515456,1.9956913710687002e-11,0.06380981008511147,0.004071691863097993
ETH,test,185,-0.06466248073594612,1.7455878609700967e-11,0.064662480753402,0.004181236417184085
ETH,test,186,-0.06405202904624067,1.5268277573072014e-11,0.06405202906150895,0.004102662426896387
ETH,test,187,-0.06430658898819104,1.3354830499269114e-11,0.06430658900154587,0.004135337389013741
ETH,test,188,-0.06404264854551892,1.1681179937333546e-11,0.0640426485572001,0.004101460834221044
ETH,test,189,-0.0634645675801053,1.0217274171756162e-11,0.06346456759032257,0.004027751339426622
ETH,test,190,-0.06188194249878768,8.936827620229706e-12,0.06188194250772451,0.0038293748085293216
ETH,test,191,-0.06163631990710634,7.816848855292381e-12,0.061636319914923195,0.0037990359326547578
ETH,test,192,-0.06278301627868053,6.83722777511907e-12,0.06278301628551776,0.003941707133907588
ETH,test,193,-0.0654017772260494,5.980374510786306e-12,0.06540177723202976,0.004277392465108047
ETH,test,194,-0.06724314327887623,5.230903586306177e-12,0.06724314328410713,0.004521640318726962
ETH,test,195,-0.06761052845742897,4.575357660273552e-12,0.06761052846200433,0.004571183558911497
ETH,test,196,-0.06602016047750185,4.001965888690071e-12,0.06602016048150382,0.004358661590003518
ETH,test,197,-0.06378226667081785,3.500432570178864e-12,0.06378226667431829,0.004068177542113853
ETH,test,198,-0.062450801642745024,3.0617522785482034e-12,0.062450801645806776,0.0039001026262039024
ETH,test,199,-0.06250548812121726,2.6780481632634643e-12,0.06250548812389531,0.003906936045606418
ETH,test,200,-0.06299806686747722,2.3424305143849023e-12,0.06299806686981965,0.003968756429334268
ETH,test,201,-0.06274013995264999,2.0488730523931632e-12,0.06274013995469886,0.0039363251615352
ETH,test,202,-0.060482166070726213,1.7921047215888054e-12,0.06048216607251832,0.003658092412823686
ETH,test,203,-0.057698605838418966,1.5675150441310018e-12,0.05769860583998648,0.0033291291158781223
ETH,test,204,-0.05494731672950016,1.3710713352725566e-12,0.05494731673087123,0.0030192076159226812
ETH,test,205,-0.05400196967380565,1.1992462933255063e-12,0.054001969675004896,0.0029162127287801483
ETH,test,206,-0.053366926099491556,1.0489546641780435e-12,0.05336692610054051,0.0028480288014205517
ETH,test,207,-0.05345600374104458,9.174978431242234e-13,0.05345600374196208,0.0028575443360606637
ETH,test,208,-0.05317173375233994,8.025154192886258e-13,0.05317173375314246,0.0028272332703150687
ETH,test,209,-0.054449571651072934,7.01942792587907e-13,0.05444957165177488,0.0029647558530617665
ETH,test,210,-0.05574271043543235,6.139741022083723e-13,0.055742710436046325,0.003107249766756908
ETH,test,211,-0.057537256398971184,5.370298009511481e-13,0.05753725639950821,0.003310535873982749
ETH,test,212,-0.05696178069856563,4.697282932167576e-13,0.05696178069903536,0.003244644460404997
ETH,test,213,-0.0555069836175861,4.108611273667465e-13,0.05550698361799696,0.003081025230368583
ETH,test,214,-0.053277085739872616,3.5937129702165387e-13,0.05327708574023199,0.0028384478649720307
ETH,test,215,-0.051747666977935314,3.143342616780213e-13,0.051747666978249646,0.0026778210376918288
ETH,test,216,-0.05079169002586345,2.7494134585465586e-13,0.05079169002613839,0.002579795775711326
ETH,test,217,-0.05030141249786615,2.404852186867259e-13,0.050301412498106636,0.0025302320993046785
ETH,test,218,-0.05087034843322402,2.1034719324235473e-13,0.05087034843343437,0.0025877923497390183
ETH,test,219,-0.05117307466367591,1.8398611751092533e-13,0.0511730746638599,0.0026186835705529795
ETH,test,220,-0.05062395771561377,1.6092865759203262e-13,0.050623957715774694,0.002562785094808544
ETH,test,221,-0.04888375995903193,1.407607986120791e-13,0.04888375995917269,0.0023896219877460154
ETH,test,222,-0.04755139196839671,1.231204107607695e-13,0.04755139196851983,0.0022611348781438126
ETH,test,223,-0.04747910431499007,1.0769074696482863e-13,0.04747910431509776,0.0022542653465639348
ETH,test,224,-0.04756301443241593,9.41947554445461e-14,0.047563014432510126,0.0022622403419071666
ETH,test,225,-0.04687814725136767,8.239010503061717e-14,0.046878147251450064,0.002197560689728635
ETH,test,226,-0.044622640396248636,7.206483391692018e-14,0.044622640396320704,0.001991180035939352
ETH,test,227,-0.043323588055770156,6.303354371915633e-14,0.04332358805583319,0.0018769332820315321
ETH,test,228,-0.043835670207890795,5.513407050067335e-14,0.04383567020794593,0.0019215659825797984
ETH,test,229,-0.04722322484516255,4.8224572991116996e-14,0.04722322484521078,0.0022300329647813324
ETH,test,230,-0.05006427723618001,4.2180985714580395e-14,0.05006427723622219,0.0025064318551853157
ETH,test,231,-0.05144639203696124,3.6894791296158746e-14,0.051446392036998134,0.002646731253624505
ETH,test,232,-0.05008407126875297,3.2271071946917216e-14,0.050084071268785245,0.0025084141948567597
ETH,test,233,-0.04867656816541482,2.8226805140148155e-14,0.048676568165443045,0.002369408288365023
ETH,test,234,-0.04672745296375961,2.4689372876441012e-14,0.0467274529637843,0.002183454860482674
ETH,test,235,-0.04535026446070819,2.159525777024377e-14,0.04535026446072978,0.0020566464866581305
ETH,test,236,-0.04337197571900283,1.8888902545122046e-14,0.04337197571902172,0.0018811282777714093
ETH,test,237,-0.0414854096149868,1.652171245905395e-14,0.04148540961500332,0.00172103921092461
ETH,test,238,-0.03915478408720193,1.4451182747520223e-14,0.039154784087216385,0.0015330971169165335
ETH,test,239,-0.036482946427396794,1.2640135416942387e-14,0.036482946427409436,0.001331005380025227
ETH,test,240,-0.034505851659495004,1.1056051684493287e-14,0.03450585165950606,0.001190653798747837
ETH,test,241,-0.03311240330362512,9.670488077710442e-15,0.03311240330363479,0.001096431252542564
ETH,test,242,-0.03340579353328529,8.458565709520365e-15,0.033405793533293746,0.0011159470415890503
ETH,test,243,-0.0324501934636587,7.39852355820422e-15,0.032450193463666094,0.0010530150558293577
ETH,test,244,-0.030806777540475228,6.471327731094345e-15,0.030806777540481698,0.0009490575424287276
ETH,test,245,-0.027402059488237023,5.660329696023214e-15,0.027402059488242682,0.0007508728641971908
ETH,test,246,-0.025982378345464033,4.9509673438010495e-15,0.025982378345468984,0.0006750839844870955
ETH,test,247,-0.025469265356790286,4.330503514063131e-15,0.025469265356794616,0.0006486834778148184
ETH,test,248,-0.025226434152248876,3.78779728951222e-15,0.025226434152252664,0.0006363729800379396
ETH,test,249,-0.0223311755703856,3.3131039519639002e-15,0.022331175570388915,0.0004986814023555347
ETH,test,250,-0.018084451186468214,2.897900008247894e-15,0.01808445118647111,0.00032704737471585634
ETH,test,251,-0.014043190282440391,2.5347301441674323e-15,0.014043190282442925,0.0001972111933088994
ETH,test,252,-0.012028517172126996,2.2170733584543514e-15,0.012028517172129213,0.00014468522536020736
ETH,test,253,-0.010978033799781182,1.939225873049533e-15,0.010978033799783122,0.00012051722610918064
ETH,test,254,-0.00948391192457857,1.6961987172704335e-15,0.009483911924580266,8.994458539319577e-05
ETH,test,255,-0.006082479011935158,1.4836281469086895e-15,0.006082479011936642,3.699655093064974e-05
ETH,test,256,-0.0013747683722704124,1.2976972897620528e-15,0.0013747683722717102,1.8899880773986075e-06
ETH,test,257,0.003240831313178255,1.1350676106844048e-15,0.00324083131317712,1.0502987600469336e-05
ETH,test,258,0.006939584438703835,9.928189655547805e-16,0.006939584438702842,4.815783218188663e-05
ETH,test,259,0.009559050030412346,8.683971677871498e-16,0.009559050030411477,9.137543748390965e-05
ETH,test,260,0.011845004470592403,7.595681258962955e-16,0.011845004470591643,0.00014030413090833601
ETH,test,261,0.013267556245546671,6.643777286236191e-16,0.013267556245546007,0.00017602804872872687
ETH,test,262,0.015022460091491522,5.81116757328682e-16,0.015022460091490941,0.00022567430720043803
ETH,test,263,0.01704452831538762,5.082901956208003e-16,0.01704452831538711,0.0002905159454940329
ETH,test,264,0.019884045217144517,4.445903851609335e-16,0.019884045217144073,0.0003953752541974301
ETH,test,265,0.021977006378610567,3.8887354562512134e-16,0.021977006378610178,0.0004829888093654725
ETH,test,266,0.024982950814600193,3.4013923722689944e-16,0.024982950814599853,0.0006241478314047155
ETH,test,267,0.029065475610766823,2.975123970320882e-16,0.029065475610766525,0.0008448018724800636
ETH,test,268,0.03473327618945581,2.6022762651382494e-16,0.03473327618945555,0.0012064004748529999
ETH,test,269,0.03971197834049619,2.276154482184989e-16,0.03971197834049596,0.0015770412237160203
ETH,test,270,0.043539053929744505,1.9909028477019044e-16,0.043539053929744304,0.0018956492170971828
ETH,test,271,0.04694546467592796,1.741399443671597e-16,0.046945464675927785,0.0022038766536387833
ETH,test,272,0.05070450925479021,1.523164239741846e-16,0.05070450925479006,0.002570947258769091
ETH,test,273,0.055259925709794995,1.3322786507481393e-16,0.05525992570979486,0.0030536593894520472
ETH,test,274,0.05969589571094947,1.1653151754272497e-16,0.059695895710949354,0.0035635999647325414
ETH,test,275,0.062528183035429,1.0192758529294764e-16,0.0625281830354289,0.003909773673712098
ETH,test,276,0.06348862282661139,8.91538432067704e-17,0.0634886228266113,0.0040308052284197095
ETH,test,277,0.062193299723679894,7.798092867296986e-17,0.06219329972367982,0.0038680065305194723
ETH,test,278,0.061106410478199126,6.820822320127433e-17,0.06110641047819906,0.0037339934015301556
ETH,test,279,0.06020888517844103,5.966025015918392e-17,0.06020888517844097,0.003625109854430688
ETH,test,280,0.06129092961107865,5.2183523950670873e-17,0.06129092961107859,0.0037565780525901904
ETH,test,281,0.06326223600439615,4.5643794061280047e-17,0.06326223600439611,0.0040021105042759115
ETH,test,282,0.06635375303996624,3.992363448428553e-17,0.0663537530399662,0.004402820542488824
ETH,test,283,0.07006423586220525,3.49203352441498e-17,0.07006423586220521,0.004908997146954723
ETH,test,284,0.07465409450966914,3.0544058157926335e-17,0.07465409450966912,0.005573233827058609
ETH,test,285,0.08059538556585813,2.6716223719847633e-17,0.0805953855658581,0.006495616174509328
ETH,test,286,0.0879325852262202,2.33681001443394e-17,0.08793258522622018,0.007732139544566474
ETH,test,287,0.09527717648672432,2.0439569232615684e-17,0.0952771764867243,0.00907774035928241
ETH,test,288,0.10122568143683491,1.7878046903016642e-17,0.1012256814368349,0.01024663858235158
ETH,test,289,0.10225810474681601,1.5637539002359888e-17,0.102258104746816,0.010456719986410793
ETH,test,290,0.09998739877014336,1.3677815444653834e-17,0.09998739877014334,0.009997479912819662
ETH,test,291,0.09518967472673072,1.1963687848182377e-17,0.0951896747267307,0.009061074174580795
ETH,test,292,0.09144769411828901,1.0464377700365227e-17,0.091447694118289,0.008362680759552148
ETH,test,293,0.08861298584691941,9.152963705295745e-18,0.0886129858469194,0.007852261260706338
ETH,test,294,0.08684000422213008,8.005898390645554e-18,0.08684000422213006,0.007541186333299567
ETH,test,295,0.08580637898309988,7.002585294231767e-18,0.08580637898309987,0.007362734674191363
ETH,test,296,0.08492732279835677,6.1250091382982155e-18,0.08492732279835677,0.007212650157696289
ETH,test,297,0.08354990968699605,5.357412350998346e-18,0.08354990968699605,0.006980587408705196
ETH,test,298,0.08163360297284154,4.686012126767896e-18,0.08163360297284154,0.0066640451343275234
ETH,test,299,0.07926269617340244,4.098752945183286e-18,0.07926269617340244,0.006282575004677105
ETH,test,300,0.0766828778644169,3.585090104586657e-18,0.0766828778644169,0.005880263757569079
ETH,recent,1,0.8963519763153672,0.874678262518782,0.021673713796585226,0.00046974986973628873
ETH,recent,2,0.7491809537230605,0.7650620629228754,0.01588110919981489,0.00025220962941644516
ETH,recent,3,0.6058847438935944,0.6691831559164156,0.06329841202282127,0.004006688964610845
ETH,recent,4,0.5559780769187644,0.5853199601238056,0.029341883205041164,0.0008609461100182767
ETH,recent,5,0.5211939817209266,0.5119666457386531,0.009227335982273432,8.514372932975801e-05
ETH,recent,6,0.49230374673592064,0.44780609616225386,0.04449765057366678,0.0019800409065761477
ETH,recent,7,0.4669766948103525,0.3916862581365188,0.07529043667383367,0.005668649854536558
ETH,recent,8,0.44713845608207986,0.3425994557193334,0.10453900036274644,0.0109284025968423
ETH,recent,9,0.4294260733224139,0.29966429666846695,0.12976177665394695,0.01683811868038881
ETH,recent,10,0.4148915717546137,0.2621098463488875,0.1527817254057262,0.023342255617950725
ETH,recent,11,0.4015649257480877,0.22926178499350985,0.17230314075457787,0.029688372313891872
ETH,recent,12,0.39125735945353496,0.20053029976007775,0.1907270596934572,0.03637681129931159
ETH,recent,13,0.379421231834932,0.17539949417651535,0.20402173765841664,0.04162486943715978
ETH,recent,14,0.36599479770508747,0.15341812481298767,0.2125766728920998,0.0451888418578748
ETH,recent,15,0.34763580565403135,0.13419149885031367,0.21344430680371768,0.04555847210691956
ETH,recent,16,0.3284906550680641,0.1173743870591835,0.21111626800888056,0.044570078617997486
ETH,recent,17,0.31089850434454935,0.10266482493713364,0.20823367940741572,0.04336126523955039
ETH,recent,18,0.29907738887122215,0.08979869069780698,0.20927869817341516,0.0437975735091594
ETH,recent,19,0.28925545325553115,0.07854496275601931,0.21071049049951185,0.04439891080654487
ETH,recent,20,0.28132315650114126,0.06870157155303741,0.21262158494810385,0.04520793838584374
ETH,recent,21,0.2754357166148808,0.060091771238320546,0.21534394537656026,0.04637301481034297
ETH,recent,22,0.2737748499643338,0.05256096605841033,0.2212138839059235,0.0489355824327434
ETH,recent,23,0.2734694841434472,0.04597393446827903,0.22749554967516816,0.051754225122006906
ETH,recent,24,0.2683295339892992,0.040212401121866644,0.22811713286743257,0.05203742630765788
ETH,recent,25,0.2597740386610911,0.03517291314498264,0.22460112551610847,0.05044566558310271
ETH,recent,26,0.24720909594177876,0.03076498255737744,0.2164441133844013,0.04684805421875957
ETH,recent,27,0.23558733777335011,0.026909461489707534,0.2086778762836426,0.043546456050251245
ETH,recent,28,0.22377884071545295,0.02353712102113346,0.2002417196943195,0.04009674630613842
ETH,recent,29,0.2161681907803968,0.020587408119459315,0.1955807826609375,0.038251842546264875
ETH,recent,30,0.21174248923045685,0.01800735836369374,0.1937351308667631,0.037533300931961826
ETH,recent,31,0.20788863167004357,0.015750644926108698,0.19213798674393487,0.03691700595001249
ETH,recent,32,0.2025518873164471,0.013776746737519024,0.18877514057892808,0.035636053700594056
ETH,recent,33,0.1969504170963951,0.012050220899534439,0.18490019619686066,0.03418808255363756
ETH,recent,34,0.19540066006599444,0.010540066279372297,0.18486059378662215,0.03417343913514252
ETH,recent,35,0.19832358822913382,0.009219166860074164,0.18910442136905967,0.03576048218132687
ETH,recent,36,0.20113295043114837,0.008063804851040404,0.19306914558010796,0.03727569497503292
ETH,recent,37,0.19961919872413172,0.007053234816398547,0.19256596390773317,0.0370816504557144
ETH,recent,38,0.19237770994531828,0.006169311174344461,0.1862083987709738,0.03467356777285
ETH,recent,39,0.18348166477344882,0.00539616237891332,0.1780855023945355,0.031714446163114106
ETH,recent,40,0.17670144466872106,0.00471990593385712,0.17198153873486394,0.029577649665611504
ETH,recent,41,0.17115575975774755,0.004128399121478235,0.16702736063626933,0.027898139201118374
ETH,recent,42,0.165980143627107,0.0036110209705586486,0.16236912265654835,0.026363731992257243
ETH,recent,43,0.15919749736643568,0.003158481548447125,0.15603901581798857,0.024348174457446487
ETH,recent,44,0.15225487038393726,0.0027626551529933633,0.1494922152309439,0.02234792241465485
ETH,recent,45,0.14676524167286992,0.002416434409158795,0.14434880726371113,0.020836578158456024
ETH,recent,46,0.1421288828659596,0.0021136026504936143,0.14001528021546597,0.019604278693815456
ETH,recent,47,0.1391142356153713,0.0018487222939888468,0.13726551332138245,0.018841821147382625
ETH,recent,48,0.1352319247915758,0.0016170372039859015,0.1336148875875899,0.017852938185044288
ETH,recent,49,0.13205841952285688,0.0014143872920106175,0.13064403223084625,0.017067863157534394
ETH,recent,50,0.1290022157478971,0.0012371338191044922,0.12776508192879263,0.016323916160271092
ETH,recent,51,0.12686014768721662,0.0010820940593975422,0.12577805362781908,0.015820118774402533
ETH,recent,52,0.1247205250634592,0.000946484151755738,0.12377404091170345,0.015320013203612039
ETH,recent,53,0.12163657761764124,0.0008278691133592721,0.12080870850428196,0.014594744050472569
ETH,recent,54,0.11681662582794326,0.0007241191176660527,0.11609250671027721,0.013477470114275759
ETH,recent,55,0.1124757787592214,0.0006333712516967765,0.11184240750752462,0.012508724117079201
ETH,recent,56,0.10948065800247037,0.0005539960659634826,0.10892666193650688,0.011865017680630056
ETH,recent,57,0.11153676699810933,0.0004845683164191795,0.11105219868169015,0.012332590832037584
ETH,recent,58,0.1130521128260991,0.0004238413730771793,0.11262827145302193,0.012685127530495595
ETH,recent,59,0.11356813329947965,0.00037072483578672207,0.11319740846369293,0.01281365328289614
ETH,recent,60,0.10654203296192334,0.00032426495523849084,0.10621776800668485,0.011282214240321924
ETH,recent,61,0.09608131282051922,0.0002836275076437338,0.0957976853128755,0.009177196511304721
ETH,recent,62,0.08619407607116905,0.00024808281558835364,0.0859459932555807,0.007386713756688322
ETH,recent,63,0.08142620079206342,0.00021699264609958854,0.08120920814596383,0.006594935487694478
ETH,recent,64,0.08204649766236354,0.00018979875066974108,0.0818566989116938,0.006700519156719692
ETH,recent,65,0.08322366106042749,0.00016601284146404462,0.08305764821896344,0.006898572927665081
ETH,recent,66,0.08401902065958666,0.00014520782372757658,0.08387381283585908,0.0070348164796247194
ETH,recent,67,0.08317235990306379,0.00012701012696217023,0.08304534977610162,0.006896530119435061
ETH,recent,68,0.08051752433164669,0.00011109299717356097,0.08040643133447313,0.006465194199945342
ETH,recent,69,0.07649484544269045,9.717062974577428e-05,0.07639767481294467,0.0058366047168244405
ETH,recent,70,0.07353445470232296,8.499303759388972e-05,0.07344946166472907,0.0053948234188385055
ETH,recent,71,0.07378451999265324,7.434156244881697e-05,0.07371017843020443,0.005433190404212574
ETH,recent,72,0.07750554805107857,6.502494867566276e-05,0.0774405231024029,0.0059970346183737975
ETH,recent,73,0.07926236716377136,5.687590912800168e-05,0.07920549125464335,0.006273509844889384
ETH,recent,74,0.07591956931664598,4.974812137525664e-05,0.07586982119527072,0.0057562297682023505
ETH,recent,75,0.06755537030142185,4.351360036808296e-05,0.06751185670105377,0.004557850795223618
ETH,recent,76,0.06070602039613085,3.806040036589144e-05,0.06066795999576496,0.003680601370047737
ETH,recent,77,0.05903406515112776,3.3290604862807134e-05,0.059000774546264956,0.0034810913970591867
ETH,recent,78,0.05807478945555396,2.911856841959946e-05,0.05804567088713436,0.003369299908737517
ETH,recent,79,0.0538688610042338,2.5469378832289533e-05,0.053843391625401506,0.002899110821726357
ETH,recent,80,0.04693483531094063,2.2277512024459653e-05,0.04691255779891617,0.00220078807923665
ETH,recent,81,0.04302221874188909,1.9485655510795642e-05,0.043002733086378295,0.0018492350528982945
ETH,recent,82,0.042906822473357475,1.704367930622226e-05,0.04288977879405125,0.0018395331250026484
ETH,recent,83,0.0437255578755316,1.4907735802493809e-05,0.0437106501397291,0.0019106209356377997
ETH,recent,84,0.04421243404125916,1.3039472449814325e-05,0.04419939456880934,0.001953586480249293
ETH,recent,85,0.043128385486057796,1.1405343106565119e-05,0.04311698014295123,0.001859073976647651
ETH,recent,86,0.043066718773818354,9.976005691880946e-06,0.043056742768126474,0.0018538830978006115
ETH,recent,87,0.04326575672098867,8.725795325451905e-06,0.043257030925663215,0.0018711707245037837
ETH,recent,88,0.04609012626027947,7.632263494360783e-06,0.04608249399678511,0.0021235962529637356
ETH,recent,89,0.04584386479238631,6.675774972333017e-06,0.04583718901741397,0.002101047897018136
ETH,recent,90,0.04064372536387155,5.839155253766613e-06,0.04063788620861778,0.0016514377955045671
ETH,recent,91,0.030112212148353842,5.107382171941999e-06,0.030107104766181902,0.000906437757401853
ETH,recent,92,0.020662327409808032,4.467316164173631e-06,0.02065786009364386,0.00042674718364856353
ETH,recent,93,0.015905502800117426,3.907464340601461e-06,0.015901595335776824,0.00025286073422279925
ETH,recent,94,0.015479504900976009,3.4177741202913843e-06,0.015476087126855718,0.00023950927275802927
ETH,recent,95,0.017193292563108694,2.989452729218127e-06,0.017190303110379477,0.0002955065210267223
ETH,recent,96,0.018468768215822835,2.614809319074542e-06,0.01846615340650376,0.0003409988216325304
ETH,recent,97,0.01723514738678019,2.28711687202604e-06,0.017232860269908164,0.0002969714730821793
ETH,recent,98,0.011786415614846273,2.000491411801128e-06,0.011784415123434472,0.0001388724398014311
ETH,recent,99,0.00507390249121447,1.7497863522579558e-06,0.005072152704862212,2.5726733061441052e-05
ETH,recent,100,0.0013339593486272553,1.5305000863720663e-06,0.0013324288485408833,1.7753666364239841e-06
ETH,recent,101,0.0031270814536442327,1.3386951563327647e-06,0.0031257427584879,9.770267792239546e-06
ETH,recent,102,0.005139532816816309,1.170927553383452e-06,0.005138361889262926,2.6402762905029663e-05
ETH,recent,103,0.004214056398501408,1.024184877928806e-06,0.004213032213623479,1.7749640433029155e-05
ETH,recent,104,0.0006341043144567639,8.958322495247789e-07,0.0006332084822072391,4.0095298193919544e-07
ETH,recent,105,-0.0015483781539477888,7.835649955226257e-07,0.0015491617189433114,2.3999020314393953e-06
ETH,recent,106,-0.0024708691004892906,6.853672688542673e-07,0.0024715544677581447,6.108581487095246e-06
ETH,recent,107,-0.0055099081003656385,5.994758519086936e-07,0.005510507576217547,3.0365693747550988e-05
ETH,recent,108,-0.01017395982787745,5.243484965694627e-07,0.01017448417637402,0.00010352012825528534
ETH,recent,109,-0.01640111441892937,4.586362319337132e-07,0.016401573055161305,0.00026901159868379334
ETH,recent,110,-0.019844116090801195,4.0115914247594134e-07,0.019844517249943672,0.000393804864883312
ETH,recent,111,-0.024113205467693924,3.5088518173438093e-07,0.024113556352875657,0.0005814635999833099
ETH,recent,112,-0.026657929834123646,3.0691164110301536e-07,0.026658236745764747,0.0007106615863932418
ETH,recent,113,-0.028969642511321263,2.6844894098677344e-07,0.02896991096026225,0.0008392557410455228
ETH,recent,114,-0.02830315285404495,2.3480645327731805e-07,0.02830338766049823,0.0008010817530604434
ETH,recent,115,-0.02835453932930615,2.0538010058080212e-07,0.02835474470940673,0.0008039915475356289
ETH,recent,116,-0.03090721140352419,1.796415095319487e-07,0.030907391045033723,0.0009552668212106307
ETH,recent,117,-0.035273429182536294,1.571285234336561e-07,0.03527358631105973,0.0012442258912437802
ETH,recent,118,-0.038131370554964156,1.3743690386909205e-07,0.03813150799186803,0.0014540119017338953
ETH,recent,119,-0.03901489838470947,1.202130722821783e-07,0.03901501859778175,0.0015221716761852561
ETH,recent,120,-0.04014656079856721,1.0514776119582045e-07,0.0401466659463284,0.0016117547866060847
ETH,recent,121,-0.0432276474426025,9.197046107050005e-08,0.04322773941306357,0.0018686374547637295
ETH,recent,122,-0.04642321815763931,8.044456309219626e-08,0.0464232986022024,0.0021551226531092474
ETH,recent,123,-0.048057205886767755,7.036311067456477e-08,0.048057276249878426,0.002309501800557129
ETH,recent,124,-0.047843822315058473,6.154508339024507e-08,0.047843883860141864,0.002289037222822743
ETH,recent,125,-0.0487644203566667,5.383214660635311e-08,0.04876447418881331,0.0023779739429114393
ETH,recent,126,-0.04954909600107568,4.7085808461301284e-08,0.04954914308688414,0.0024551175806445187
ETH,recent,127,-0.05038371066469961,4.118493313422317e-08,0.05038375184963275,0.0025385224504453716
ETH,recent,128,-0.048866754747624516,3.602356575579454e-08,0.04886679077119027,0.0023879632402752865
ETH,recent,129,-0.0490901162396148,3.150902990500946e-08,0.04909014774864471,0.0024098426059837672
ETH,recent,130,-0.050947821974734124,2.7560263530966015e-08,0.050947849534997654,0.0025956833722407605
ETH,recent,131,-0.05361385760111726,2.4106363419825108e-08,0.05361388170748068,0.0028744483117437315
ETH,recent,132,-0.05457870728562126,2.108531207169895e-08,0.05457872837093333,0.002978837590588123
ETH,recent,133,-0.056376944479729074,1.8442864127539936e-08,0.0563769629225932,0.0031783619483754483
ETH,recent,134,-0.059356434148502356,1.6131572350946603e-08,0.059356450280074705,0.0035231881898509804
ETH,recent,135,-0.06354164964773429,1.4109935675622e-08,0.06354166375766997,0.004037543033092789
ETH,recent,136,-0.06287311284218688,1.2341654021004827e-08,0.0628731251838409,0.003953029870382929
ETH,recent,137,-0.06258045997531321,1.0794976495700442e-08,0.0625804707702897,0.003916315321831084
ETH,recent,138,-0.06323977661720433,9.442131285190352e-09,0.06323978605933561,0.003999270540830538
ETH,recent,139,-0.06957263074138366,8.258826987004532e-09,0.06957263900021064,0.004840352097453631
ETH,recent,140,-0.07362352206213552,7.22381643943635e-09,0.07362352928595195,0.005420424064519425
ETH,recent,141,-0.07498226874035198,6.318515212000801e-09,0.07498227505886719,0.005622341573003616
ETH,recent,142,-0.07233660919538341,5.526667907331354e-09,0.07233661472205132,0.005232585829446491
ETH,recent,143,-0.0723495064630537,4.834056282702902e-09,0.07234951129710998,0.005234451784930645
ETH,recent,144,-0.07458054481786569,4.2282439502725766e-09,0.07458054904610964,0.005562258296019165
ETH,recent,145,-0.0788066141393934,3.6983530719299683e-09,0.07880661783774646,0.00621048301502462
ETH,recent,146,-0.08185335130007107,3.2348690391367046e-09,0.08185335453494011,0.006699971648622601
ETH,recent,147,-0.08330279696672181,2.8294696306278946e-09,0.08330279979619144,0.0069393564538843535
ETH,recent,148,-0.08413016750725812,2.4748755803672667e-09,0.0841301699821337,0.00707788550122271
ETH,recent,149,-0.08438824949457498,2.164719872585803e-09,0.08438825165929485,0.00712137701811248
ETH,recent,150,-0.08658204055142625,1.8934334169932296e-09,0.08658204244485966,0.00749645007392348
ETH,recent,151,-0.08839995617867867,1.6561450513706385e-09,0.08839995783482373,0.007814552545198613
ETH,recent,152,-0.08858842713999401,1.4485940760119489e-09,0.08858842858858809,0.007847909679795371
ETH,recent,153,-0.085801022886376,1.267053749501132e-09,0.08580102415342976,0.007361815745777437
ETH,recent,154,-0.08165926429734784,1.108264372131558e-09,0.0816592654056122,0.006668235626584214
ETH,recent,155,-0.07888839375619197,9.693747554275e-10,0.07888839472556673,0.006223378822376825
ETH,recent,156,-0.07819168424950226,8.478910268068951e-10,0.07819168509739328,0.006113939618369915
ETH,recent,157,-0.08002373903248113,7.416318501327209e-10,0.08002373977411298,0.006403798927434951
ETH,recent,158,-0.08265758639620241,6.486892581026781e-10,0.08265758704489166,0.0068322766960838425
ETH,recent,159,-0.08351828460284892,5.673943931918482e-10,0.08351828517024332,0.006975303957778085
ETH,recent,160,-0.08295592600070875,4.962875419999444e-10,0.08295592649699629,0.0068816857409750515
ETH,recent,161,-0.08245510886653908,4.3409192494622844e-10,0.082455109300631,0.006798845049779006
ETH,recent,162,-0.08359702309837067,3.796907706854006e-10,0.08359702347806143,0.006988462334391554
ETH,recent,163,-0.08586155099402672,3.321072635975235e-10,0.08586155132613398,0.007372205996130339
ETH,recent,164,-0.08677489115184771,2.90487004293349e-10,0.08677489144233472,0.007529881784828975
ETH,recent,165,-0.08494351766312908,2.5408266819959246e-10,0.08494351791721175,0.0072154012361516735
ETH,recent,166,-0.07882598297275557,2.222405867569557e-10,0.07882598319499616,0.006213535626657817
ETH,recent,167,-0.07328115014876083,1.9438901028572865e-10,0.07328115034314983,0.005370126995615328
ETH,recent,168,-0.071340757665981,1.700278417694668e-10,0.07134075783600884,0.005089503728616056
ETH,recent,169,-0.07496529064344856,1.487196572187356e-10,0.07496529079216822,0.005619794823554342
ETH,recent,170,-0.0782648494575593,1.3008185137847248e-10,0.07826484958764114,0.0061253866809760915
ETH,recent,171,-0.0800739678479179,1.1377976774894875e-10,0.08007396796169766,0.006411840345130984
ETH,recent,172,-0.07762491231307467,9.952068956444104e-11,0.07762491241259535,0.0060256270270631
ETH,recent,173,-0.07371325053586017,8.704858383289637e-11,0.07371325062290876,0.005433643317395759
ETH,recent,174,-0.068763620016907,7.613950406167833e-11,0.0687636200930465,0.004728435448300828
ETH,recent,175,-0.06570668618079475,6.659756912171055e-11,0.06570668624739233,0.004317368617613256
ETH,recent,176,-0.0659265040502685,5.825144604735226e-11,0.06592650410851994,0.004346303943970697
ETH,recent,177,-0.0676579959481359,5.0951273617904655e-11,0.06765799599908717,0.004577604422612496
ETH,recent,178,-0.06967666627783956,4.45659714812279e-11,0.06967666632240553,0.004854837829803841
ETH,recent,179,-0.06911557417201299,3.8980886502662005e-11,0.06911557421099387,0.004776962598515401
ETH,recent,180,-0.06811428810902943,3.409573407759024e-11,0.06811428814312517,0.004639556249244683
ETH,recent,181,-0.0664845658479465,2.982279744228906e-11,0.0664845658777693,0.004420197499955446
ETH,recent,182,-0.06675173977510811,2.608535265027097e-11,0.06675173980119346,0.0044557947664862355
ETH,recent,183,-0.06532507048601194,2.281629093332872e-11,0.06532507050882823,0.004267364836983379
ETH,recent,184,-0.06335884263790584,1.9956913710687002e-11,0.06335884265786275,0.004014342942943809
ETH,recent,185,-0.05919023405300524,1.7455878609700967e-11,0.05919023407046112,0.003503483809315976
ETH,recent,186,-0.056278417457255425,1.5268277573072014e-11,0.056278417472523705,0.0031672602732116615
ETH,recent,187,-0.054901898830232325,1.3354830499269114e-11,0.054901898843587156,0.0030142184966314768
ETH,recent,188,-0.0543296907851084,1.1681179937333546e-11,0.05432969079678958,0.002951715302074762
ETH,recent,189,-0.053386827876934155,1.0217274171756162e-11,0.053386827887151427,0.002850153391852329
ETH,recent,190,-0.05015356447775321,8.936827620229706e-12,0.05015356448669004,0.0025153800307205765
ETH,recent,191,-0.04737230661885846,7.816848855292381e-12,0.04737230662667531,0.0022441354351317457
ETH,recent,192,-0.04673597521495454,6.83722777511907e-12,0.046735975221791765,0.002184251379931934
ETH,recent,193,-0.04809248199038051,5.980374510786306e-12,0.04809248199636089,0.0023128868245702963
ETH,recent,194,-0.04926004811553474,5.230903586306177e-12,0.04926004812076565,0.002426552340860147
ETH,recent,195,-0.048823003322338174,4.575357660273552e-12,0.048823003326913535,0.00238368565385981
ETH,recent,196,-0.05007748065464636,4.001965888690071e-12,0.050077480658648324,0.002507754069117297
ETH,recent,197,-0.05258180836737154,3.500432570178864e-12,0.052581808370871966,0.002764846571551101
ETH,recent,198,-0.055475009377078444,3.0617522785482034e-12,0.055475009380140196,0.0030774766657266426
ETH,recent,199,-0.05439810184861306,2.6780481632634643e-12,0.054398101851291104,0.0029591534850234406
ETH,recent,200,-0.05188256194287378,2.3424305143849023e-12,0.05188256194521621,0.0026918002339991975
ETH,recent,201,-0.04747091515345591,2.0488730523931632e-12,0.047470915155504785,0.0022534877857011337
ETH,recent,202,-0.04532451964556646,1.7921047215888054e-12,0.04532451964735857,0.002054312081263793
ETH,recent,203,-0.04353435639618436,1.5675150441310018e-12,0.043534356397751876,0.0018952401869664797
ETH,recent,204,-0.04639144967540463,1.3710713352725566e-12,0.0463914496767757,0.002152166603112812
ETH,recent,205,-0.05260952159494162,1.1992462933255063e-12,0.05260952159614087,0.002767761762574813
ETH,recent,206,-0.0626542018473959,1.0489546641780435e-12,0.06265420184844485,0.00392554900926567
ETH,recent,207,-0.0693249089306198,9.174978431242234e-13,0.0693249089315373,0.00480594299836594
ETH,recent,208,-0.07001819874078513,8.025154192886258e-13,0.07001819874158764,0.0049025481550164654
ETH,recent,209,-0.06519040364037423,7.01942792587907e-13,0.06519040364107617,0.004249788726886437
ETH,recent,210,-0.060054310044024915,6.139741022083723e-13,0.06005431004463889,0.0036065201549376155
ETH,recent,211,-0.059478520611653776,5.370298009511481e-13,0.059478520612190805,0.0035376944142148066
ETH,recent,212,-0.062241729055507455,4.697282932167576e-13,0.062241729055977184,0.0038740328358776743
ETH,recent,213,-0.0686240181167664,4.108611273667465e-13,0.06862401811717726,0.004709255862546673
ETH,recent,214,-0.07211871670513925,3.5937129702165387e-13,0.07211871670549862,0.005201109299247966
ETH,recent,215,-0.0721337943355166,3.143342616780213e-13,0.07213379433583093,0.005203284285283955
ETH,recent,216,-0.06583272919527797,2.7494134585465586e-13,0.06583272919555291,0.004333948233335005
ETH,recent,217,-0.06039509023727678,2.404852186867259e-13,0.06039509023751727,0.003647566924797854
ETH,recent,218,-0.057525387710183784,2.1034719324235473e-13,0.05752538771039413,0.003309170231231164
ETH,recent,219,-0.05814336506685674,1.8398611751092533e-13,0.05814336506704072,0.0033806509013191714
ETH,recent,220,-0.058138049897994086,1.6092865759203262e-13,0.05813804989815501,0.003380032845960362
ETH,recent,221,-0.05896501955272998,1.407607986120791e-13,0.05896501955287074,0.003476873530870429
ETH,recent,222,-0.06003920957511507,1.231204107607695e-13,0.060039209575238194,0.0036047066864193737
ETH,recent,223,-0.06157962108753765,1.0769074696482863e-13,0.06157962108764534,0.003792049733297975
ETH,recent,224,-0.06034349774188796,9.41947554445461e-14,0.06034349774198215,0.003641337719736605
ETH,recent,225,-0.059556262967413585,8.239010503061717e-14,0.05955626296749598,0.003546948458653533
ETH,recent,226,-0.05892307421376803,7.206483391692018e-14,0.0589230742138401,0.0034719286748097077
ETH,recent,227,-0.06114732280058676,6.303354371915633e-14,0.061147322800649793,0.003738995085686866
ETH,recent,228,-0.06298714549600956,5.513407050067335e-14,0.0629871454960647,0.003967380497742423
ETH,recent,229,-0.06659346577804262,4.8224572991116996e-14,0.06659346577809085,0.004434689684337757
ETH,recent,230,-0.06720735419047119,4.2180985714580395e-14,0.06720735419051337,0.004516828457289114
ETH,recent,231,-0.06744174367453416,3.6894791296158746e-14,0.06744174367457106,0.004548388789866546
ETH,recent,232,-0.06400810256425286,3.2271071946917216e-14,0.06400810256428513,0.004097037193880044
ETH,recent,233,-0.06417017535506651,2.8226805140148155e-14,0.06417017535509474,0.0041178114051036085
ETH,recent,234,-0.06445796773725024,2.4689372876441012e-14,0.06445796773727493,0.004154829604819575
ETH,recent,235,-0.0666479144873432,2.159525777024377e-14,0.06664791448736479,0.00444194450551509
ETH,recent,236,-0.06530920227915998,1.8888902545122046e-14,0.06530920227917887,0.004265291902342702
ETH,recent,237,-0.06251099466996428,1.652171245905395e-14,0.06251099466998081,0.003907624454630369
ETH,recent,238,-0.056978190267261496,1.4451182747520223e-14,0.05697819026727595,0.0032465141661339
ETH,recent,239,-0.05012276441056985,1.2640135416942387e-14,0.05012276441058249,0.002512291512158755
ETH,recent,240,-0.04380353111452203,1.1056051684493287e-14,0.043803531114533084,0.001918749338101868
ETH,recent,241,-0.0409314048918868,9.670488077710442e-15,0.04093140489189647,0.0016753799064243664
ETH,recent,242,-0.0405692305769995,8.458565709520365e-15,0.04056923057700796,0.0016458624696104377
ETH,recent,243,-0.03905271180286329,7.39852355820422e-15,0.039052711802870683,0.0015251142991580752
ETH,recent,244,-0.03358832428837468,6.471327731094345e-15,0.033588324288381155,0.0011281755285014554
ETH,recent,245,-0.02877454141817448,5.660329696023214e-15,0.028774541418180137,0.0008279742338265642
ETH,recent,246,-0.025380004295173144,4.9509673438010495e-15,0.025380004295178095,0.0006441446180232586
ETH,recent,247,-0.024366991106498433,4.330503514063131e-15,0.024366991106502763,0.0005937502555843847
ETH,recent,248,-0.020755034545827323,3.78779728951222e-15,0.02075503454583111,0.00043077145899864284
ETH,recent,249,-0.016953329494411674,3.3131039519639002e-15,0.016953329494414988,0.00028741538094620114
ETH,recent,250,-0.014385421923370991,2.897900008247894e-15,0.01438542192337389,0.00020694036391348615
ETH,recent,251,-0.012053022255918826,2.5347301441674323e-15,0.01205302225592136,0.00014527534550173564
ETH,recent,252,-0.009101439295037601,2.2170733584543514e-15,0.009101439295039818,8.28361972412949e-05
ETH,recent,253,-0.0030066301480539547,1.939225873049533e-15,0.003006630148055894,9.039824847198608e-06
ETH,recent,254,0.002436598456204419,1.6961987172704335e-15,0.002436598456202723,5.937012036769493e-06
ETH,recent,255,0.007990243843311236,1.4836281469086895e-15,0.007990243843309753,6.384399667554942e-05
ETH,recent,256,0.010778935833703358,1.2976972897620528e-15,0.01077893583370206,0.00011618545770706633
ETH,recent,257,0.010728495808288288,1.1350676106844048e-15,0.010728495808287154,0.00011510062230843503
ETH,recent,258,0.009495718922994046,9.928189655547805e-16,0.009495718922993054,9.016867786448836e-05
ETH,recent,259,0.01134321244941502,8.683971677871498e-16,0.01134321244941415,0.00012866846867254416
ETH,recent,260,0.01917031849918685,7.595681258962955e-16,0.01917031849918609,0.00036750111136023647
ETH,recent,261,0.029165597828468292,6.643777286236191e-16,0.02916559782846763,0.0008506320966919157
ETH,recent,262,0.037736965992709925,5.81116757328682e-16,0.03773696599270934,0.0014240786023349014
ETH,recent,263,0.04208610417034403,5.082901956208003e-16,0.04208610417034352,0.0017712401642370065
ETH,recent,264,0.043504750013532885,4.445903851609335e-16,0.04350475001353244,0.001892663273739951
ETH,recent,265,0.041363465585339446,3.8887354562512134e-16,0.04136346558533906,0.0017109362852295285
ETH,recent,266,0.03744797570258,3.4013923722689944e-16,0.03744797570257966,0.0014023508842209967
ETH,recent,267,0.03477469206477489,2.975123970320882e-16,0.03477469206477459,0.001209279208199897
ETH,recent,268,0.03686036043868169,2.6022762651382494e-16,0.036860360438681426,0.0013586861716695109
ETH,recent,269,0.043599317036022975,2.276154482184989e-16,0.043599317036022746,0.0019009004460076233
ETH,recent,270,0.0506793603904673,1.9909028477019044e-16,0.050679360390467096,0.002568397569586845
ETH,recent,271,0.056666410313561115,1.741399443671597e-16,0.05666641031356094,0.0032110820578248457
ETH,recent,272,0.06363011908007665,1.523164239741846e-16,0.0636301190800765,0.0040487920541447155
ETH,recent,273,0.07585930417247268,1.3322786507481393e-16,0.07585930417247254,0.005754634029531709
ETH,recent,274,0.09130874317783398,1.1653151754272497e-16,0.09130874317783387,0.008337286580715624
ETH,recent,275,0.104373441583797,1.0192758529294764e-16,0.1043734415837969,0.010893815308046263
ETH,recent,276,0.11059571060930218,8.91538432067704e-17,0.1105957106093021,0.012231411205176497
ETH,recent,277,0.10951499060116282,7.798092867296986e-17,0.10951499060116274,0.011993533166372763
ETH,recent,278,0.10481114285652773,6.820822320127433e-17,0.10481114285652766,0.01098537566689145
ETH,recent,279,0.0998420187385271,5.966025015918392e-17,0.09984201873852705,0.009968428705784387
ETH,recent,280,0.09790631757893035,5.2183523950670873e-17,0.0979063175789303,0.009585647021866357
ETH,recent,281,0.0987674597953246,4.5643794061280047e-17,0.09876745979532456,0.009755011114421053
ETH,recent,282,0.10042494033287502,3.992363448428553e-17,0.10042494033287498,0.0100851686408615
ETH,recent,283,0.10300390296881128,3.49203352441498e-17,0.10300390296881123,0.01060980402680828
ETH,recent,284,0.10677221701478756,3.0544058157926335e-17,0.10677221701478753,0.011400306326252885
ETH,recent,285,0.1129956281690577,2.6716223719847633e-17,0.11299562816905767,0.01276801198531994
ETH,recent,286,0.11887734637351344,2.33681001443394e-17,0.11887734637351341,0.014131823480808282
ETH,recent,287,0.12302993162687498,2.0439569232615684e-17,0.12302993162687496,0.015136364076113528
ETH,recent,288,0.12280026756745661,1.7878046903016642e-17,0.1228002675674566,0.015079905714638934
ETH,recent,289,0.11996834035214284,1.5637539002359888e-17,0.11996834035214282,0.014392402686847579
ETH,recent,290,0.11558606073924033,1.3677815444653834e-17,0.11558606073924031,0.01336013743721535
ETH,recent,291,0.11390635669876098,1.1963687848182377e-17,0.11390635669876097,0.012974658096385367
ETH,recent,292,0.11318073234450211,1.0464377700365227e-17,0.1131807323445021,0.012809878174037824
ETH,recent,293,0.11136849380039016,9.152963705295745e-18,0.11136849380039014,0.012402941411367538
ETH,recent,294,0.10711922060060358,8.005898390645554e-18,0.10711922060060357,0.011474527422080771
ETH,recent,295,0.10360134689479598,7.002585294231767e-18,0.10360134689479597,0.01073323907841585
ETH,recent,296,0.1048022184560063,6.1250091382982155e-18,0.1048022184560063,0.010983504993300468
ETH,recent,297,0.10879339282610558,5.357412350998346e-18,0.10879339282610558,0.01183600232261532
ETH,recent,298,0.11299319858685337,4.686012126767896e-18,0.11299319858685337,0.012767462926888084
ETH,recent,299,0.11253275695237924,4.098752945183286e-18,0.11253275695237924,0.012663621387303259
ETH,recent,300,0.10713483009631027,3.585090104586657e-18,0.10713483009631027,0.011477871819765268
XRP,train,1,0.8685484748465218,0.8685503601919651,1.8853454433198635e-06,3.5545274406469726e-12
XRP,train,2,0.6847192161243864,0.7543797281895923,0.06966051206520596,0.004852586941186705
XRP,train,3,0.5017048508345798,0.6552167846405871,0.15351193380600725,0.02356591382085995
XRP,train,4,0.4372219816342298,0.5690887743034031,0.13186679266917328,0.017388851008854733
XRP,train,5,0.3956330249627658,0.4942822599024247,0.09864923493965888,0.009731671554180015
XRP,train,6,0.36380418603170644,0.4293090348747495,0.06550484884304303,0.004290885221949915
XRP,train,7,0.33644573794890426,0.37287651687412854,0.03643077892522428,0.0013272016530985658
XRP,train,8,0.31271771091371503,0.3238620330381497,0.011144322124434669,0.00012419591561316405
XRP,train,9,0.2922014524685383,0.281290485447787,0.010910967020751283,0.00011904920132792214
XRP,train,10,0.27627008817697174,0.2443149524542481,0.03195513572272363,0.0010211306990576877
XRP,train,11,0.26290653620775417,0.21219983995442002,0.050706696253334155,0.002571169044927892
XRP,train,12,0.25067757347357356,0.18430624742508886,0.0663713260484847,0.004405152921434263
XRP,train,13,0.23784715996218975,0.16007925758669037,0.07776790237549938,0.006047846639885202
XRP,train,14,0.2254502262987665,0.13903689683618228,0.0864133294625842,0.007467263508809123
XRP,train,15,0.21397356108579707,0.1207605468270392,0.09321301425875787,0.008688666027203399
XRP,train,16,0.20428687750810912,0.10488661644360356,0.09940026106450556,0.00988041189969186
XRP,train,17,0.195543677682041,0.09109930849140836,0.10444436919063264,0.010908626255629173
XRP,train,18,0.1877506752855492,0.07912433720345168,0.10862633808209753,0.011799681325126151
XRP,train,19,0.18008908253177386,0.06872347157800845,0.1113656109537654,0.012402299303105433
XRP,train,20,0.1736530008368867,0.05968979599272152,0.11396320484416518,0.012987612058353155
XRP,train,21,0.1678645854410968,0.05184359380926319,0.11602099163183362,0.013460870499234006
XRP,train,22,0.16375555908337974,0.045028772076681475,0.11872678700669827,0.014096049952933896
XRP,train,23,0.15901120398736843,0.03910975620620359,0.11990144778116484,0.014376357180019398
XRP,train,24,0.15396691379301222,0.03396879283991807,0.11999812095309415,0.014399549032273412
XRP,train,25,0.1468462192274482,0.029503607256397085,0.11734261197105111,0.013769288584188669
XRP,train,26,0.14044442356558542,0.025625368709505963,0.11481905485607946,0.013183415358043385
XRP,train,27,0.134808347307552,0.022256923222693317,0.11255142408485869,0.012667823063529707
XRP,train,28,0.13106324924771084,0.019331258681835193,0.11173199056587566,0.012484037715812926
XRP,train,29,0.1272421098784279,0.016790171691072008,0.1104519381873559,0.012199630649343486
XRP,train,30,0.12325818200277726,0.014583109669965528,0.10867507233281173,0.011810271346541862
XRP,train,31,0.11913003547846002,0.012666165156567488,0.10646387032189253,0.01133455568391675
XRP,train,32,0.11554845355596073,0.01100120230898761,0.10454725124697312,0.010930127743297722
XRP,train,33,0.11329981767960719,0.009555098228015866,0.10374471945159132,0.01076296681408939
XRP,train,34,0.11212988580939333,0.008299084007612787,0.10383080180178055,0.010780835402800634
XRP,train,35,0.11105125083656124,0.007208172404075464,0.10384307843248577,0.010783384938335392
XRP,train,36,0.10810383738250842,0.0062606607378855265,0.10184317664462289,0.010372032629067862
XRP,train,37,0.10280075459417423,0.005437699138930168,0.09736305545524407,0.009479564567580931
XRP,train,38,0.09669301185644348,0.0047229155457333355,0.09197009631071014,0.0084584986154013
XRP,train,39,0.09146412831092776,0.00410208999840292,0.08736203831252484,0.007632125738119058
XRP,train,40,0.08876305566681197,0.0035628717456527136,0.08520018392115926,0.007259071340199365
XRP,train,41,0.08759073792119161,0.00309453353800444,0.08449620438318717,0.007139608555165339
XRP,train,42,0.08723668756133995,0.0026877582190598724,0.08454892934228009,0.007148521452925871
XRP,train,43,0.08568662111326171,0.002334453369273367,0.08335216774398835,0.006947583867621972
XRP,train,44,0.08393846213313055,0.0020275903147337292,0.08191087181839682,0.006709390922049834
XRP,train,45,0.08230459801381143,0.0017610642981837202,0.08054353371562771,0.006487260823400458
XRP,train,46,0.0829921075335677,0.0015295730305086804,0.08146253450305901,0.006636144527662081
XRP,train,47,0.08380066877429555,0.00132851120658823,0.08247215756770733,0.006801656773872745
XRP,train,48,0.08419110863931292,0.0011538788870012692,0.08303722975231165,0.00689518152493819
XRP,train,49,0.08187941600586826,0.0010022019229228563,0.0808772140829454,0.0065411237578185824
XRP,train,50,0.07860150255410722,0.0008704628411397268,0.07773103971296749,0.006042114534858929
XRP,train,51,0.0747470516071508,0.000756040814205631,0.07399101079294516,0.005474669678161728
XRP,train,52,0.07131026393984573,0.0006566595214981273,0.0706536044183476,0.004991931817304348
XRP,train,53,0.06846820056319274,0.0005703418639206819,0.06789785869927205,0.004610119215946313
XRP,train,54,0.0660444643310257,0.000495370631340865,0.06554909369968484,0.004296683684850063
XRP,train,55,0.06412641642383426,0.00043025434027962943,0.06369616208355464,0.004057201064174463
XRP,train,56,0.06250329372590098,0.00037369756222402844,0.06212959616367695,0.0038600867194615814
XRP,train,57,0.06197400521189412,0.0003245751522725392,0.06164943005962158,0.0038006522266761725
XRP,train,58,0.06291156460911379,0.00028190986541567586,0.06262965474369811,0.003922473653314827
XRP,train,59,0.06394072206672034,0.00024485291514845365,0.0636958691515719,0.004057163746974168
XRP,train,60,0.06401200524462651,0.00021266708764624209,0.06379933815698027,0.004070355549268719
XRP,train,61,0.06161089746850536,0.00018471207557611976,0.06142618539292924,0.0037731762519265136
XRP,train,62,0.05835697663147763,0.0001604317397734443,0.058196544891704186,0.0033868378373321404
XRP,train,63,0.054757243737129785,0.00013934304536644866,0.05461790069176334,0.002983115075975322
XRP,train,64,0.05267607026811454,0.00012102645224327431,0.05255504381587127,0.002762032630488149
XRP,train,65,0.05158990508659707,0.00010511756868865155,0.051484787517908415,0.002650683345764178
XRP,train,66,0.05141527687654388,9.129990214703195e-05,0.05132397697439685,0.002634150612468418
XRP,train,67,0.05060482018937458,7.929856289529576e-05,0.05052552162647928,0.0025528283356278255
XRP,train,68,0.04973403513454761,6.887479536541432e-05,0.049665160339182196,0.002466628151516676
XRP,train,69,0.04905620705044206,5.98212283227785e-05,0.04899638582211928,0.002400645823629971
XRP,train,70,0.050519016839333596,5.195774940687505e-05,0.05046705908992672,0.002546924053186155
XRP,train,71,0.052540977343693195,4.512792196210518e-05,0.05249584942173109,0.0027558142065090647
XRP,train,72,0.053509055256475827,3.9195872874901346e-05,0.05346985938360092,0.0028590258625020557
XRP,train,73,0.05072323943700054,3.404358950353404e-05,0.05068919584749701,0.002569394575665908
XRP,train,74,0.046068008234349915,2.9568571925521894e-05,0.046038439662424394,0.0021195379265506915
XRP,train,75,0.04134648357274479,2.5681793796274067e-05,0.04132080177894852,0.0017074086596551553
XRP,train,76,0.03902504962737099,2.2305931252129613e-05,0.039002743696118856,0.0015212140158251393
XRP,train,77,0.03789729251772225,1.9373824623454386e-05,0.0378779186930988,0.0014347367245210033
XRP,train,78,0.037651986077091894,1.682714235499727e-05,0.037635158934736894,0.0014164051880429063
XRP,train,79,0.03653941370612457,1.461522055343435e-05,0.036524798485571136,0.0013340609044115795
XRP,train,80,0.034661617416610294,1.2694055075970417e-05,0.03464892336153432,0.001200547890113479
XRP,train,81,0.03270589136187117,1.1025426108530747e-05,0.032694865935762644,0.0010689542585574925
XRP,train,82,0.03177200908098958,9.576137817834277e-06,0.03176243294317174,0.0010088521464694815
XRP,train,83,0.03199230205969038,8.317357950927859e-06,0.03198398470173945,0.0010229752774011034
XRP,train,84,0.031814964677157775,7.224044244123897e-06,0.03180774063291365,0.0010117323641707062
XRP,train,85,0.030435736140011684,6.274446230276503e-06,0.03042946169378141,0.0009259521389733101
XRP,train,86,0.02871760918483264,5.449672533311774e-06,0.02871215951229933,0.0008243881038597209
XRP,train,87,0.027069408083583036,4.7333150417362e-06,0.0270646747685413,0.000732496620326916
XRP,train,88,0.02619869013905068,4.111122484402022e-06,0.02619457901656628,0.0006861559698551344
XRP,train,89,0.02489092502749584,3.570716914620663e-06,0.02488735431058122,0.0006193804045804056
XRP,train,90,0.0240315360678771,3.1013474623373193e-06,0.02402843472041476,0.0005773656751132336
XRP,train,91,0.02318461063965709,2.6936764554935152e-06,0.023181916963201595,0.0005374012740887739
XRP,train,92,0.023218449850172917,2.3395936556595087e-06,0.023216110256517257,0.0005389877754427658
XRP,train,93,0.023739975403228513,2.0320549123259026e-06,0.023737943348316186,0.0005634899544078686
XRP,train,94,0.026098684417376818,1.7649420260305146e-06,0.026096919475350786,0.0006810492061029432
XRP,train,95,0.028672226322530744,1.53294103242674e-06,0.028670693381498316,0.0008220086589758914
XRP,train,96,0.03051686462954016,1.331436485867288e-06,0.030515533193054292,0.0009311977660563983
XRP,train,97,0.029086312760598376,1.1564196393727572e-06,0.029085156340959,0.0008459463193780276
XRP,train,98,0.02618880582201207,1.0044086943102706e-06,0.02618780141331776,0.0006858009428633676
XRP,train,99,0.022804268304090443,8.723795332231269e-07,0.02280339592455722,0.0005199948656921128
XRP,train,100,0.02083789447892343,7.577055578050452e-07,0.020837136773365628,0.00043418626891194613
XRP,train,101,0.01973186911362993,6.581054351510258e-07,0.01973121100819478,0.0003893206878499069
XRP,train,102,0.019033277317186296,5.715977127447134e-07,0.01903270571947355,0.0003622438870040812
XRP,train,103,0.01766797478277699,4.964613992893242e-07,0.0176674783213777,0.000312139790236351
XRP,train,104,0.016086300574695674,4.312017271741495e-07,0.0160858693729685,0.000258755193484206
XRP,train,105,0.015338102370142293,3.7452041545250503e-07,0.01533772784972684,0.00023524589559228631
XRP,train,106,0.016392894225651388,3.2528984174051763e-07,0.016392568935809648,0.00026871631631527145
XRP,train,107,0.018181807176516643,2.825306092105139e-07,0.018181524645907433,0.0003305678384497394
XRP,train,108,0.018930117059515108,2.453920623950472e-07,0.018929871667452712,0.0003583400413462289
XRP,train,109,0.01777130665418668,2.131353641814674e-07,0.0177710935188225,0.0003158117648547351
XRP,train,110,0.015317202737666279,1.8511879732945917e-07,0.01531701761886895,0.00023461102873674182
XRP,train,111,0.0124426919939708,1.6078499809880514e-07,0.012442531208972702,0.0001548165828862597
XRP,train,112,0.010604145130834484,1.3964986801218164e-07,0.010604005480966473,0.000112444932240367
XRP,train,113,0.009471692357674723,1.2129294316274074e-07,0.00947157106473156,8.971065843426014e-05
XRP,train,114,0.00941242586033577,1.0534902947274202e-07,0.009412320511306298,8.859177740755724e-05
XRP,train,115,0.008345474893627547,9.150093749442401e-08,0.008345383392690052,6.964542397098693e-05
XRP,train,116,0.007115804917859352,7.947317221868447e-08,0.007115725444687133,5.06335486041679e-05
XRP,train,117,0.005927806209216214,6.902645235613647e-08,0.005927737182763858,3.5138068107921194e-05
XRP,train,118,0.00701859153144637,5.995295005669584e-08,0.007018531578496313,4.925978551834995e-05
XRP,train,119,0.008969841645043972,5.2072156366314064e-08,0.008969789572887606,8.045712498188322e-05
XRP,train,120,0.009954678525906455,4.522729016793441e-08,0.009954633298616287,9.909472410992019e-05
XRP,train,121,0.007655922660837151,3.9282179165865953e-08,0.007655883378657986,5.8612550307611614e-05
XRP,train,122,0.0037146737480074836,3.411855086363818e-08,0.00371463962945662,1.3798547576729616e-05
XRP,train,123,0.00010546813626089357,2.963367964184082e-08,0.00010543850258125174,1.1117277826576629e-08
XRP,train,124,-0.0016624454768269109,2.5738343126734147e-08,0.0016624712151700376,2.7638105412689416e-06
XRP,train,125,-0.0025323644960978603,2.2355047193469332e-08,0.002532386851145054,6.412983163852362e-06
XRP,train,126,-0.0032082166239065894,1.9416484291996168e-08,0.0032082360403908813,1.0292778490862961e-05
XRP,train,127,-0.0043968251797612086,1.6864194425474903e-08,0.004396842043955634,1.9332219959495958e-05
XRP,train,128,-0.005799300707234069,1.4647402142593556e-08,0.005799315354636212,3.3632058582519335e-05
XRP,train,129,-0.006947942736632523,1.2722006406826194e-08,0.006947955458638929,4.82740850552305e-05
XRP,train,130,-0.006711076723138228,1.1049703247013379e-08,0.006711087772841475,4.503869909478235e-05
XRP,train,131,-0.005761756066898155,9.597223735207796e-09,0.005761765664121891,3.319794356825397e-05
XRP,train,132,-0.005337134587879415,8.335672132057607e-09,0.0053371429235515465,2.848509458641635e-05
XRP,train,133,-0.007235712363888055,7.239951032740761e-09,0.007235719603839088,5.2355638185381287e-05
XRP,train,134,-0.010234888473730117,6.288262077259177e-09,0.010234894761992195,0.00010475307078905526
XRP,train,135,-0.012422112409927029,5.4616722921849325e-09,0.01242211787159932,0.00015430901241590724
XRP,train,136,-0.01222883197316259,4.743737436627699e-09,0.012228836716900025,0.0001495444474486022
XRP,train,137,-0.010839834243688496,4.120174859239097e-09,0.010839838363863355,0.00011750209575468378
XRP,train,138,-0.010035059446332569,3.5785793580459966e-09,0.010035063024911927,0.00010070248991395451
XRP,train,139,-0.010346953735267367,3.1081763904063816e-09,0.010346956843443757,0.0001070595159200876
XRP,train,140,-0.010314089863090061,2.6996077234276244e-09,0.010314092562697785,0.00010638050539189776
XRP,train,141,-0.008816902151382295,2.3447452605600742e-09,0.008816904496127556,7.773780489383431e-05
XRP,train,142,-0.005727917722367759,2.0365293406178553e-09,0.0057279197588971,3.280906476436382e-05
XRP,train,143,-0.003507253603110899,1.7688282923351435e-09,0.003507255371939191,1.2300840243996314e-05
XRP,train,144,-0.003119815723648627,1.5363164504254273e-09,0.0031198172599650772,9.733259735576002e-06
XRP,train,145,-0.005284212636140604,1.3343682063858462e-09,0.00528421397050881,2.7922917286120482e-05
XRP,train,146,-0.00762288240707135,1.158965986285133e-09,0.007622883566037336,5.81083538613621e-05
XRP,train,147,-0.009355739811736208,1.0066203248381885e-09,0.009355740818356533,8.752988626026257e-05
XRP,train,148,-0.009694704495993809,8.743004457147615e-10,0.009694705370294255,9.398731221681227e-05
XRP,train,149,-0.010292095161018427,7.593739670415517e-10,0.010292095920392394,0.00010592723843455775
XRP,train,150,-0.011496941198269137,6.595545325943411e-10,0.01149694185782367,0.00013217967208217798
XRP,train,151,-0.013418957629147452,5.728563268510581e-10,0.013418958202003778,0.00018006843922712448
XRP,train,152,-0.014517806896056765,4.975545690247326e-10,0.014517807393611333,0.0002107667315179959
XRP,train,153,-0.01445684417047884,4.3215120014158946e-10,0.01445684460263004,0.0002090003558645933
XRP,train,154,-0.013181799050523156,3.7534508054036753e-10,0.013181799425868237,0.00017375983610382019
XRP,train,155,-0.012355143389258109,3.2600610489961834e-10,0.012355143715264213,0.00015264957622483278
XRP,train,156,-0.01240181383179535,2.8315271983534305e-10,0.01240181411494807,0.0001538049933417252
XRP,train,157,-0.013901053020094348,2.459323968023218e-10,0.013901053266026744,0.0001932392819049128
XRP,train,158,-0.015427557445854197,2.1360467182552988e-10,0.01542755765945887,0.00023800953533592803
XRP,train,159,-0.016940300347979165,1.8552641465275047e-10,0.01694030053350558,0.0002869737821654894
XRP,train,160,-0.017995963706038936,1.611390342717703e-10,0.01799596386717797,0.00032385471550877505
XRP,train,161,-0.018928834196015484,1.3995736625773148e-10,0.01892883433597285,0.0003583007693187047
XRP,train,162,-0.01964196560851449,1.2156002087467146e-10,0.019641965730074512,0.00038580681774142155
XRP,train,163,-0.020357392698914175,1.0558099991563869e-10,0.020357392804495174,0.0004144234417965119
XRP,train,164,-0.020980522593181356,9.170241550615582e-11,0.020980522684883773,0.0004401823321309226
XRP,train,165,-0.020944338399539266,7.964816601834488e-11,0.020944338479187433,0.00043866531433077135
XRP,train,166,-0.0193351612120154,6.917844328386289e-11,0.019335161281193843,0.0003738484617697775
XRP,train,167,-0.017298495472963332,6.008496183171853e-11,0.017298495533048294,0.00029923794770689174
XRP,train,168,-0.015805639157169787,5.2186815241059604e-11,0.0158056392093566,0.00024981823081635075
XRP,train,169,-0.016870364656806563,4.5326877174893854e-11,0.01687036470213344,0.0002846092051829899
XRP,train,170,-0.018912649592821566,3.936867549663101e-11,0.01891264963219024,0.0003576883161099857
XRP,train,171,-0.021320169909746726,3.4193677282879455e-11,0.0213201699439404,0.0004545496464384997
XRP,train,172,-0.02161949610703987,2.969893072033277e-11,0.0216194961367388,0.00046740261320646386
XRP,train,173,-0.020921037402542596,2.579501697446124e-11,0.020921037428337612,0.0004376898070779032
XRP,train,174,-0.019507498805447707,2.2404271284326163e-11,0.01950749882785198,0.00038054251051864634
XRP,train,175,-0.019294997753259997,1.9459237893839992e-11,0.019294997772719234,0.0003722969390492402
XRP,train,176,-0.02006013053859865,1.6901328081755858e-11,0.02006013055549998,0.00040240883790370387
XRP,train,177,-0.021314467011121267,1.4679654593131628e-11,0.02131446702580092,0.00045430650459395475
XRP,train,178,-0.0217783417604486,1.2750019284358108e-11,0.02177834177319862,0.000474296170390248
XRP,train,179,-0.02158101672207781,1.1074033841883735e-11,0.021581016733151843,0.00046574028323657983
XRP,train,180,-0.021562273257487385,9.61835608214613e-12,0.02156227326710574,0.00046493162844534283
XRP,train,181,-0.022781575478890644,8.354026639602598e-12,0.02278157548724467,0.0005190001816810272
XRP,train,182,-0.024529487739060343,7.255892846880109e-12,0.024529487746316237,0.0006016957690966785
XRP,train,183,-0.02587966232718087,6.302108345672021e-12,0.02587966233348298,0.0006697569224950976
XRP,train,184,-0.02600020614006382,5.473698473602223e-12,0.026000206145537517,0.0006760107196104469
XRP,train,185,-0.02576441989467152,4.75418278082942e-12,0.025764419899425704,0.0006638053327539232
XRP,train,186,-0.02595268994984736,4.129247166707831e-12,0.025952689953976607,0.0006735421158472383
XRP,train,187,-0.026977819399184196,3.586459113965738e-12,0.026977819402770654,0.0007278027397285087
XRP,train,188,-0.02768834578610862,3.1150203552486977e-12,0.027688345789223637,0.0007666444925436183
XRP,train,189,-0.027298949598216767,2.7055520515565595e-12,0.02729894960092232,0.0007452326493136969
XRP,train,190,-0.025629399785687623,2.34990820889756e-12,0.02562939978803753,0.0006568661334950583
XRP,train,191,-0.02383916476195381,2.041013621256031e-12,0.023839164763994822,0.0005683057766448922
XRP,train,192,-0.02341977335001879,1.7727231158986328e-12,0.023419773351791514,0.0005484857838492839
XRP,train,193,-0.024611168346966236,1.5396993008343803e-12,0.024611168348505935,0.0006057096074785004
XRP,train,194,-0.026879697088862144,1.3373063823270176e-12,0.02687969709019945,0.0007225181156608767
XRP,train,195,-0.028642972270444347,1.161517940057145e-12,0.028642972271605865,0.0008204198605519825
XRP,train,196,-0.029581696843241734,1.0088368252060626e-12,0.02958169684425057,0.0008750767881851441
XRP,train,197,-0.029853798271340902,8.762255879076442e-13,0.029853798272217128,0.0008912492712782344
XRP,train,198,-0.030330812307061878,7.610460499866007e-13,0.030330812307822926,0.0009199581752523826
XRP,train,199,-0.031565395575531,6.610068208385343e-13,0.03156539557619201,0.000996374197881482
XRP,train,200,-0.033330845582969025,5.741177123286546e-13,0.03333084558354314,0.0011109452673139974
XRP,train,201,-0.03447374664517646,4.9865014583564e-13,0.03447374664567511,0.001188439207790196
XRP,train,202,-0.033799002252045116,4.3310276377532103e-13,0.03379900225247822,0.0011423725532630278
XRP,train,203,-0.031904990583520254,3.7617156147719066e-13,0.031904990583896425,0.0010179284241585195
XRP,train,204,-0.030388761582958442,3.267239452149879e-13,0.030388761583285167,0.0009234768305657485
XRP,train,205,-0.031295655609627625,2.837762002998176e-13,0.0312956556099114,0.0009794180600541788
XRP,train,206,-0.03330721721064292,2.464739209843138e-13,0.033307217210889396,0.001109370718333367
XRP,train,207,-0.03534845181982057,2.140750128488517e-13,0.03534845182003464,0.0012495130460733104
XRP,train,208,-0.03563715199600289,1.859349295179697e-13,0.035637151996188825,0.0012700066023994651
XRP,train,209,-0.035795385134001184,1.614938500051002e-13,0.03579538513416268,0.0012813095969030346
XRP,train,210,-0.035949683445662385,1.4026554159071697e-13,0.03594968344580265,0.001292379739853417
XRP,train,211,-0.03691284039198649,1.2182768667113827e-13,0.03691284039210831,0.0013625577858132631
XRP,train,212,-0.03742984616251486,1.0581348113957102e-13,0.03742984616262067,0.0014009933837574493
XRP,train,213,-0.03767782145378671,9.19043371569401e-14,0.037677821453878615,0.0014196182295103557
XRP,train,214,-0.03662315457813691,7.982354514086413e-14,0.036623154578216736,0.0013412554512599575
XRP,train,215,-0.03561545818088311,6.933076888389713e-14,0.03561545818095244,0.0012684608614391723
XRP,train,216,-0.03498573923780333,6.021726428649474e-14,0.03498573923786354,0.0012240019500197848
XRP,train,217,-0.0364388062751024,5.2301726585809756e-14,0.0364388062751547,0.0013277866027582538
XRP,train,218,-0.03830015482189059,4.5426683464766736e-14,0.03830015482193602,0.001466901859384269
XRP,train,219,-0.0398851177382945,3.9455362285649536e-14,0.039885117738333954,0.0015908226170007619
XRP,train,220,-0.0399470633980947,3.4268969124705377e-14,0.03994706339812897,0.0015957678741341354
XRP,train,221,-0.03938500213147538,2.976432547667019e-14,0.03938500213150514,0.0015511783928986646
XRP,train,222,-0.03899542533569203,2.5851815613632772e-14,0.038995425335717884,0.0015206431971135483
XRP,train,223,-0.03898529464284508,2.2453603762837012e-14,0.038985294642867534,0.001519853198391196
XRP,train,224,-0.03937085075519166,1.950208563581975e-14,0.03937085075521116,0.0015500638891891114
XRP,train,225,-0.039295125392278675,1.6938543503485792e-14,0.03929512539229561,0.0015441068795962354
XRP,train,226,-0.038025909490434384,1.4711978061079854e-14,0.038025909490449095,0.0014459697925758264
XRP,train,227,-0.036006487681489834,1.2778093844087195e-14,0.036006487681502615,0.0012964671551581996
XRP,train,228,-0.03437209963938985,1.1098418010848665e-14,0.034372099639400945,0.0011814412336209066
XRP,train,229,-0.03479919111513714,9.6395349608836e-15,0.03479919111514678,0.0012109837022685106
XRP,train,230,-0.036078839926620004,8.372421562358492e-15,0.03607883992662838,0.001301682690451274
XRP,train,231,-0.036858950529711096,7.271869763665442e-15,0.03685895052971837,0.001358582234152226
XRP,train,232,-0.03615773686048546,6.31598510250068e-15,0.03615773686049177,0.0013073819348725652
XRP,train,233,-0.03532203706278142,5.485751135744051e-15,0.03532203706278691,0.001247646302264892
XRP,train,234,-0.03504759216712615,4.764651124873977e-15,0.035047592167130916,0.0012283337167135362
XRP,train,235,-0.03564088291876739,4.138339450698344e-15,0.03564088291877152,0.0012702725352295796
XRP,train,236,-0.0357312847122522,3.594356220500666e-15,0.03573128471225579,0.0012767247071882844
XRP,train,237,-0.034830836073635775,3.1218793899740834e-15,0.0348308360736389,0.0012131871415887046
XRP,train,238,-0.0322734890370895,2.7115094686378627e-15,0.032273489037092214,0.0010415780946273112
XRP,train,239,-0.0291698109478728,2.3550825256493394e-15,0.029169810947875154,0.0008508778707347772
XRP,train,240,-0.027037057496311606,2.0455077759345367e-15,0.027037057496313653,0.0007310024780589704
XRP,train,241,-0.027211915713258986,1.776626515563407e-15,0.027211915713260763,0.000740488356785608
XRP,train,242,-0.02894718707142615,1.543089600019193e-15,0.028947187071427693,0.0008379396393482306
XRP,train,243,-0.030833983156674613,1.3402510279051454e-15,0.030833983156675952,0.0009507345173061764
XRP,train,244,-0.03207572494205677,1.1640755130346655e-15,0.03207572494205794,0.0010288521305585577
XRP,train,245,-0.032987697551353695,1.0110582061369052e-15,0.03298769755135471,0.0010881881897396534
XRP,train,246,-0.03407733370360475,8.781549691152512e-16,0.03407733370360563,0.0011612646723468964
XRP,train,247,-0.03485607798289748,7.6272181472941535e-16,0.03485607798289824,0.0012149461723498834
XRP,train,248,-0.035726617322675146,6.62462306909503e-16,0.035726617322675805,0.001276391185320919
XRP,train,249,-0.035671966130521614,5.7538187527984895e-16,0.03567196613052219,0.0012724891676171221
XRP,train,250,-0.03537859039995178,4.997481350222411e-16,0.03537859039995228,0.0012516446586875957
XRP,train,251,-0.034450810394854106,4.340564226788303e-16,0.03445081039485454,0.0011868583368622179
XRP,train,252,-0.03441091414733409,3.769998622613339e-16,0.034410914147334465,0.0011841110124552233
XRP,train,253,-0.03486773565662071,3.2744336615940276e-16,0.03486773565662104,0.0012157589898200022
XRP,train,254,-0.03574127702577549,2.844010536202188e-16,0.03574127702577577,0.001277438883433247
XRP,train,255,-0.03578637422649671,2.470166375608154e-16,0.03578637422649696,0.001280664580278886
XRP,train,256,-0.034826806386185384,2.145463895268543e-16,0.0348268063861856,0.001212906443060858
XRP,train,257,-0.03309634536903379,1.8634434390143496e-16,0.033096345369033976,0.0010953680767863767
XRP,train,258,-0.03125318648701124,1.6184944701532673e-16,0.0312531864870114,0.000976761665591912
XRP,train,259,-0.030356201599095516,1.405743955020324e-16,0.030356201599095658,0.0009214989755249378
XRP,train,260,-0.029539328950054004,1.22095941847058e-16,0.029539328950054126,0.0008725719548195057
XRP,train,261,-0.028640732841381352,1.0604647426923945e-16,0.02864073284138146,0.0008202915776913865
XRP,train,262,-0.02627147883907259,9.210670342363588e-17,0.026271478839072684,0.0006901906003918438
XRP,train,263,-0.023941938421003096,7.999931043469345e-17,0.023941938421003176,0.000573216415355108
XRP,train,264,-0.02237199811558636,6.948342989316183e-17,0.02237199811558643,0.0005005062996838028
XRP,train,265,-0.022683929921422503,6.034985806107886e-17,0.022683929921422562,0.0005145606766800098
XRP,train,266,-0.023170713924475395,5.241689095648401e-17,0.023170713924475447,0.0005368819837698803
XRP,train,267,-0.022442706788537468,4.552670952039714e-17,0.022442706788537513,0.0005036750879962678
XRP,train,268,-0.019904836151308055,3.95422399522959e-17,0.019904836151308093,0.0003962025022104216
XRP,train,269,-0.01756878221169018,3.434442675336372e-17,0.017568782211690216,0.00030866210840180253
XRP,train,270,-0.01638044740854618,2.982986422722062e-17,0.01638044740854621,0.00026831905730414823
XRP,train,271,-0.016469174235581037,2.5908739319029882e-17,0.01646917423558106,0.00027123370000192704
XRP,train,272,-0.015793044721636437,2.250304486766313e-17,0.015793044721636458,0.0002494202615796092
XRP,train,273,-0.014128706599801673,1.9545027725224765e-17,0.014128706599801692,0.0001996203501832799
XRP,train,274,-0.011250941614929824,1.6975840870705912e-17,0.011250941614929842,0.00012658368722256013
XRP,train,275,-0.00874429514806458,1.4744372702813102e-17,0.008744295148064594,7.646269763646601e-05
XRP,train,276,-0.007130046583414804,1.2806230221832899e-17,0.007130046583414817,5.08375642816653e-05
XRP,train,277,-0.007187001169155985,1.1122855871874193e-17,0.007187001169155997,5.165298580544966e-05
XRP,train,278,-0.008251619269377094,9.660760473879643e-18,0.008251619269377104,6.808922056675553e-05
XRP,train,279,-0.009262190122076477,8.390856989316464e-18,0.009262190122076486,8.578816585749123e-05
XRP,train,280,-0.009174649214879432,7.287881860390082e-18,0.009174649214879439,8.417418821608791e-05
XRP,train,281,-0.0074582948436396875,6.329892414878294e-18,0.0074582948436396936,5.562616197466244e-05
XRP,train,282,-0.0044923836088890685,5.4978303369189305e-18,0.004492383608889074,2.0181510489415217e-05
XRP,train,283,-0.0010453528429964808,4.77514251940525e-18,0.0010453528429964856,1.092762566360835e-06
XRP,train,284,0.0021846023199443582,4.147451755197397e-18,0.002184602319944354,4.772487296306253e-06
XRP,train,285,0.005427900787037141,3.602270715855497e-18,0.005427900787037137,2.946210695391837e-05
XRP,train,286,0.010330882137300748,3.1287535277652598e-18,0.010330882137300745,0.0001067271257347996
XRP,train,287,0.015776925511040762,2.717480003492398e-18,0.01577692551104076,0.0002489113785809287
XRP,train,288,0.019809044778043947,2.3602682358477847e-18,0.019809044778043943,0.00039239825501855
XRP,train,289,0.019531823723930964,2.0500118263952475e-18,0.01953182372393096,0.0003814921379827123
XRP,train,290,0.016695606239304817,1.78053851021338e-18,0.016695606239304814,0.00027874326769791383
XRP,train,291,0.013724752041066287,1.5464873643814964e-18,0.013724752041066286,0.00018836881858875316
XRP,train,292,0.012338155431423053,1.3432021573658714e-18,0.012338155431423052,0.00015223007944995415
XRP,train,293,0.011827465172206335,1.166638717590752e-18,0.011827465172206333,0.00013988893239975377
XRP,train,294,0.011086474603740189,1.01328447837734e-18,0.011086474603740187,0.00012290991913937614
XRP,train,295,0.009289318890185808,8.80088598671566e-19,0.009289318890185807,8.629144544356286e-05
XRP,train,296,0.006958875103918825,7.644012693770305e-19,0.006958875103918824,4.842594271194122e-05
XRP,train,297,0.004758542547518316,6.6392099784861515e-19,0.0047585425475183156,2.2643727176542102e-05
XRP,train,298,0.004194350339455742,5.766488218204236e-19,0.004194350339455741,1.7592574770092486e-05
XRP,train,299,0.004732864295593381,5.008485418964012e-19,0.00473286429559338,2.2400004440502625e-05
XRP,train,300,0.00541594809611536,4.350121814657398e-19,0.005415948096115359,2.9332493779815582e-05
XRP,validation,1,0.8736049068220206,0.8685503601919651,0.005054546630055556,2.554844163540598e-05
XRP,validation,2,0.6968417776002358,0.7543797281895923,0.05753795058935651,0.0033106157580232312
XRP,validation,3,0.521125846278415,0.6552167846405871,0.13409093836217212,0.017980379750847843
XRP,validation,4,0.4593097167540535,0.5690887743034031,0.10977905754934958,0.012051441476423407
XRP,validation,5,0.419723043292495,0.4942822599024247,0.0745592166099297,0.005559076781486417
XRP,validation,6,0.38978574789933357,0.4293090348747495,0.039523286975415906,0.0015620902133410806
XRP,validation,7,0.3655577163046046,0.37287651687412854,0.007318800569523942,5.356484177646398e-05
XRP,validation,8,0.34514205224443806,0.3238620330381497,0.02128001920628836,0.0004528392174200014
XRP,validation,9,0.32829174601025457,0.281290485447787,0.04700126056246756,0.0022091184944609686
XRP,validation,10,0.3143751060993489,0.2443149524542481,0.07006015364510076,0.004908425128775126
XRP,validation,11,0.3034445646975196,0.21219983995442002,0.09124472474309961,0.008325599793444015
XRP,validation,12,0.2916810992596127,0.18430624742508886,0.10737485183452386,0.011529358806485953
XRP,validation,13,0.2787690149819497,0.16007925758669037,0.11868975739525936,0.014087258510545524
XRP,validation,14,0.26369485238754314,0.13903689683618228,0.12465795555136086,0.01553960588224506
XRP,validation,15,0.2493440198519041,0.1207605468270392,0.1285834730248649,0.016533709535136158
XRP,validation,16,0.23659691489731402,0.10488661644360356,0.13171029845371046,0.017347602718765485
XRP,validation,17,0.22599934868587782,0.09109930849140836,0.13490004019446944,0.01819802084446947
XRP,validation,18,0.21713416272292413,0.07912433720345168,0.13800982551947244,0.019046711939915226
XRP,validation,19,0.20896246876919108,0.06872347157800845,0.14023899719118263,0.019666976333188528
XRP,validation,20,0.2012129206847076,0.05968979599272152,0.14152312469198608,0.02002879482258344
XRP,validation,21,0.19397184265786646,0.05184359380926319,0.14212824884860326,0.02020043912077049
XRP,validation,22,0.18812076932769664,0.045028772076681475,0.14309199725101518,0.020475319677284536
XRP,validation,23,0.18360922432610705,0.03910975620620359,0.14449946811990344,0.02088009628693499
XRP,validation,24,0.17954981233265305,0.03396879283991807,0.14558101949273497,0.021193833236544078
XRP,validation,25,0.17469392924391275,0.029503607256397085,0.14519032198751566,0.021080229598838474
XRP,validation,26,0.16836539429385022,0.025625368709505963,0.14274002558434426,0.020374714903819254
XRP,validation,27,0.16174585169585537,0.022256923222693317,0.13948892847316205,0.01945716116659092
XRP,validation,28,0.15521717018767855,0.019331258681835193,0.13588591150584337,0.018464980945773896
XRP,validation,29,0.14984064530238175,0.016790171691072008,0.13305047361130976,0.017702428528193835
XRP,validation,30,0.144615156663411,0.014583109669965528,0.13003204699344545,0.016908333245305607
XRP,validation,31,0.13978891935641902,0.012666165156567488,0.12712275419985153,0.016160194635355868
XRP,validation,32,0.135264209212419,0.01100120230898761,0.12426300690343138,0.015441294884682235
XRP,validation,33,0.13160381067958613,0.009555098228015866,0.12204871245157026,0.01489588821108608
XRP,validation,34,0.12905004907127787,0.008299084007612787,0.12075096506366509,0.014580795563806467
XRP,validation,35,0.12703512741999767,0.007208172404075464,0.1198269550159222,0.014358499148387844
XRP,validation,36,0.12433095797026271,0.0062606607378855265,0.11807029723237718,0.013940595088541894
XRP,validation,37,0.12002768337524669,0.005437699138930168,0.11458998423631653,0.01313086448727927
XRP,validation,38,0.113976329509945,0.0047229155457333355,0.10925341396421166,0.0119363084628354
XRP,validation,39,0.10716805956871216,0.00410208999840292,0.10306596957030924,0.01062259408346791
XRP,validation,40,0.10076090012488909,0.0035628717456527136,0.09719802837923637,0.009447456720810838
XRP,validation,41,0.09591596998888466,0.00309453353800444,0.09282143645088022,0.008615819064804794
XRP,validation,42,0.09264205223224253,0.0026877582190598724,0.08995429401318267,0.008091775011410111
XRP,validation,43,0.09016275688938369,0.002334453369273367,0.08782830352011033,0.007713810899220624
XRP,validation,44,0.0875896968928984,0.0020275903147337292,0.08556210657816467,0.00732087408209321
XRP,validation,45,0.08543607630069197,0.0017610642981837202,0.08367501200250825,0.0070015076336199
XRP,validation,46,0.08460352383838268,0.0015295730305086804,0.083073950807874,0.006901281302829069
XRP,validation,47,0.08442817115114547,0.00132851120658823,0.08309965994455724,0.006905553482901052
XRP,validation,48,0.08362020528744048,0.0011538788870012692,0.0824663264004392,0.006800694989983776
XRP,validation,49,0.0809331759739432,0.0010022019229228563,0.07993097405102034,0.006388960612744888
XRP,validation,50,0.07848398067118764,0.0008704628411397268,0.07761351783004791,0.0060238581499551655
XRP,validation,51,0.07663787433700997,0.000756040814205631,0.07588183352280434,0.005758052658782592
XRP,validation,52,0.07578272553504849,0.0006566595214981273,0.07512606601355036,0.005643925794672326
XRP,validation,53,0.0733411796626947,0.0005703418639206819,0.07277083779877401,0.005295594833935476
XRP,validation,54,0.07038280366551398,0.000495370631340865,0.06988743303417312,0.004884253296106033
XRP,validation,55,0.06741654175065558,0.00043025434027962943,0.06698628741037595,0.004487162701025491
XRP,validation,56,0.06636218268626526,0.00037369756222402844,0.06598848512404124,0.004354480168965812
XRP,validation,57,0.06668530004369463,0.0003245751522725392,0.0663607248914221,0.004403745808115009
XRP,validation,58,0.06806048290495928,0.00028190986541567586,0.0677785730395436,0.004593934963276747
XRP,validation,59,0.06905827533644072,0.00024485291514845365,0.06881342242129228,0.004735287105331211
XRP,validation,60,0.0698439280091867,0.00021266708764624209,0.06963126092154047,0.004848512497523649
XRP,validation,61,0.07003061835225308,0.00018471207557611976,0.06984590627667696,0.004878450623610342
XRP,validation,62,0.06988401379807331,0.0001604317397734443,0.06972358205829987,0.004861377895040476
XRP,validation,63,0.06868859850073454,0.00013934304536644866,0.0685492554553681,0.004699000423485312
XRP,validation,64,0.06896355318876048,0.00012102645224327431,0.0688425267365172,0.004739293487468085
XRP,validation,65,0.06917212561370022,0.00010511756868865155,0.06906700804501156,0.004770251600289692
XRP,validation,66,0.06949483129271256,9.129990214703195e-05,0.06940353139056553,0.004816850169481215
XRP,validation,67,0.06602268758811533,7.929856289529576e-05,0.06594338902522004,0.00434853055613151
XRP,validation,68,0.06334981261039198,6.887479536541432e-05,0.06328093781502657,0.00400447709074926
XRP,validation,69,0.06139027173685696,5.98212283227785e-05,0.06133045050853418,0.0037614241595797606
XRP,validation,70,0.061846457462044445,5.195774940687505e-05,0.06179449971263757,0.0038185601947351645
XRP,validation,71,0.061390242365242445,4.512792196210518e-05,0.06134511444328034,0.0037632230660591625
XRP,validation,72,0.06030416761496215,3.9195872874901346e-05,0.060264971742087246,0.0036318668190745743
XRP,validation,73,0.05838240229367157,3.404358950353404e-05,0.05834835870416804,0.003404530963470262
XRP,validation,74,0.05659142059665045,2.9568571925521894e-05,0.056561852024724926,0.003199243104466879
XRP,validation,75,0.05484771662398121,2.5681793796274067e-05,0.05482203483018494,0.0030054555029220107
XRP,validation,76,0.053055550331256446,2.2305931252129613e-05,0.053033244400004315,0.002812525011590589
XRP,validation,77,0.05054262298837147,1.9373824623454386e-05,0.050523249163748014,0.0025525987060621646
XRP,validation,78,0.047383734097066116,1.682714235499727e-05,0.047366906954711116,0.00224362387445626
XRP,validation,79,0.043828614354104005,1.461522055343435e-05,0.04381399913355057,0.0019196665200747704
XRP,validation,80,0.041383233812656184,1.2694055075970417e-05,0.04137053975758021,0.001711521559833525
XRP,validation,81,0.04017304730633562,1.1025426108530747e-05,0.04016202188022709,0.0016129880015078397
XRP,validation,82,0.04077134013407414,9.576137817834277e-06,0.0407617639962563,0.0016615214040864963
XRP,validation,83,0.04136651569462123,8.317357950927859e-06,0.0413581983366703,0.001710500569655358
XRP,validation,84,0.04102435479189307,7.224044244123897e-06,0.04101713074764895,0.0016824050147697287
XRP,validation,85,0.039239266715460894,6.274446230276503e-06,0.03923299226923062,0.0015392276823975094
XRP,validation,86,0.03669683810630098,5.449672533311774e-06,0.036691388433767666,0.0013462579851976197
XRP,validation,87,0.03405940992563173,4.7333150417362e-06,0.034054676610589994,0.0011597209990518653
XRP,validation,88,0.031893351155200644,4.111122484402022e-06,0.031889240032716246,0.0010169236298641924
XRP,validation,89,0.030318155605217362,3.570716914620663e-06,0.030314584888302742,0.000918974056950113
XRP,validation,90,0.028758653112936832,3.1013474623373193e-06,0.028755551765474494,0.0008268817573368832
XRP,validation,91,0.026504489394460786,2.6936764554935152e-06,0.026501795718005292,0.0007023451762788837
XRP,validation,92,0.02339563375422364,2.3395936556595087e-06,0.02339329416056798,0.000547246211682864
XRP,validation,93,0.021823208327203414,2.0320549123259026e-06,0.021821176272291087,0.0004761637339063995
XRP,validation,94,0.02139734100595534,1.7649420260305146e-06,0.02139557606392931,0.0004577706751073848
XRP,validation,95,0.022272236869436815,1.53294103242674e-06,0.022270703928404387,0.0004959842534666466
XRP,validation,96,0.021612421135230056,1.331436485867288e-06,0.021611089698744188,0.0004670391979671671
XRP,validation,97,0.019614428044888745,1.1564196393727572e-06,0.01961327162524937,0.0003846804238458121
XRP,validation,98,0.016805215953747798,1.0044086943102706e-06,0.016804211545053488,0.00028238152565090893
XRP,validation,99,0.014197316443733822,8.723795332231269e-07,0.014196444064200599,0.0002015390240679764
XRP,validation,100,0.012787711439369513,7.577055578050452e-07,0.012786953733811708,0.00016350618579064118
XRP,validation,101,0.01123427257783007,6.581054351510258e-07,0.01123361447239492,0.0001261940941144006
XRP,validation,102,0.010043532244170362,5.715977127447134e-07,0.010042960646457617,0.00010086105854629639
XRP,validation,103,0.007687851610702063,4.964613992893242e-07,0.007687355149302773,5.909542919151186e-05
XRP,validation,104,0.005534044483609046,4.312017271741495e-07,0.005533613281881872,3.062087595341946e-05
XRP,validation,105,0.0033054780062455697,3.7452041545250503e-07,0.0033051034858301172,1.0923709052046391e-05
XRP,validation,106,0.0028425571366805617,3.2528984174051763e-07,0.002842231846838821,8.078281871184816e-06
XRP,validation,107,0.0025520151849010566,2.825306092105139e-07,0.002551732654291846,6.51133953897931e-06
XRP,validation,108,0.0016712816011475904,2.453920623950472e-07,0.0016710362090851954,2.792362012073821e-06
XRP,validation,109,-0.0012014189402567831,2.131353641814674e-07,0.0012016320756209646,1.4439196451611474e-06
XRP,validation,110,-0.004654932547441892,1.8511879732945917e-07,0.004655117666239221,2.1670120486532492e-05
XRP,validation,111,-0.007953622332365733,1.6078499809880514e-07,0.007953783117363831,6.326266587806191e-05
XRP,validation,112,-0.010744899542262936,1.3964986801218164e-07,0.010745039192130948,0.00011545586724043009
XRP,validation,113,-0.013259535085859668,1.2129294316274074e-07,0.013259656378802831,0.00017581848728392662
XRP,validation,114,-0.015344804753530547,1.0534902947274202e-07,0.01534491010256002,0.00023546626605564855
XRP,validation,115,-0.01666418428032766,9.150093749442401e-08,0.016664275781265152,0.00027769808731406033
XRP,validation,116,-0.017901150786780343,7.947317221868447e-08,0.017901230259952564,0.0003204540448198413
XRP,validation,117,-0.019252692169007043,6.902645235613647e-08,0.0192527611954594,0.00037066881364938723
XRP,validation,118,-0.020945478629158708,5.995295005669584e-08,0.020945538582108764,0.0004387155864946068
XRP,validation,119,-0.022359761910249725,5.2072156366314064e-08,0.02235981398240609,0.0004999612813278029
XRP,validation,120,-0.024212718530551975,4.522729016793441e-08,0.02421276375784214,0.0005862579287930739
XRP,validation,121,-0.026066221963631363,3.9282179165865953e-08,0.02606626124581053,0.0006794499753348439
XRP,validation,122,-0.027757460923216407,3.411855086363818e-08,0.02775749504176727,0.0007704785309937346
XRP,validation,123,-0.027761375192436176,2.963367964184082e-08,0.027761404826115818,0.0007706955979194867
XRP,validation,124,-0.027005590718095825,2.5738343126734147e-08,0.027005616456438952,0.0007293033201922864
XRP,validation,125,-0.026446902223971294,2.2355047193469332e-08,0.026446924579018486,0.0006994398196882921
XRP,validation,126,-0.02741078055831523,1.9416484291996168e-08,0.027410799974799522,0.0007513519552584695
XRP,validation,127,-0.028768427322811745,1.6864194425474903e-08,0.02876844418700617,0.0008276233809408892
XRP,validation,128,-0.02968050230682688,1.4647402142593556e-08,0.029680516954229023,0.0008809330866702765
XRP,validation,129,-0.029376472936795194,1.2722006406826194e-08,0.0293764856588016,0.0008629779096617761
XRP,validation,130,-0.02824177071624904,1.1049703247013379e-08,0.028241781765952285,0.000797598237315675
XRP,validation,131,-0.027268174004656868,9.597223735207796e-09,0.027268183601880602,0.0007435538369458701
XRP,validation,132,-0.02738310902006983,8.335672132057607e-09,0.027383117355741962,0.0007498351161183366
XRP,validation,133,-0.029397204250348884,7.239951032740761e-09,0.029397211490299915,0.0008641960434054213
XRP,validation,134,-0.031413954108599124,6.288262077259177e-09,0.0314139603968612,0.0009868369078155639
XRP,validation,135,-0.03258268660082352,5.4616722921849325e-09,0.03258269206249582,0.001061631822039428
XRP,validation,136,-0.0321558657172574,4.743737436627699e-09,0.032155870460994836,0.0010340000051042803
XRP,validation,137,-0.0316386175282364,4.120174859239097e-09,0.03163862164841126,0.0010010023798113178
XRP,validation,138,-0.03157525181367033,3.5785793580459966e-09,0.03157525539224969,0.000996996753085793
XRP,validation,139,-0.03308028146591409,3.1081763904063816e-09,0.03308028457409048,0.0010943052275028085
XRP,validation,140,-0.035589591087291934,2.6996077234276244e-09,0.03558959378689966,0.0012666191859165268
XRP,validation,141,-0.038447168990195256,2.3447452605600742e-09,0.038447171334940515,0.0014781849836582716
XRP,validation,142,-0.03949923397866779,2.0365293406178553e-09,0.03949923601519713,0.001560189645784246
XRP,validation,143,-0.03886243373583332,1.7688282923351435e-09,0.03886243550466161,0.0015102888933539835
XRP,validation,144,-0.036729705218325276,1.5363164504254273e-09,0.036729706754641725,0.001349071358281974
XRP,validation,145,-0.035060731557493466,1.3343682063858462e-09,0.03506073289186167,0.0012292549909144709
XRP,validation,146,-0.03477362709832872,1.158965986285133e-09,0.03477362825729471,0.0012092052221765249
XRP,validation,147,-0.03592709105158855,1.0066203248381885e-09,0.03592709205820887,0.0012907559437590147
XRP,validation,148,-0.0375046104645215,8.743004457147615e-10,0.03750461133882194,0.0014065958716760914
XRP,validation,149,-0.03875330804754748,7.593739670415517e-10,0.038753308806921447,0.0015018189434846153
XRP,validation,150,-0.040135045406526196,6.595545325943411e-10,0.04013504606608073,0.0016108219227264225
XRP,validation,151,-0.042514425367561795,5.728563268510581e-10,0.04251442594041812,0.0018074764130432972
XRP,validation,152,-0.04476050970628778,4.975545690247326e-10,0.04476051020384235,0.002003503273708275
XRP,validation,153,-0.04514310851186273,4.3215120014158946e-10,0.045143108944013924,0.0020379002851311097
XRP,validation,154,-0.042219128456327366,3.7534508054036753e-10,0.04221912883167245,0.0017824548393053558
XRP,validation,155,-0.038413600676925015,3.2600610489961834e-10,0.03841360100293112,0.0014756047420123907
XRP,validation,156,-0.03575513177045641,2.8315271983534305e-10,0.035755132053609126,0.0012784294681710267
XRP,validation,157,-0.035945732600225794,2.459323968023218e-10,0.03594573284615819,0.001292095709847376
XRP,validation,158,-0.037006801116193574,2.1360467182552988e-10,0.03700680132979824,0.001369503344663157
XRP,validation,159,-0.03863371439281494,1.8552641465275047e-10,0.038633714578341354,0.0014925639021207452
XRP,validation,160,-0.04006648758135567,1.611390342717703e-10,0.0400664877424947,0.0016053234400194782
XRP,validation,161,-0.04146814048109794,1.3995736625773148e-10,0.041468140621055305,0.001719606686567617
XRP,validation,162,-0.04255846242378125,1.2156002087467146e-10,0.04255846254534127,0.0018112227342232158
XRP,validation,163,-0.043342431986453496,1.0558099991563869e-10,0.0433424320920345,0.001878566419652622
XRP,validation,164,-0.04401288928558156,9.170241550615582e-11,0.044012889377283974,0.0019371344313370365
XRP,validation,165,-0.043786451146174646,7.964816601834488e-11,0.04378645122582281,0.0019172533109513598
XRP,validation,166,-0.042850345316076725,6.917844328386289e-11,0.042850345385255166,0.0018361520996356586
XRP,validation,167,-0.041963337607705355,6.008496183171853e-11,0.04196333766779032,0.0017609217082209898
XRP,validation,168,-0.042707951276983576,5.2186815241059604e-11,0.04270795132917039,0.0018239691067347872
XRP,validation,169,-0.04457196503566815,4.5326877174893854e-11,0.04457196508099502,0.0019866600711814396
XRP,validation,170,-0.04679615747062788,3.936867549663101e-11,0.04679615750999656,0.002189880357700407
XRP,validation,171,-0.04813395422404145,3.4193677282879455e-11,0.04813395425823513,0.0023168775525338717
XRP,validation,172,-0.0484862398109307,2.969893072033277e-11,0.04848623984062963,0.00235091545388306
XRP,validation,173,-0.04768865981297254,2.579501697446124e-11,0.04768865983876756,0.0022742082772176818
XRP,validation,174,-0.04668648710318046,2.2404271284326163e-11,0.046686487125584736,0.0021796280801273894
XRP,validation,175,-0.046048381248611464,1.9459237893839992e-11,0.046048381268070704,0.0021204534174096047
XRP,validation,176,-0.046134808332755385,1.6901328081755858e-11,0.04613480834965671,0.002128420541459555
XRP,validation,177,-0.045710211496716946,1.4679654593131628e-11,0.0457102115113966,0.002089423436416614
XRP,validation,178,-0.04444767896900904,1.2750019284358108e-11,0.04444767898175905,0.0019755961668655054
XRP,validation,179,-0.04242734002825832,1.1074033841883735e-11,0.04242734003933235,0.001800079182813134
XRP,validation,180,-0.04099257597498805,9.61835608214613e-12,0.04099257598460641,0.0016803912858537298
XRP,validation,181,-0.04026186912248829,8.354026639602598e-12,0.040261869130842315,0.0016210181059090733
XRP,validation,182,-0.04052191522918623,7.255892846880109e-12,0.04052191523644212,0.0016420256144294002
XRP,validation,183,-0.04104047750629168,6.302108345672021e-12,0.04104047751259379,0.0016843207944617167
XRP,validation,184,-0.041583377874515465,5.473698473602223e-12,0.04158337787998916,0.001729177315909972
XRP,validation,185,-0.041551370237781556,4.75418278082942e-12,0.04155137024253574,0.0017265163690322845
XRP,validation,186,-0.04055861125418574,4.129247166707831e-12,0.04055861125831499,0.0016450009472031154
XRP,validation,187,-0.03929719843974847,3.586459113965738e-12,0.03929719844333493,0.0015442698054948453
XRP,validation,188,-0.03826266528327672,3.1150203552486977e-12,0.038262665286391745,0.0014640315548184479
XRP,validation,189,-0.037653946038976836,2.7055520515565595e-12,0.03765394604168239,0.0014178196525099288
XRP,validation,190,-0.036192856583853246,2.34990820889756e-12,0.03619285658620315,0.0013099228678694688
XRP,validation,191,-0.03440383798312672,2.041013621256031e-12,0.03440383798516773,0.0011836240681096701
XRP,validation,192,-0.03320516314437936,1.7727231158986328e-12,0.03320516314615208,0.0011025828595625762
XRP,validation,193,-0.03368804702533861,1.5396993008343803e-12,0.03368804702687831,0.0011348845124851646
XRP,validation,194,-0.03428591287914492,1.3373063823270176e-12,0.034285912880482224,0.0011755238220480168
XRP,validation,195,-0.033966099739953536,1.161517940057145e-12,0.03396609974111505,0.0011536959316233758
XRP,validation,196,-0.03205027036926371,1.0088368252060626e-12,0.03205027037027255,0.0010272198308075703
XRP,validation,197,-0.03028019501314643,8.762255879076442e-13,0.030280195014022657,0.0009168902100872426
XRP,validation,198,-0.029278774782416778,7.610460499866007e-13,0.029278774783177825,0.0008572466528040497
XRP,validation,199,-0.029999157225809425,6.610068208385343e-13,0.02999915722647043,0.000899949434298493
XRP,validation,200,-0.030178035803187248,5.741177123286546e-13,0.030178035803761365,0.0009107138449731028
XRP,validation,201,-0.028800341844353556,4.9865014583564e-13,0.028800341844852206,0.000829459690380345
XRP,validation,202,-0.02614512072816624,4.3310276377532103e-13,0.02614512072859934,0.000683567337913035
XRP,validation,203,-0.023933274602997177,3.7617156147719066e-13,0.02393327460337335,0.0005728016332404757
XRP,validation,204,-0.02400267907732833,3.267239452149879e-13,0.024002679077655055,0.0005761286029048997
XRP,validation,205,-0.02499349223020215,2.837762002998176e-13,0.024993492230485928,0.0006246746538753604
XRP,validation,206,-0.026466712129405785,2.464739209843138e-13,0.026466712129652258,0.000700486850953882
XRP,validation,207,-0.026488454995412445,2.140750128488517e-13,0.02648845499562652,0.0007016382480553316
XRP,validation,208,-0.025036438735958677,1.859349295179697e-13,0.02503643873614461,0.0006268232645887224
XRP,validation,209,-0.022737578505684884,1.614938500051002e-13,0.022737578505846377,0.0005169974763095271
XRP,validation,210,-0.020790764248175848,1.4026554159071697e-13,0.020790764248316114,0.0004322558780290595
XRP,validation,211,-0.020403809298674597,1.2182768667113827e-13,0.020403809298796424,0.0004163154339016514
XRP,validation,212,-0.020724826959305786,1.0581348113957102e-13,0.0207248269594116,0.0004295184524975539
XRP,validation,213,-0.021148815121245477,9.19043371569401e-14,0.021148815121337382,0.00044727238103650874
XRP,validation,214,-0.020600607108861045,7.982354514086413e-14,0.02060060710894087,0.0004243850132569451
XRP,validation,215,-0.01911129779008303,6.933076888389713e-14,0.01911129779015236,0.0003652417032238825
XRP,validation,216,-0.0178197769953644,6.021726428649474e-14,0.017819776995424617,0.00031754445216666436
XRP,validation,217,-0.017675666259893197,5.2301726585809756e-14,0.0176756662599455,0.0003124291777329757
XRP,validation,218,-0.0195060644038874,4.5426683464766736e-14,0.019506064403932825,0.00038048654853037523
XRP,validation,219,-0.021571874260654638,3.9455362285649536e-14,0.021571874260694093,0.0004653457591191963
XRP,validation,220,-0.022840448587667674,3.4268969124705377e-14,0.022840448587701942,0.0005216860916874556
XRP,validation,221,-0.0228530147199585,2.976432547667019e-14,0.022853014719988265,0.0005222602817920003
XRP,validation,222,-0.02252411426624728,2.5851815613632772e-14,0.02252411426627313,0.0005073357234801287
XRP,validation,223,-0.022475413537591925,2.2453603762837012e-14,0.02247541353761438,0.0005051442136867798
XRP,validation,224,-0.022293355362629868,1.950208563581975e-14,0.02229335536264937,0.0004969936933253674
XRP,validation,225,-0.0211462526250191,1.6938543503485792e-14,0.021146252625036038,0.0004471640000818435
XRP,validation,226,-0.01940632370418479,1.4711978061079854e-14,0.0194063237041995,0.00037660539971217543
XRP,validation,227,-0.01762954354204312,1.2778093844087195e-14,0.017629543542055898,0.0003108008055012448
XRP,validation,228,-0.017293921316761284,1.1098418010848665e-14,0.017293921316772383,0.0002990797145107142
XRP,validation,229,-0.018058502288431925,9.6395349608836e-15,0.018058502288441563,0.0003261095049016492
XRP,validation,230,-0.019362507301474038,8.372421562358492e-15,0.01936250730148241,0.0003749066889999596
XRP,validation,231,-0.020223886361289287,7.271869763665442e-15,0.02022388636129656,0.00040900557955463697
XRP,validation,232,-0.02030060851867103,6.31598510250068e-15,0.020300608518677345,0.0004121147062285952
XRP,validation,233,-0.020223537654443027,5.485751135744051e-15,0.020223537654448513,0.00040899147526089687
XRP,validation,234,-0.020865442094713676,4.764651124873977e-15,0.02086544209471844,0.0004353666738080482
XRP,validation,235,-0.022502707283102944,4.138339450698344e-15,0.022502707283107083,0.0005063718350692006
XRP,validation,236,-0.023770090057040363,3.594356220500666e-15,0.023770090057043957,0.00056501718131998
XRP,validation,237,-0.023520859997677848,3.1218793899740834e-15,0.02352085999768097,0.0005532308550305089
XRP,validation,238,-0.021969349392367138,2.7115094686378627e-15,0.02196934939236985,0.00048265231272402156
XRP,validation,239,-0.021428575510733894,2.3550825256493394e-15,0.02142857551073625,0.00045918384841932535
XRP,validation,240,-0.022419671435026017,2.0455077759345367e-15,0.022419671435028064,0.0005026416672546134
XRP,validation,241,-0.02444967567976691,1.776626515563407e-15,0.024449675679768686,0.0005977866408458724
XRP,validation,242,-0.025384261774463464,1.543089600019193e-15,0.025384261774465008,0.0006443607458345654
XRP,validation,243,-0.025985246455913547,1.3402510279051454e-15,0.025985246455914886,0.0006752330333746372
XRP,validation,244,-0.02509068298955602,1.1640755130346655e-15,0.025090682989557186,0.0006295423728824543
XRP,validation,245,-0.023983263215409258,1.0110582061369052e-15,0.023983263215410267,0.0005751969144596513
XRP,validation,246,-0.021551056337971126,8.781549691152512e-16,0.021551056337972004,0.0004644480292824433
XRP,validation,247,-0.019761044659182013,7.6272181472941535e-16,0.019761044659182776,0.0003904988860222161
XRP,validation,248,-0.01770436010796665,6.62462306909503e-16,0.01770436010796731,0.0003134443668325843
XRP,validation,249,-0.01581660793466855,5.7538187527984895e-16,0.015816607934669127,0.00025016508655903837
XRP,validation,250,-0.014276713984865366,4.997481350222411e-16,0.014276713984865866,0.00020382456220566458
XRP,validation,251,-0.014616985818619154,4.340564226788303e-16,0.014616985818619588,0.00021365627442172615
XRP,validation,252,-0.016338912365210637,3.769998622613339e-16,0.016338912365211015,0.0002669600572780454
XRP,validation,253,-0.017750396472492044,3.2744336615940276e-16,0.01775039647249237,0.00031507657493066955
XRP,validation,254,-0.01654909187333709,2.844010536202188e-16,0.016549091873337373,0.00027387244183216106
XRP,validation,255,-0.013595905970846379,2.470166375608154e-16,0.013595905970846625,0.00018484865916810293
XRP,validation,256,-0.010196576379125724,2.145463895268543e-16,0.01019657637912594,0.00010397016985534906
XRP,validation,257,-0.008276726667918184,1.8634434390143496e-16,0.00827672666791837,6.850420433543112e-05
XRP,validation,258,-0.00795466068614947,1.6184944701532673e-16,0.00795466068614963,6.327662663177451e-05
XRP,validation,259,-0.008305730411372081,1.405743955020324e-16,0.008305730411372222,6.898515766639337e-05
XRP,validation,260,-0.007968552041580909,1.22095941847058e-16,0.00796855204158103,6.349782163938521e-05
XRP,validation,261,-0.005807446768505646,1.0604647426923945e-16,0.005807446768505752,3.37264379690279e-05
XRP,validation,262,-0.0019953677130074314,9.210670342363588e-17,0.0019953677130075233,3.981492310112874e-06
XRP,validation,263,0.0018216835867678983,7.999931043469345e-17,0.0018216835867678183,3.3185310902992635e-06
XRP,validation,264,0.004608753441175067,6.948342989316183e-17,0.004608753441174998,2.1240608281542384e-05
XRP,validation,265,0.004984067969403034,6.034985806107886e-17,0.004984067969402974,2.484093352362868e-05
XRP,validation,266,0.005279938218341659,5.241689095648401e-17,0.005279938218341607,2.7877747589504337e-05
XRP,validation,267,0.006065476343979901,4.552670952039714e-17,0.006065476343979856,3.679000327937924e-05
XRP,validation,268,0.008610652697931057,3.95422399522959e-17,0.008610652697931017,7.414333988438669e-05
XRP,validation,269,0.009758140603139712,3.434442675336372e-17,0.009758140603139677,9.522130803064319e-05
XRP,validation,270,0.010030107619000786,2.982986422722062e-17,0.010030107619000757,0.00010060305884873703
XRP,validation,271,0.009875275668626083,2.5908739319029882e-17,0.009875275668626057,9.752106953135781e-05
XRP,validation,272,0.012535002489133655,2.250304486766313e-17,0.012535002489133633,0.00015712628740258638
XRP,validation,273,0.017081661935841413,1.9545027725224765e-17,0.017081661935841392,0.00029178317449037267
XRP,validation,274,0.021844770580615586,1.6975840870705912e-17,0.02184477058061557,0.00047719400171972745
XRP,validation,275,0.024318410333936044,1.4744372702813102e-17,0.02431841033393603,0.0005913850811696867
XRP,validation,276,0.024473922190730305,1.2806230221832899e-17,0.02447392219073029,0.0005989728673979205
XRP,validation,277,0.023633982234709736,1.1122855871874193e-17,0.023633982234709725,0.0005585651162705749
XRP,validation,278,0.02367730057717079,9.660760473879643e-18,0.02367730057717078,0.0005606145626216917
XRP,validation,279,0.024186907987016407,8.390856989316464e-18,0.0241869079870164,0.0005850065179723977
XRP,validation,280,0.02490015138241084,7.287881860390082e-18,0.024900151382410834,0.0006200175388669762
XRP,validation,281,0.024639722081928956,6.329892414878294e-18,0.02463972208192895,0.0006071159042746971
XRP,validation,282,0.024836264092315537,5.4978303369189305e-18,0.02483626409231553,0.0006168400140632418
XRP,validation,283,0.025529219286080863,4.77514251940525e-18,0.02552921928608086,0.0006517410373568029
XRP,validation,284,0.027538471231014775,4.147451755197397e-18,0.02753847123101477,0.0007583673977414283
XRP,validation,285,0.031511223554947954,3.602270715855497e-18,0.03151122355494795,0.0009929572099299064
XRP,validation,286,0.03813454171675656,3.1287535277652598e-18,0.03813454171675656,0.0014542432719470463
XRP,validation,287,0.04504436631584795,2.717480003492398e-18,0.04504436631584795,0.0020289949367962973
XRP,validation,288,0.04918970834729376,2.3602682358477847e-18,0.04918970834729376,0.0024196274072918215
XRP,validation,289,0.04799783252348751,2.0500118263952475e-18,0.04799783252348751,0.0023037919269527554
XRP,validation,290,0.04380603043409431,1.78053851021338e-18,0.04380603043409431,0.001918968302392797
XRP,validation,291,0.03888601886348579,1.5464873643814964e-18,0.03888601886348579,0.0015121224630513727
XRP,validation,292,0.03593230261420656,1.3432021573658714e-18,0.03593230261420656,0.0012911303711589156
XRP,validation,293,0.03440772376741232,1.166638717590752e-18,0.03440772376741232,0.0011838914548545508
XRP,validation,294,0.0333060006282652,1.01328447837734e-18,0.0333060006282652,0.0011092896778500019
XRP,validation,295,0.030815120432592057,8.80088598671566e-19,0.030815120432592057,0.0009495716472751525
XRP,validation,296,0.027479280767798205,7.644012693770305e-19,0.027479280767798205,0.0007551108715154844
XRP,validation,297,0.024039951784351636,6.6392099784861515e-19,0.024039951784351636,0.0005779192817939514
XRP,validation,298,0.02308909091997159,5.766488218204236e-19,0.02308909091997159,0.0005331061195107146
XRP,validation,299,0.023203471701566246,5.008485418964012e-19,0.023203471701566246,0.0005384010990053856
XRP,validation,300,0.02378698859647687,4.350121814657398e-19,0.02378698859647687,0.0005658208264889207
XRP,test,1,0.8929335962505196,0.8685503601919651,0.024383236058554525,0.0005945422006871936
XRP,test,2,0.7393337328146485,0.7543797281895923,0.015045995374943777,0.00022638197682282952
XRP,test,3,0.5876106731321823,0.6552167846405871,0.06760611150840479,0.004570586313286862
XRP,test,4,0.5311917833225397,0.5690887743034031,0.03789699098086341,0.0014361819254036425
XRP,test,5,0.49292365033922875,0.4942822599024247,0.001358609563195945,1.8458199452074763e-06
XRP,test,6,0.461139365055375,0.4293090348747495,0.03183033018062553,0.0010131699194076407
XRP,test,7,0.43253668076673485,0.37287651687412854,0.05966016389260631,0.0035593351556926457
XRP,test,8,0.40778856367599386,0.3238620330381497,0.08392653063784417,0.007043662544904995
XRP,test,9,0.387366220735923,0.281290485447787,0.10607573528813596,0.011252061616918694
XRP,test,10,0.37299068773423677,0.2443149524542481,0.12867573527998866,0.01655744484984572
XRP,test,11,0.3625641663025735,0.21219983995442002,0.15036432634815347,0.022609430638134
XRP,test,12,0.35317366797493344,0.18430624742508886,0.16886742054984458,0.02851620572315807
XRP,test,13,0.34066946906775036,0.16007925758669037,0.18059021148106,0.03261282448277397
XRP,test,14,0.32639389852373574,0.13903689683618228,0.18735700168755345,0.03510264608134991
XRP,test,15,0.3130516866199392,0.1207605468270392,0.19229113979290002,0.03697588244285262
XRP,test,16,0.3031436108658062,0.10488661644360356,0.19825699442220265,0.0393058358373253
XRP,test,17,0.2943222954013468,0.09109930849140836,0.20322298690993845,0.04129958240859702
XRP,test,18,0.28381787794355506,0.07912433720345168,0.20469354074010337,0.04189944562072036
XRP,test,19,0.2711897547690716,0.06872347157800845,0.20246628319106313,0.040992595829203775
XRP,test,20,0.2602367851536962,0.05968979599272152,0.2005469891609747,0.0402190948615321
XRP,test,21,0.25247060834698737,0.05184359380926319,0.2006270145377242,0.04025119896232019
XRP,test,22,0.24753086917708675,0.045028772076681475,0.2025020971004053,0.04100709933006197
XRP,test,23,0.24147958235497682,0.03910975620620359,0.20236982614877325,0.040953546535484706
XRP,test,24,0.23355624123232346,0.03396879283991807,0.1995874483924054,0.03983514955579108
XRP,test,25,0.22317412469061873,0.029503607256397085,0.19367051743422165,0.03750826932323915
XRP,test,26,0.2124445712341336,0.025625368709505963,0.18681920252462764,0.03490141443193784
XRP,test,27,0.20263646888227949,0.022256923222693317,0.18037954565958617,0.03253678049235873
XRP,test,28,0.1954515198933629,0.019331258681835193,0.1761202612115277,0.031018346409216753
XRP,test,29,0.18988275949255567,0.016790171691072008,0.17309258780148368,0.029961043951814335
XRP,test,30,0.18416438790667675,0.014583109669965528,0.1695812782367112,0.02875780992839686
XRP,test,31,0.17608955673655008,0.012666165156567488,0.1634233915799826,0.026707204915504323
XRP,test,32,0.16781782496297568,0.01100120230898761,0.15681662265398807,0.024591453140603285
XRP,test,33,0.16165672293557762,0.009555098228015866,0.15210162470756175,0.02313490423867996
XRP,test,34,0.15990569729796858,0.008299084007612787,0.1516066132903558,0.022984565193371487
XRP,test,35,0.1592113477539555,0.007208172404075464,0.15200317534988006,0.023104965316446385
XRP,test,36,0.15721596458524204,0.0062606607378855265,0.1509553038473565,0.022787503759647724
XRP,test,37,0.1517669981175693,0.005437699138930168,0.14632929897863914,0.02141226373957996
XRP,test,38,0.1450550187683843,0.0047229155457333355,0.14033210322265097,0.019693099194892767
XRP,test,39,0.13902737893638084,0.00410208999840292,0.13492528893797792,0.018204833594996826
XRP,test,40,0.1353798135331877,0.0035628717456527136,0.131816941787535,0.01737570614221839
XRP,test,41,0.13371344282033013,0.00309453353800444,0.1306189092823257,0.01706129946210443
XRP,test,42,0.1318671149615179,0.0026877582190598724,0.12917935674245803,0.016687306208395238
XRP,test,43,0.12860941680008836,0.002334453369273367,0.12627496343081498,0.015945366389453663
XRP,test,44,0.12424099664136405,0.0020275903147337292,0.12221340632663032,0.014936116685958043
XRP,test,45,0.12150314467035139,0.0017610642981837202,0.11974208037216767,0.014338165811854663
XRP,test,46,0.12185411969293611,0.0015295730305086804,0.12032454666242742,0.014477996529518674
XRP,test,47,0.123281682144671,0.00132851120658823,0.12195317093808278,0.014872575901853239
XRP,test,48,0.122786115906817,0.0011538788870012692,0.12163223701981572,0.01479440108244463
XRP,test,49,0.11892877426399766,0.0010022019229228563,0.1179265723410748,0.013906676464114748
XRP,test,50,0.1150502390728144,0.0008704628411397268,0.11417977623167468,0.013037021300315301
XRP,test,51,0.11350182137308179,0.000756040814205631,0.11274578055887616,0.012711611033830257
XRP,test,52,0.1147139937160798,0.0006566595214981273,0.11405733419458168,0.013009075483574491
XRP,test,53,0.11585107133381459,0.0005703418639206819,0.1152807294698939,0.013289646587110864
XRP,test,54,0.11463512033626456,0.000495370631340865,0.1141397497049237,0.01302788246270263
XRP,test,55,0.11010322447683193,0.00043025434027962943,0.1096729701365523,0.012028160378573094
XRP,test,56,0.10451232258387835,0.00037369756222402844,0.10413862502165433,0.010844853221400729
XRP,test,57,0.10019070563403573,0.0003245751522725392,0.0998661304817632,0.009973244017400552
XRP,test,58,0.10000675848258106,0.00028190986541567586,0.09972484861716538,0.009945045431716551
XRP,test,59,0.1013575155522406,0.00024485291514845365,0.10111266263709215,0.010223770545562411
XRP,test,60,0.10225602346739157,0.00021266708764624209,0.10204335637974533,0.010412846581243713
XRP,test,61,0.09955337218146183,0.00018471207557611976,0.09936866010588571,0.009874130611239044
XRP,test,62,0.09586937080800818,0.0001604317397734443,0.09570893906823474,0.00916020101756707
XRP,test,63,0.09369906181666043,0.00013934304536644866,0.09355971877129399,0.008753420976563621
XRP,test,64,0.0948703330397863,0.00012102645224327431,0.09474930658754302,0.008977431098820224
XRP,test,65,0.09701699374772214,0.00010511756868865155,0.09691187617903349,0.00939191174454032
XRP,test,66,0.09754300571123517,9.129990214703195e-05,0.09745170580908814,0.009496834965101064
XRP,test,67,0.09467984952665867,7.929856289529576e-05,0.09460055096376338,0.008949264242647593
XRP,test,68,0.0906455202846528,6.887479536541432e-05,0.09057664548928739,0.008204128708092045
XRP,test,69,0.08731450456377442,5.98212283227785e-05,0.08725468333545164,0.007613379763969942
XRP,test,70,0.08711520541031385,5.195774940687505e-05,0.08706324766090698,0.007580009093264424
XRP,test,71,0.08720722286216977,4.512792196210518e-05,0.08716209494020766,0.007597230794365774
XRP,test,72,0.08509187222654653,3.9195872874901346e-05,0.08505267635367163,0.007233957754922413
XRP,test,73,0.07954144690301654,3.404358950353404e-05,0.079507403313513,0.006321427181657618
XRP,test,74,0.0739868406511632,2.9568571925521894e-05,0.07395727207923768,0.005469678093402389
XRP,test,75,0.07086718524751355,2.5681793796274067e-05,0.07084150345371727,0.005018518611583036
XRP,test,76,0.06980457477593545,2.2305931252129613e-05,0.06978226884468332,0.00486956504511166
XRP,test,77,0.06797991158274697,1.9373824623454386e-05,0.06796053775812351,0.004618634692373331
XRP,test,78,0.06431200624238449,1.682714235499727e-05,0.06429517910002949,0.004133870055504869
XRP,test,79,0.0589691007182395,1.461522055343435e-05,0.05895448549768607,0.003475631360296877
XRP,test,80,0.054773287432116596,1.2694055075970417e-05,0.054760593377040624,0.0029987225870055853
XRP,test,81,0.05248334807501423,1.1025426108530747e-05,0.0524723226489057,0.0027533446441708625
XRP,test,82,0.05328302262558289,9.576137817834277e-06,0.05327344648776505,0.002838060100684767
XRP,test,83,0.05426001755874433,8.317357950927859e-06,0.0542517002007934,0.002943246974676767
XRP,test,84,0.05379392905001026,7.224044244123897e-06,0.053786705005766135,0.002893009635377308
XRP,test,85,0.05032676082384512,6.274446230276503e-06,0.05032048637761485,0.0025321513492797213
XRP,test,86,0.046277852301819425,5.449672533311774e-06,0.046272402629286113,0.0021411352450867644
XRP,test,87,0.04324678627026663,4.7333150417362e-06,0.043242052955224895,0.001869875143782474
XRP,test,88,0.04203984632029663,4.111122484402022e-06,0.04203573519781223,0.0017670030336205899
XRP,test,89,0.040198210855171494,3.570716914620663e-06,0.040194640138256875,0.0016156090958439706
XRP,test,90,0.037334941753440806,3.1013474623373193e-06,0.03733184040597847,0.0013936663080974469
XRP,test,91,0.03252512959515295,2.6936764554935152e-06,0.032522435918697454,0.0010577088380857823
XRP,test,92,0.027857955210935998,2.3395936556595087e-06,0.027855615617280338,0.0007759353214176723
XRP,test,93,0.02475640137927091,2.0320549123259026e-06,0.024754369324358583,0.0006127788006467452
XRP,test,94,0.024913438186313565,1.7649420260305146e-06,0.024911673244287533,0.0006205914638301514
XRP,test,95,0.026611407300746077,1.53294103242674e-06,0.02660987435971365,0.0007080854134397459
XRP,test,96,0.026949293161436266,1.331436485867288e-06,0.026947961724950398,0.0007261926411293916
XRP,test,97,0.023835658799695167,1.1564196393727572e-06,0.023834502380055793,0.0005680835037048852
XRP,test,98,0.018703338990787313,1.0044086943102706e-06,0.018702334582093003,0.0003497773188205519
XRP,test,99,0.012838733719210552,8.723795332231269e-07,0.012837861339677329,0.00016481068377678177
XRP,test,100,0.00813859919757343,7.577055578050452e-07,0.008137841492015624,6.622446414917108e-05
XRP,test,101,0.004098964329199817,6.581054351510258e-07,0.004098306223764666,1.6796113903748195e-05
XRP,test,102,0.0008669411852639695,5.715977127447134e-07,0.0008663695875512248,7.505962622336793e-07
XRP,test,103,-0.0033420582148749297,4.964613992893242e-07,0.003342554676274219,1.117267176388265e-05
XRP,test,104,-0.007911594295035839,4.312017271741495e-07,0.007912025496763012,6.260014746142799e-05
XRP,test,105,-0.01270764896626047,3.7452041545250503e-07,0.012708023486675922,0.00016149386093790687
XRP,test,106,-0.014839780821942648,3.2528984174051763e-07,0.014840106111784388,0.00022022874940902035
XRP,test,107,-0.015839571209560768,2.825306092105139e-07,0.01583985374016998,0.00025090096650997684
XRP,test,108,-0.015292003970352033,2.453920623950472e-07,0.01529224936241443,0.00023385289056226453
XRP,test,109,-0.017158121077656914,2.131353641814674e-07,0.017158334213021095,0.00029440843296573023
XRP,test,110,-0.019485284498017643,1.8511879732945917e-07,0.019485469616814972,0.0003796835261878194
XRP,test,111,-0.022517071684588122,1.6078499809880514e-07,0.022517232469586222,0.0005070257580893881
XRP,test,112,-0.02256415564557018,1.3964986801218164e-07,0.022564295295438193,0.0005091474221797341
XRP,test,113,-0.021969019185943697,1.2129294316274074e-07,0.02196914047888686,0.00048264313338106514
XRP,test,114,-0.021935800869726803,1.0534902947274202e-07,0.021935906218756275,0.00048118398163807025
XRP,test,115,-0.02495664581073011,9.150093749442401e-08,0.024956737311667605,0.000622838737243582
XRP,test,116,-0.028504425249480197,7.947317221868447e-08,0.028504504722652417,0.0008125067894837139
XRP,test,117,-0.030376687834718637,6.902645235613647e-08,0.030376756861170993,0.000922747357402699
XRP,test,118,-0.028554786714276716,5.995295005669584e-08,0.028554846667226772,0.0008153792681888319
XRP,test,119,-0.025400352476756982,5.2072156366314064e-08,0.025400404548913347,0.0006451805512484579
XRP,test,120,-0.023393903707290234,4.522729016793441e-08,0.0233939489345804,0.0005472768467537554
XRP,test,121,-0.025003638028532612,3.9282179165865953e-08,0.025003677310711778,0.0006251838790582029
XRP,test,122,-0.027665239248818183,3.411855086363818e-08,0.027665273367369046,0.000765367350491259
XRP,test,123,-0.03007576567664839,2.963367964184082e-08,0.030075795310328033,0.0009045534635487497
XRP,test,124,-0.02978539235924738,2.5738343126734147e-08,0.029785418097590506,0.0008871711312482721
XRP,test,125,-0.02950748959377653,2.2355047193469332e-08,0.02950751194882372,0.0008706932614099747
XRP,test,126,-0.029555538607605576,1.9416484291996168e-08,0.029555558024089868,0.000873531010115343
XRP,test,127,-0.03166602991749265,1.6864194425474903e-08,0.03166604678168707,0.0010027385187799942
XRP,test,128,-0.03388278263257502,1.4647402142593556e-08,0.033882797279977166,0.001148043951516028
XRP,test,129,-0.034685684645670116,1.2722006406826194e-08,0.03468569736767652,0.001203097601882042
XRP,test,130,-0.032498305422373364,1.1049703247013379e-08,0.03249831647207661,0.001056140573519246
XRP,test,131,-0.028292502777032904,9.597223735207796e-09,0.02829251237425664,0.000800466256447465
XRP,test,132,-0.025063664805625115,8.335672132057607e-09,0.025063673141297246,0.000628187711333785
XRP,test,133,-0.024696272255947192,7.239951032740761e-09,0.024696279495898223,0.000609906220939523
XRP,test,134,-0.02648841030181601,6.288262077259177e-09,0.026488416590078088,0.0007016362134495241
XRP,test,135,-0.027396558675038412,5.4616722921849325e-09,0.027396564136710704,0.0007505717264969031
XRP,test,136,-0.026218068225075768,4.743737436627699e-09,0.026218072968813205,0.0006873873501980137
XRP,test,137,-0.02430148782432246,4.120174859239097e-09,0.02430149194449732,0.0005905625107284681
XRP,test,138,-0.023741869889875176,3.5785793580459966e-09,0.023741873468454532,0.0005636765557921052
XRP,test,139,-0.025582690250253164,3.1081763904063816e-09,0.025582693358429553,0.0006544741994714356
XRP,test,140,-0.028200242967502964,2.6996077234276244e-09,0.02820024566711069,0.0007952538556853952
XRP,test,141,-0.030397263804426835,2.3447452605600742e-09,0.030397266149172094,0.0009239937893436036
XRP,test,142,-0.029859559687616135,2.0365293406178553e-09,0.029859561724145476,0.0008915934263580536
XRP,test,143,-0.02789695073857251,1.7688282923351435e-09,0.0278969525074008,0.0007782399592001758
XRP,test,144,-0.025767053207509695,1.5363164504254273e-09,0.025767054743826144,0.0006639411101713334
XRP,test,145,-0.02655099531176758,1.3343682063858462e-09,0.026550996646135788,0.0007049554229031138
XRP,test,146,-0.028477051950797954,1.158965986285133e-09,0.02847705310976394,0.0008109425538163161
XRP,test,147,-0.030535699306384976,1.0066203248381885e-09,0.0305357003130053,0.000932428993605672
XRP,test,148,-0.030548473362597812,8.743004457147615e-10,0.030548474236898257,0.0009332092782024365
XRP,test,149,-0.030634437068628857,7.593739670415517e-10,0.030634437828002823,0.0009384687810377703
XRP,test,150,-0.03099896756862992,6.595545325943411e-10,0.030998968228184452,0.0009609360312119891
XRP,test,151,-0.03289275938472815,5.728563268510581e-10,0.03289275995758448,0.0010819336576272727
XRP,test,152,-0.03447830785160883,4.975545690247326e-10,0.0344783083491634,0.0011887537466199905
XRP,test,153,-0.0358076856741566,4.3215120014158946e-10,0.035807686106307794,0.0012821903842878683
XRP,test,154,-0.03424101402937441,3.7534508054036753e-10,0.034241014404719494,0.001172447067464208
XRP,test,155,-0.03226294652166036,3.2600610489961834e-10,0.032262946847666465,0.0010408977392953515
XRP,test,156,-0.03027381626195267,2.8315271983534305e-10,0.03027381654510539,0.0009165039682066968
XRP,test,157,-0.03199917043998346,2.459323968023218e-10,0.03199917068591586,0.0010239469245863768
XRP,test,158,-0.03462281339932391,2.1360467182552988e-10,0.03462281361292858,0.0011987392224755925
XRP,test,159,-0.03750464296680589,1.8552641465275047e-10,0.037504643152332304,0.0014065982579837865
XRP,test,160,-0.03839814378224139,1.611390342717703e-10,0.038398143943380425,0.0014744174582965628
XRP,test,161,-0.03899849361492858,1.3995736625773148e-10,0.03899849375488595,0.0015208825151498784
XRP,test,162,-0.03958816224300104,1.2156002087467146e-10,0.03958816236456106,0.0015672225994028486
XRP,test,163,-0.041577741507602524,1.0558099991563869e-10,0.041577741613183526,0.001728708597652653
XRP,test,164,-0.04418580663364407,9.170241550615582e-11,0.044185806725346485,0.0019523855159696746
XRP,test,165,-0.04638293172304229,7.964816601834488e-11,0.04638293180269045,0.0021513763626130333
XRP,test,166,-0.04705975287493969,6.917844328386289e-11,0.047059752944118134,0.0022146203471614355
XRP,test,167,-0.046969140717533636,6.008496183171853e-11,0.0469691407776186,0.0022061001853877545
XRP,test,168,-0.04823507124569211,5.2186815241059604e-11,0.04823507129787893,0.0023266221031114634
XRP,test,169,-0.051161668631863486,4.5326877174893854e-11,0.05116166867719036,0.0026175163418346013
XRP,test,170,-0.05454514062143038,3.936867549663101e-11,0.05454514066079905,0.0029751723697063544
XRP,test,171,-0.056331161703627695,3.4193677282879455e-11,0.05633116173782137,0.0031731997827325904
XRP,test,172,-0.05586746050607731,2.969893072033277e-11,0.055867460535776244,0.003121173146716516
XRP,test,173,-0.05433038553540065,2.579501697446124e-11,0.05433038556119567,0.0029517907952281786
XRP,test,174,-0.05391847101125862,2.2404271284326163e-11,0.053918471033662894,0.0029072015186079447
XRP,test,175,-0.056114136873323193,1.9459237893839992e-11,0.05611413689278243,0.0031487963592219267
XRP,test,176,-0.05945353194346513,1.6901328081755858e-11,0.05945353196036646,0.003534722462562316
XRP,test,177,-0.061818760935536066,1.4679654593131628e-11,0.06181876095021572,0.003821559205419916
XRP,test,178,-0.06128240863999401,1.2750019284358108e-11,0.06128240865274403,0.0037555336102819163
XRP,test,179,-0.060050071744558606,1.1074033841883735e-11,0.060050071755632636,0.0036060111178566286
XRP,test,180,-0.05973056791816326,9.61835608214613e-12,0.059730567927781614,0.0035677407449753334
XRP,test,181,-0.06170280442855541,8.354026639602598e-12,0.06170280443690944,0.003807236075379491
XRP,test,182,-0.06377224449084547,7.255892846880109e-12,0.06377224449810136,0.004066899168325619
XRP,test,183,-0.06492092869189232,6.302108345672021e-12,0.06492092869819444,0.004214726983036046
XRP,test,184,-0.0646297211380268,5.473698473602223e-12,0.0646297211435005,0.004177000855086636
XRP,test,185,-0.06456597814980028,4.75418278082942e-12,0.06456597815455446,0.004168765535054404
XRP,test,186,-0.06486928070010041,4.129247166707831e-12,0.06486928070422966,0.004208023579084143
XRP,test,187,-0.06596389825618029,3.586459113965738e-12,0.06596389825976676,0.00435123587362486
XRP,test,188,-0.06626834455416983,3.1150203552486977e-12,0.06626834455728485,0.004391493490363024
XRP,test,189,-0.06474223335153852,2.7055520515565595e-12,0.06474223335424407,0.004191556779695394
XRP,test,190,-0.060876649002006386,2.34990820889756e-12,0.06087664900435629,0.003705966393999594
XRP,test,191,-0.05695669623646885,2.041013621256031e-12,0.056956696238509866,0.003244065246405884
XRP,test,192,-0.05593538907367144,1.7727231158986328e-12,0.05593538907544416,0.003128767751021318
XRP,test,193,-0.05886057404974941,1.5396993008343803e-12,0.05886057405128911,0.003464567177647289
XRP,test,194,-0.06318433773679842,1.3373063823270176e-12,0.06318433773813573,0.003992260535406802
XRP,test,195,-0.06539571864479325,1.161517940057145e-12,0.06539571864595477,0.004276600017220876
XRP,test,196,-0.06416111281328128,1.0088368252060626e-12,0.06416111281429011,0.004116648397568063
XRP,test,197,-0.06161236324684007,8.762255879076442e-13,0.061612363247716295,0.0037960833049685417
XRP,test,198,-0.05979864235750926,7.610460499866007e-13,0.0597986423582703,0.003575877627892319
XRP,test,199,-0.05983674076258103,6.610068208385343e-13,0.05983674076324204,0.0035804355451674315
XRP,test,200,-0.0604471748550477,5.741177123286546e-13,0.060447174855621816,0.003653860948026118
XRP,test,201,-0.06117993475815886,4.9865014583564e-13,0.06117993475865751,0.003742984417073589
XRP,test,202,-0.060419901011958634,4.3310276377532103e-13,0.06041990101239174,0.0036505644383472164
XRP,test,203,-0.05889072919382707,3.7617156147719066e-13,0.05889072919420324,0.003468117985024982
XRP,test,204,-0.057026045572044555,3.267239452149879e-13,0.05702604557237128,0.003251969873622166
XRP,test,205,-0.05644616742794674,2.837762002998176e-13,0.05644616742823051,0.0031861698173358314
XRP,test,206,-0.05604258027734795,2.464739209843138e-13,0.05604258027759443,0.003140770804170616
XRP,test,207,-0.055302371878699554,2.140750128488517e-13,0.055302371878913625,0.0030583523354336564
XRP,test,208,-0.053260066326901126,1.859349295179697e-13,0.05326006632708706,0.002836634665165713
XRP,test,209,-0.05121937654823346,1.614938500051002e-13,0.05121937654839496,0.0026234245340062716
XRP,test,210,-0.0488860181974448,1.4026554159071697e-13,0.04888601819758506,0.002389842775214618
XRP,test,211,-0.04768119630293665,1.2182768667113827e-13,0.047681196303058476,0.002273496480890797
XRP,test,212,-0.04604050363192565,1.0581348113957102e-13,0.04604050363203146,0.0021197279746911018
XRP,test,213,-0.043997184200567405,9.19043371569401e-14,0.04399718420065931,0.0019357522175867453
XRP,test,214,-0.040175802559971795,7.982354514086413e-14,0.04017580256005162,0.0016140951113442503
XRP,test,215,-0.03685166621594367,6.933076888389713e-14,0.036851666216013004,0.0013580453028964343
XRP,test,216,-0.03614159202410443,6.021726428649474e-14,0.03614159202416464,0.0013062146740411614
XRP,test,217,-0.038482248779160136,5.2301726585809756e-14,0.038482248779212434,0.0014808834711051968
XRP,test,218,-0.042049000307776176,4.5426683464766736e-14,0.042049000307821605,0.0017681184268871814
XRP,test,219,-0.04437132868811045,3.9455362285649536e-14,0.04437132868814991,0.001968814809551835
XRP,test,220,-0.0449254302874903,3.4268969124705377e-14,0.04492543028752457,0.0020182942865192297
XRP,test,221,-0.04470317958954256,2.976432547667019e-14,0.044703179589572324,0.001998374265417556
XRP,test,222,-0.04419173104862494,2.5851815613632772e-14,0.0441917310486508,0.0019529090930762868
XRP,test,223,-0.044556074363558316,2.2453603762837012e-14,0.04455607436358077,0.0019852437626929394
XRP,test,224,-0.04456085226190312,1.950208563581975e-14,0.04456085226192263,0.001985669554308895
XRP,test,225,-0.04501470116590386,1.6938543503485792e-14,0.045014701165920795,0.002026323321057151
XRP,test,226,-0.04397113748358639,1.4711978061079854e-14,0.0439711374836011,0.0019334609316017494
XRP,test,227,-0.04319023600683144,1.2778093844087195e-14,0.04319023600684422,0.0018653964863269029
XRP,test,228,-0.0424864486754275,1.1098418010848665e-14,0.0424864486754386,0.0018050983210506782
XRP,test,229,-0.04421743782997273,9.6395349608836e-15,0.044217437829982366,0.0019551818082483557
XRP,test,230,-0.04584871388262638,8.372421562358492e-15,0.045848713882634756,0.002102104564691705
XRP,test,231,-0.04701628980747293,7.271869763665442e-15,0.047016289807480204,0.0022105315072609667
XRP,test,232,-0.045539605387804716,6.31598510250068e-15,0.04553960538781103,0.0020738556588775475
XRP,test,233,-0.04434801657426814,5.485751135744051e-15,0.044348016574273626,0.0019667465740720483
XRP,test,234,-0.04295765813416044,4.764651124873977e-15,0.04295765813416521,0.0018453603923718105
XRP,test,235,-0.043265331043112254,4.138339450698344e-15,0.04326533104311639,0.0018718888702704507
XRP,test,236,-0.04259060550405983,3.594356220500666e-15,0.04259060550406343,0.0018139596772027578
XRP,test,237,-0.04122221609839967,3.1218793899740834e-15,0.04122221609840279,0.0016992711000634183
XRP,test,238,-0.037294085119692365,2.7115094686378627e-15,0.03729408511969508,0.0013908487849150619
XRP,test,239,-0.03305925486992602,2.3550825256493394e-15,0.033059254869928376,0.001092914332554883
XRP,test,240,-0.030003452525552327,2.0455077759345367e-15,0.030003452525554374,0.0009002071634531952
XRP,test,241,-0.029778362802822752,1.776626515563407e-15,0.02977836280282453,0.0008867508912166435
XRP,test,242,-0.0316375022978076,1.543089600019193e-15,0.03163750229780914,0.0010009315516438788
XRP,test,243,-0.0326917915321698,1.3402510279051454e-15,0.03269179153217114,0.0010687532335829366
XRP,test,244,-0.03244206538397047,1.1640755130346655e-15,0.03244206538397164,0.0010524876063778908
XRP,test,245,-0.03079417130233151,1.0110582061369052e-15,0.03079417130233252,0.0009482809861973997
XRP,test,246,-0.030577617560195756,8.781549691152512e-16,0.030577617560196634,0.0009349906956576455
XRP,test,247,-0.0319089604582602,7.6272181472941535e-16,0.031908960458260964,0.0010181817575268617
XRP,test,248,-0.033584161445659594,6.62462306909503e-16,0.03358416144566025,0.0011278959000081727
XRP,test,249,-0.03317631257136738,5.7538187527984895e-16,0.03317631257136796,0.0011006677158331077
XRP,test,250,-0.029544939747230988,4.997481350222411e-16,0.029544939747231488,0.000872903464667539
XRP,test,251,-0.02491641268336824,4.340564226788303e-16,0.024916412683368673,0.0006208276210079353
XRP,test,252,-0.02226763767533392,3.769998622613339e-16,0.0222676376753343,0.0004958476876399675
XRP,test,253,-0.023513501726361893,3.2744336615940276e-16,0.02351350172636222,0.000552884763435639
XRP,test,254,-0.026152065241919768,2.844010536202188e-16,0.026152065241920052,0.0006839305164176429
XRP,test,255,-0.027625779796086335,2.470166375608154e-16,0.02762577979608658,0.0007631837093418656
XRP,test,256,-0.025749306425904988,2.145463895268543e-16,0.025749306425905203,0.000663026781415163
XRP,test,257,-0.022864899280171023,1.8634434390143496e-16,0.02286489928017121,0.0005228036190923739
XRP,test,258,-0.019247862791022773,1.6184944701532673e-16,0.019247862791022936,0.00037048022202204524
XRP,test,259,-0.0169442022323184,1.405743955020324e-16,0.01694420223231854,0.00028710598928970865
XRP,test,260,-0.014435440939694968,1.22095941847058e-16,0.01443544093969509,0.00020838195512342506
XRP,test,261,-0.01209002490977141,1.0604647426923945e-16,0.012090024909771516,0.00014616870231889576
XRP,test,262,-0.007994784085478136,9.210670342363588e-17,0.007994784085478228,6.391657257341596e-05
XRP,test,263,-0.0038145482130824576,7.999931043469345e-17,0.0038145482130825374,1.4550778069931179e-05
XRP,test,264,-0.0005701100279477317,6.948342989316183e-17,0.0005701100279478012,3.250254439666426e-07
XRP,test,265,-0.00011854919368594396,6.034985806107886e-17,0.00011854919368600431,1.4053911323601764e-08
XRP,test,266,-0.00017585942346843471,5.241689095648401e-17,0.00017585942346848714,3.092653682266869e-08
XRP,test,267,0.0005135094290971132,4.552670952039714e-17,0.0005135094290970677,2.636919337715964e-07
XRP,test,268,0.0037445015243731928,3.95422399522959e-17,0.0037445015243731533,1.4021291666032868e-05
XRP,test,269,0.00792405936609967,3.434442675336372e-17,0.007924059366099636,6.279071683747135e-05
XRP,test,270,0.012347097422139111,2.982986422722062e-17,0.012347097422139082,0.00015245081475179356
XRP,test,271,0.015888119556684427,2.5908739319029882e-17,0.015888119556684403,0.0002524323430474974
XRP,test,272,0.019523798939423583,2.250304486766313e-17,0.01952379893942356,0.0003811787250270366
XRP,test,273,0.023750114771833888,1.9545027725224765e-17,0.023750114771833867,0.0005640679516752812
XRP,test,274,0.027983919971581832,1.6975840870705912e-17,0.027983919971581814,0.0007830997769758955
XRP,test,275,0.03097429930417848,1.4744372702813102e-17,0.030974299304178467,0.0009594072173848307
XRP,test,276,0.03203708880101121,1.2806230221832899e-17,0.03203708880101119,0.0010263750588438768
XRP,test,277,0.031038578504714528,1.1122855871874193e-17,0.031038578504714517,0.000963393355593326
XRP,test,278,0.029413906711711242,9.660760473879643e-18,0.02941390671171123,0.000865177908045251
XRP,test,279,0.028050144843176816,8.390856989316464e-18,0.02805014484317681,0.0007868106257231985
XRP,test,280,0.02945760750253683,7.287881860390082e-18,0.02945760750253682,0.0008677506397735136
XRP,test,281,0.032056776947647574,6.329892414878294e-18,0.03205677694764757,0.0010276369482712284
XRP,test,282,0.03582262050034832,5.4978303369189305e-18,0.03582262050034831,0.0012832601395119751
XRP,test,283,0.03870024946560239,4.77514251940525e-18,0.03870024946560238,0.0014977093086998574
XRP,test,284,0.042121230653929864,4.147451755197397e-18,0.04212123065392986,0.0017741980718015602
XRP,test,285,0.04650085356277936,3.602270715855497e-18,0.04650085356277935,0.002162329382067049
XRP,test,286,0.053583420235812126,3.1287535277652598e-18,0.053583420235812126,0.0028711829241676403
XRP,test,287,0.061614023466304485,2.717480003492398e-18,0.061614023466304485,0.0037962878877063197
XRP,test,288,0.06728742592087328,2.3602682358477847e-18,0.06728742592087328,0.004527597687057009
XRP,test,289,0.06616422391915587,2.0500118263952475e-18,0.06616422391915587,0.004377704526824198
XRP,test,290,0.060171595649846414,1.78053851021338e-18,0.060171595649846414,0.003620620923048616
XRP,test,291,0.052945033361502726,1.5464873643814964e-18,0.052945033361502726,0.0028031765576506367
XRP,test,292,0.04992640976950864,1.3432021573658714e-18,0.04992640976950864,0.002492646392472888
XRP,test,293,0.05034760218748716,1.166638717590752e-18,0.05034760218748716,0.002534881046029462
XRP,test,294,0.052610257286087696,1.01328447837734e-18,0.052610257286087696,0.0027678391717083435
XRP,test,295,0.05254605534776751,8.80088598671566e-19,0.05254605534776751,0.0027610879326106464
XRP,test,296,0.0502711613306687,7.644012693770305e-19,0.0502711613306687,0.0025271896615341204
XRP,test,297,0.04711708200758213,6.6392099784861515e-19,0.04711708200758213,0.0022200194169092195
XRP,test,298,0.04709108266823886,5.766488218204236e-19,0.04709108266823886,0.0022175700668669064
XRP,test,299,0.049031816879824754,5.008485418964012e-19,0.049031816879824754,0.002404119066536668
XRP,test,300,0.05038160298048123,4.350121814657398e-19,0.05038160298048123,0.002538305918882835
XRP,recent,1,0.8997959479105098,0.8685503601919651,0.031245587718544687,0.0009762867518772706
XRP,recent,2,0.7573799925647989,0.7543797281895923,0.0030002643752066183,9.00158632113396e-06
XRP,recent,3,0.6184452885559739,0.6552167846405871,0.036771496084613164,0.0013521429243007212
XRP,recent,4,0.5688947445726846,0.5690887743034031,0.00019402973071847018,3.764753640268205e-08
XRP,recent,5,0.5374049117437567,0.4942822599024247,0.043122651841332016,0.0018595631018287356
XRP,recent,6,0.5135445236893447,0.4293090348747495,0.0842354888145952,0.007095617575833792
XRP,recent,7,0.49280985986500736,0.37287651687412854,0.11993334299087882,0.014384006760967781
XRP,recent,8,0.4723818516461613,0.3238620330381497,0.1485198186080116,0.02205813651935667
XRP,recent,9,0.452216126467198,0.281290485447787,0.170925641019411,0.029215574757896552
XRP,recent,10,0.43956573793097936,0.2443149524542481,0.19525078547673125,0.03812286922928053
XRP,recent,11,0.431218071589254,0.21219983995442002,0.219018231634834,0.0479689857884498
XRP,recent,12,0.42320500337199224,0.18430624742508886,0.23889875594690338,0.057072615592978104
XRP,recent,13,0.4069797501548709,0.16007925758669037,0.24690049256818056,0.060959853230410185
XRP,recent,14,0.3895784713205921,0.13903689683618228,0.25054157448440983,0.06277108054512708
XRP,recent,15,0.37231790607994053,0.1207605468270392,0.25155735925290135,0.06328110499429328
XRP,recent,16,0.361188371708134,0.10488661644360356,0.2563017552645305,0.06569058975167927
XRP,recent,17,0.35043039217848576,0.09109930849140836,0.2593310836870774,0.06725261096631395
XRP,recent,18,0.34255094721289636,0.07912433720345168,0.2634266100094447,0.06939357886106806
XRP,recent,19,0.3318950377014585,0.06872347157800845,0.26317156612345005,0.06925927321586944
XRP,recent,20,0.32167548089449743,0.05968979599272152,0.26198568490177593,0.06863649909345262
XRP,recent,21,0.3115661287141926,0.05184359380926319,0.2597225349049294,0.06745579513744228
XRP,recent,22,0.30695502866711516,0.045028772076681475,0.26192625659043367,0.0686053638914777
XRP,recent,23,0.30453249858967585,0.03910975620620359,0.26542274238347224,0.07044923217436307
XRP,recent,24,0.3000061820090476,0.03396879283991807,0.26603738916912956,0.0707758924359269
XRP,recent,25,0.29131692537148407,0.029503607256397085,0.261813318115087,0.06854621354243175
XRP,recent,26,0.279411711856724,0.025625368709505963,0.25378634314721804,0.0644075079680375
XRP,recent,27,0.270392685817762,0.022256923222693317,0.24813576259506867,0.06157135667863628
XRP,recent,28,0.26169239077696016,0.019331258681835193,0.24236113209512497,0.058738918350430616
XRP,recent,29,0.25597248680481594,0.016790171691072008,0.23918231511374394,0.057208179863170304
XRP,recent,30,0.24873954160352063,0.014583109669965528,0.2341564319335551,0.05482923461585362
XRP,recent,31,0.24200447779267437,0.012666165156567488,0.22933831263610688,0.0525960616427767
XRP,recent,32,0.23410228958687648,0.01100120230898761,0.22310108727788888,0.049774095144576196
XRP,recent,33,0.22738969281576857,0.009555098228015866,0.2178345945877527,0.04745191059921058
XRP,recent,34,0.2241260776446703,0.008299084007612787,0.2158269936370575,0.046581291182410466
XRP,recent,35,0.22270529757720836,0.007208172404075464,0.2154971251731329,0.04643901095788491
XRP,recent,36,0.21959377482289472,0.0062606607378855265,0.21333311408500918,0.04551101756520754
XRP,recent,37,0.21320311175042733,0.005437699138930168,0.20776541261149717,0.043166466677625664
XRP,recent,38,0.20573025030372086,0.0047229155457333355,0.20100733475798752,0.04040394862650966
XRP,recent,39,0.200807351363603,0.00410208999840292,0.19670526136520008,0.03869295984875168
XRP,recent,40,0.19921676042008096,0.0035628717456527136,0.19565388867442826,0.03828044415342557
XRP,recent,41,0.19954515398914052,0.00309453353800444,0.1964506204511361,0.03859284627563633
XRP,recent,42,0.19917279858501932,0.0026877582190598724,0.19648504036595946,0.038606371087612716
XRP,recent,43,0.19513795687482963,0.002334453369273367,0.19280350350555625,0.03717319096401704
XRP,recent,44,0.18746444899136966,0.0020275903147337292,0.18543685867663592,0.034386828555858645
XRP,recent,45,0.17954368894499176,0.0017610642981837202,0.17778262464680805,0.03160666162630784
XRP,recent,46,0.17311298614412268,0.0015295730305086804,0.171583413113614,0.029440867655717125
XRP,recent,47,0.16822026122079728,0.00132851120658823,0.16689175001420906,0.02785285622280525
XRP,recent,48,0.16334747532722538,0.0011538788870012692,0.1621935964402241,0.026306762726214277
XRP,recent,49,0.1604228188786019,0.0010022019229228563,0.15942061695567905,0.025414933110529343
XRP,recent,50,0.15928142992217734,0.0008704628411397268,0.1584109670810376,0.02509403449154958
XRP,recent,51,0.1603656742352138,0.000756040814205631,0.15960963342100817,0.02547523508078861
XRP,recent,52,0.1602982772086476,0.0006566595214981273,0.15964161768714946,0.025485446097769992
XRP,recent,53,0.15949693519384758,0.0005703418639206819,0.1589265933299269,0.025257662067455965
XRP,recent,54,0.15466694596038322,0.000495370631340865,0.15417157532904235,0.02376887463943858
XRP,recent,55,0.1476982596090997,0.00043025434027962943,0.14726800526882008,0.02168786537585722
XRP,recent,56,0.14036570742459215,0.00037369756222402844,0.13999200986236812,0.019597762825305374
XRP,recent,57,0.1368150964651417,0.0003245751522725392,0.13649052131286915,0.01862966240825879
XRP,recent,58,0.13742634314364868,0.00028190986541567586,0.137144433278233,0.018808595579207704
XRP,recent,59,0.14006546360507205,0.00024485291514845365,0.1398206106899236,0.019549803173703178
XRP,recent,60,0.14041159081581162,0.00021266708764624209,0.14019892372816536,0.01965573821453593
XRP,recent,61,0.13626951009928853,0.00018471207557611976,0.1360847980237124,0.0185190722531546
XRP,recent,62,0.12924452554850993,0.0001604317397734443,0.12908409380873648,0.01666270327442268
XRP,recent,63,0.12347551124961081,0.00013934304536644866,0.12333616820424437,0.015211810387305659
XRP,recent,64,0.12030734859445151,0.00012102645224327431,0.12018632214220823,0.014444752030070653
XRP,recent,65,0.11924223630808396,0.00010511756868865155,0.11913711873939531,0.014193653061524777
XRP,recent,66,0.11731119931024393,9.129990214703195e-05,0.1172198994080969,0.013740504817244358
XRP,recent,67,0.11409972402177662,7.929856289529576e-05,0.11402042545888133,0.013000657421824314
XRP,recent,68,0.10775358127362154,6.887479536541432e-05,0.10768470647825613,0.011595996009308178
XRP,recent,69,0.10075025886996213,5.98212283227785e-05,0.10069043764163935,0.010138564232464863
XRP,recent,70,0.09563370403707203,5.195774940687505e-05,0.09558174628766515,0.009135870223399591
XRP,recent,71,0.0931826336518688,4.512792196210518e-05,0.09313750572990669,0.008674594973588402
XRP,recent,72,0.09270175736400782,3.9195872874901346e-05,0.09266256149113292,0.008586350302097989
XRP,recent,73,0.09109061060357797,3.404358950353404e-05,0.09105656701407443,0.008291298396388628
XRP,recent,74,0.09004515964531462,2.9568571925521894e-05,0.09001559107338909,0.008102806636291607
XRP,recent,75,0.08857252528933766,2.5681793796274067e-05,0.08854684349554139,0.0078405434930239
XRP,recent,76,0.08769290800353953,2.2305931252129613e-05,0.0876706020722874,0.007686134467717364
XRP,recent,77,0.08625764170121486,1.9373824623454386e-05,0.0862382678765914,0.007437038846354737
XRP,recent,78,0.08450811149250409,1.682714235499727e-05,0.08449128435014909,0.007138777131137749
XRP,recent,79,0.08188060544803727,1.461522055343435e-05,0.08186599022748384,0.0067020403559264795
XRP,recent,80,0.080006712910957,1.2694055075970417e-05,0.07999401885588103,0.00639904305271505
XRP,recent,81,0.07927588595177705,1.1025426108530747e-05,0.07926486052566852,0.006282918114153683
XRP,recent,82,0.08026059753487794,9.576137817834277e-06,0.0802510213970601,0.006440226435271398
XRP,recent,83,0.07979577699297166,8.317357950927859e-06,0.07978745963502074,0.006366038715010063
XRP,recent,84,0.0764275926925002,7.224044244123897e-06,0.07642036864825608,0.00584007274433536
XRP,recent,85,0.07091449349828075,6.274446230276503e-06,0.07090821905205047,0.005027975529133573
XRP,recent,86,0.06548767600917219,5.449672533311774e-06,0.06548222633663887,0.004287921966002802
XRP,recent,87,0.06256533680894334,4.7333150417362e-06,0.0625606034939016,0.003913829109521174
XRP,recent,88,0.06082952926435791,4.111122484402022e-06,0.06082541814187351,0.0036997314921337556
XRP,recent,89,0.05758628187304182,3.570716914620663e-06,0.0575827111561272,0.003315768624089976
XRP,recent,90,0.050634893051241664,3.1013474623373193e-06,0.05063179170377933,0.0025635783311348972
XRP,recent,91,0.0410855909447347,2.6936764554935152e-06,0.041082897268279205,0.0016878044479559829
XRP,recent,92,0.0323434121416313,2.3395936556595087e-06,0.03234107254797564,0.0010459449735534237
XRP,recent,93,0.029193891660707735,2.0320549123259026e-06,0.029191859605795407,0.0008521646672444696
XRP,recent,94,0.030522388786287397,1.7649420260305146e-06,0.030520623844261366,0.0009315084798428954
XRP,recent,95,0.032890364246674186,1.53294103242674e-06,0.03288883130564176,0.0010816752246509617
XRP,recent,96,0.029859836466002036,1.331436485867288e-06,0.029858505029516168,0.0008915303225976423
XRP,recent,97,0.021965841525081544,1.1564196393727572e-06,0.02196468510544217,0.0004824473917812331
XRP,recent,98,0.01187280132692039,1.0044086943102706e-06,0.01187179691822608,0.00014093956206760226
XRP,recent,99,0.00460713801253723,8.723795332231269e-07,0.004606265633004007,2.1217683081793803e-05
XRP,recent,100,0.0006155801076676369,7.577055578050452e-07,0.0006148224021098318,3.780065861361037e-07
XRP,recent,101,-0.001030997316527244,6.581054351510258e-07,0.001031655421962395,1.0643129096644072e-06
XRP,recent,102,-0.003444242036442163,5.715977127447134e-07,0.0034448136341549075,1.1866740974059541e-05
XRP,recent,103,-0.005168320091543432,4.964613992893242e-07,0.005168816552942722,2.671666455797468e-05
XRP,recent,104,-0.00551345163515501,4.312017271741495e-07,0.0055138828368821845,3.0402903938863927e-05
XRP,recent,105,-0.003006218239050642,3.7452041545250503e-07,0.0030065927594660944,9.039600021273945e-06
XRP,recent,106,-0.00027737941247580835,3.2528984174051763e-07,0.0002777047023175489,7.711990168927844e-08
XRP,recent,107,0.0003310780582482866,2.825306092105139e-07,0.0003307955276390761,1.0942568110601475e-07
XRP,recent,108,-0.0027409731040168687,2.453920623950472e-07,0.0027412184960792637,7.514278843247061e-06
XRP,recent,109,-0.010753606576954585,2.131353641814674e-07,0.010753819712318768,0.0001156446384050557
XRP,recent,110,-0.019264246220584137,1.8511879732945917e-07,0.019264431339381466,0.00037111831482974277
XRP,recent,111,-0.025425497405784328,1.6078499809880514e-07,0.02542565819078243,0.0006464640944345016
XRP,recent,112,-0.02787185380059693,1.3964986801218164e-07,0.027871993450464944,0.0007768480189027608
XRP,recent,113,-0.030108642946942616,1.2129294316274074e-07,0.030108764239885778,0.0009065376840530246
XRP,recent,114,-0.03546317968800491,1.0534902947274202e-07,0.03546328503703438,0.0012576445856179465
XRP,recent,115,-0.041530444004105244,9.150093749442401e-08,0.04153053550504274,0.0017247853793356154
XRP,recent,116,-0.045024523012331334,7.947317221868447e-08,0.04502460248550355,0.0020272148289776125
XRP,recent,117,-0.04444365849390674,6.902645235613647e-08,0.0444437275203591,0.001975244915903925
XRP,recent,118,-0.03924576755251788,5.995295005669584e-08,0.039245827505467935,0.0015402349765889435
XRP,recent,119,-0.03654723730844056,5.2072156366314064e-08,0.036547289380596926,0.0013357043610690929
XRP,recent,120,-0.0358662622805742,4.522729016793441e-08,0.03586630750786437,0.001286392014248688
XRP,recent,121,-0.04352166865851375,3.9282179165865953e-08,0.04352170794069292,0.0018941390620749732
XRP,recent,122,-0.04998572678671949,3.411855086363818e-08,0.049985760905270356,0.0024985762932788545
XRP,recent,123,-0.05536178517666594,2.963367964184082e-08,0.055361814810345585,0.0030649305390949995
XRP,recent,124,-0.05376958407155971,2.5738343126734147e-08,0.053769609809902835,0.002891170939109199
XRP,recent,125,-0.05287642964141197,2.2355047193469332e-08,0.05287645199645916,0.0027959191757338502
XRP,recent,126,-0.053548166719604474,1.9416484291996168e-08,0.05354818613608877,0.0028674082384652095
XRP,recent,127,-0.057338671146339365,1.6864194425474903e-08,0.05733868801053379,0.003287725142769331
XRP,recent,128,-0.06092555472995644,1.4647402142593556e-08,0.06092556937735859,0.0037119250039553344
XRP,recent,129,-0.06204834293828449,1.2722006406826194e-08,0.0620483556602909,0.0038499984401459534
XRP,recent,130,-0.060950271282549845,1.1049703247013379e-08,0.060950282332253095,0.003714936916381364
XRP,recent,131,-0.05873121002238102,9.597223735207796e-09,0.05873121961960476,0.0034493561580062468
XRP,recent,132,-0.05923589865533273,8.335672132057607e-09,0.05923590699100486,0.0035088926770469784
XRP,recent,133,-0.0634629846171055,7.239951032740761e-09,0.06346299185705653,0.004027551335448824
XRP,recent,134,-0.06896973790840707,6.288262077259177e-09,0.06896974419666915,0.004756825614553978
XRP,recent,135,-0.07338187104892767,5.4616722921849325e-09,0.07338187651059996,0.0053848998002169425
XRP,recent,136,-0.07494368654699399,4.743737436627699e-09,0.07494369129073142,0.005616556864280452
XRP,recent,137,-0.07559056922372627,4.120174859239097e-09,0.07559057334390112,0.0057139347784596955
XRP,recent,138,-0.07691004874876567,3.5785793580459966e-09,0.07691005232734503,0.005915156148994951
XRP,recent,139,-0.08013831550085343,3.1081763904063816e-09,0.08013831860902983,0.006422150109482376
XRP,recent,140,-0.08171517705189991,2.6996077234276244e-09,0.08171517975150763,0.006677370601821203
XRP,recent,141,-0.07987448580447754,2.3447452605600742e-09,0.0798744881492228,0.0063799338571003325
XRP,recent,142,-0.07520134668207236,2.0365293406178553e-09,0.0752013487186017,0.005655242849096737
XRP,recent,143,-0.0745875871001121,1.7688282923351435e-09,0.07458758886894039,0.00556330841328208
XRP,recent,144,-0.07858196273920887,1.5363164504254273e-09,0.07858196427552532,0.006175125109399937
XRP,recent,145,-0.08468568430323663,1.3343682063858462e-09,0.08468568563760484,0.007171665351911231
XRP,recent,146,-0.08972257554459856,1.158965986285133e-09,0.08972257670356455,0.008050140770327025
XRP,recent,147,-0.09161293230785825,1.0066203248381885e-09,0.09161293331447858,0.008392929550483099
XRP,recent,148,-0.09180335248632976,8.743004457147615e-10,0.09180335336063021,0.008427855688256734
XRP,recent,149,-0.09063596375049415,7.593739670415517e-10,0.09063596450986812,0.008214878062634073
XRP,recent,150,-0.09199061920091978,6.595545325943411e-10,0.09199061986047431,0.008462274142314291
XRP,recent,151,-0.09577432563102697,5.728563268510581e-10,0.0957743262038833,0.009172721559807848
XRP,recent,152,-0.09853462466379329,4.975545690247326e-10,0.09853462516134785,0.009709072355687326
XRP,recent,153,-0.0964377663109801,4.3215120014158946e-10,0.0964377667431313,0.009300242854402601
XRP,recent,154,-0.08871615502168032,3.7534508054036753e-10,0.08871615539702539,0.007870556228429157
XRP,recent,155,-0.08167602604825519,3.2600610489961834e-10,0.0816760263742613,0.006670973284289027
XRP,recent,156,-0.07844341766980958,2.8315271983534305e-10,0.07844341795296231,0.006153369820143129
XRP,recent,157,-0.08121746154869626,2.459323968023218e-10,0.08121746179462866,0.006596276100361966
XRP,recent,158,-0.08435746567909026,2.1360467182552988e-10,0.08435746589269494,0.0071161820518371895
XRP,recent,159,-0.08770407771705113,1.8552641465275047e-10,0.08770407790257755,0.007692005280741391
XRP,recent,160,-0.08907506541349319,1.611390342717703e-10,0.08907506557463223,0.007934367307125031
XRP,recent,161,-0.09027136323889917,1.3995736625773148e-10,0.09027136337885654,0.008148919046277561
XRP,recent,162,-0.09054415048249008,1.2156002087467146e-10,0.0905441506040501,0.008198243208608907
XRP,recent,163,-0.09093618685924128,1.0558099991563869e-10,0.09093618696482228,0.008269390099701113
XRP,recent,164,-0.09009246019538554,9.170241550615582e-11,0.09009246028708795,0.00811665140058052
XRP,recent,165,-0.08583787353653115,7.964816601834488e-11,0.08583787361617931,0.007368140546947172
XRP,recent,166,-0.07801243085538143,6.917844328386289e-11,0.07801243092455987,0.006085939378759225
XRP,recent,167,-0.07278980278367209,6.008496183171853e-11,0.07278980284375705,0.005298355398033022
XRP,recent,168,-0.07364221677149936,5.2186815241059604e-11,0.07364221682368617,0.005423176098706807
XRP,recent,169,-0.08152794349119168,4.5326877174893854e-11,0.08152794353651856,0.006646805577293758
XRP,recent,170,-0.09004642168529263,3.936867549663101e-11,0.0900464217246613,0.008108358065415556
XRP,recent,171,-0.0948551949503402,3.4193677282879455e-11,0.09485519498453387,0.00899750801555394
XRP,recent,172,-0.09486640591740485,2.969893072033277e-11,0.09486640594710377,0.008999634977320686
XRP,recent,173,-0.09222855350229792,2.579501697446124e-11,0.09222855352809294,0.008506106085884304
XRP,recent,174,-0.09210470962323972,2.2404271284326163e-11,0.09210470964564399,0.008483277538908386
XRP,recent,175,-0.09510475392077926,1.9459237893839992e-11,0.0951047539402385,0.00904491422203331
XRP,recent,176,-0.09901069010986557,1.6901328081755858e-11,0.0990106901267669,0.009803116759378656
XRP,recent,177,-0.09994972297330694,1.4679654593131628e-11,0.0999497229879866,0.009989947125375258
XRP,recent,178,-0.096730384212716,1.2750019284358108e-11,0.09673038422546602,0.009356767232406285
XRP,recent,179,-0.09098642539107028,1.1074033841883735e-11,0.09098642540214431,0.008278529607459973
XRP,recent,180,-0.08647802973650988,9.61835608214613e-12,0.08647802974612824,0.007478449628772241
XRP,recent,181,-0.083915754740069,8.354026639602598e-12,0.08391575474842303,0.007041853894997482
XRP,recent,182,-0.08529080123572005,7.255892846880109e-12,0.08529080124297594,0.007274520776668827
XRP,recent,183,-0.08533521950244474,6.302108345672021e-12,0.08533521950874685,0.007282099688606009
XRP,recent,184,-0.08221999449540711,5.473698473602223e-12,0.08221999450088081,0.006760127495724871
XRP,recent,185,-0.07507384375580442,4.75418278082942e-12,0.0750738437605586,0.005636082016984764
XRP,recent,186,-0.0698562554850898,4.129247166707831e-12,0.06985625548921905,0.004879896430975046
XRP,recent,187,-0.0704652439469228,3.586459113965738e-12,0.07046524395050927,0.004965350605004783
XRP,recent,188,-0.07437126627907656,3.1150203552486977e-12,0.07437126628219158,0.0055310852484166464
XRP,recent,189,-0.07784111091772095,2.7055520515565595e-12,0.0778411109204265,0.0060592385493261425
XRP,recent,190,-0.07624619239125417,2.34990820889756e-12,0.07624619239360408,0.005813481854522489
XRP,recent,191,-0.07450328196273703,2.041013621256031e-12,0.07450328196477805,0.005550739023523223
XRP,recent,192,-0.07372337579064,1.7727231158986328e-12,0.07372337579241273,0.005435136138229307
XRP,recent,193,-0.07697743117272003,1.5396993008343803e-12,0.07697743117425973,0.0059255249101878935
XRP,recent,194,-0.07893663438399098,1.3373063823270176e-12,0.07893663438532829,0.006230992248082992
XRP,recent,195,-0.07888628879466764,1.161517940057145e-12,0.07888628879582915,0.00622304655997896
XRP,recent,196,-0.07825741535568365,1.0088368252060626e-12,0.07825741535669248,0.006124223058309888
XRP,recent,197,-0.07907205705996197,8.762255879076442e-13,0.0790720570608382,0.006252390207832452
XRP,recent,198,-0.08268163523456203,7.610460499866007e-13,0.08268163523532307,0.006836252805187017
XRP,recent,199,-0.0850395149527408,6.610068208385343e-13,0.08503951495340181,0.00723171910350985
XRP,recent,200,-0.08457968887472947,5.741177123286546e-13,0.0845796888753036,0.007153723770243155
XRP,recent,201,-0.07967443137082908,4.9865014583564e-13,0.07967443137132774,0.006348015014344413
XRP,recent,202,-0.07421579752002253,4.3310276377532103e-13,0.07421579752045562,0.005507984601597267
XRP,recent,203,-0.07219729775247595,3.7617156147719066e-13,0.07219729775285212,0.005212449802813986
XRP,recent,204,-0.07426974005551241,3.267239452149879e-13,0.07426974005583914,0.005515994287961917
XRP,recent,205,-0.07856208412216971,2.837762002998176e-13,0.07856208412245348,0.006172001061663457
XRP,recent,206,-0.08088877289584342,2.464739209843138e-13,0.0808887728960899,0.006542993580635207
XRP,recent,207,-0.07901092253879323,2.140750128488517e-13,0.07901092253900731,0.006242725880465013
XRP,recent,208,-0.07273920502372722,1.859349295179697e-13,0.07273920502391315,0.005290991947510872
XRP,recent,209,-0.06670243232782426,1.614938500051002e-13,0.06670243232798576,0.004449214478469519
XRP,recent,210,-0.06399087862893191,1.4026554159071697e-13,0.06399087862907217,0.004094832547720645
XRP,recent,211,-0.06548195320864272,1.2182768667113827e-13,0.06548195320876456,0.004287886196034831
XRP,recent,212,-0.06601138883923374,1.0581348113957102e-13,0.06601138883933956,0.0043575034564984835
XRP,recent,213,-0.0654935172678245,9.19043371569401e-14,0.0654935172679164,0.004289400804122863
XRP,recent,214,-0.062026111217511115,7.982354514086413e-14,0.06202611121759094,0.0038472384727769606
XRP,recent,215,-0.058923104794645034,6.933076888389713e-14,0.05892310479471437,0.0034719322786488913
XRP,recent,216,-0.05463324914452327,6.021726428649474e-14,0.054633249144583486,0.002984791912094132
XRP,recent,217,-0.053164112735729636,5.2301726585809756e-14,0.053164112735781935,0.002826422882982931
XRP,recent,218,-0.05216258149160864,4.5426683464766736e-14,0.05216258149165407,0.0027209349078734517
XRP,recent,219,-0.052551231098680186,3.9455362285649536e-14,0.05255123109871964,0.0027616318899910384
XRP,recent,220,-0.05156132317854232,3.4268969124705377e-14,0.05156132317857659,0.0026585700479256195
XRP,recent,221,-0.05262152529150542,2.976432547667019e-14,0.05262152529153518,0.0027690249240076765
XRP,recent,222,-0.05510730070237996,2.5851815613632772e-14,0.05510730070240581,0.003036814590705376
XRP,recent,223,-0.05842037156545932,2.2453603762837012e-14,0.05842037156548177,0.003412939813848951
XRP,recent,224,-0.05982125829772896,1.950208563581975e-14,0.05982125829774847,0.00357858294432594
XRP,recent,225,-0.05999207697894209,1.6938543503485792e-14,0.05999207697895903,0.0035990493002493462
XRP,recent,226,-0.0583310230602087,1.4711978061079854e-14,0.05833102306022341,0.0034025082512523157
XRP,recent,227,-0.056686774812753554,1.2778093844087195e-14,0.056686774812766336,0.00321339043867328
XRP,recent,228,-0.05598962017601388,1.1098418010848665e-14,0.055989620176024976,0.003134837567455543
XRP,recent,229,-0.05733486986868963,9.6395349608836e-15,0.05733486986869927,0.0032872873028606795
XRP,recent,230,-0.059461375112950854,8.372421562358492e-15,0.05946137511295923,0.003535655130324047
XRP,recent,231,-0.060407833821397625,7.271869763665442e-15,0.0604078338214049,0.0036491063869944695
XRP,recent,232,-0.061146933595357125,6.31598510250068e-15,0.06114693359536344,0.003738947488115786
XRP,recent,233,-0.061635944829537284,5.485751135744051e-15,0.06163594482954277,0.0037989896950304403
XRP,recent,234,-0.06231628559346763,4.764651124873977e-15,0.062316285593472395,0.0038833194501672152
XRP,recent,235,-0.06170198776011884,4.138339450698344e-15,0.06170198776012298,0.003807135293550366
XRP,recent,236,-0.059378160944612485,3.594356220500666e-15,0.05937816094461608,0.0035257659971647303
XRP,recent,237,-0.0556094565972265,3.1218793899740834e-15,0.05560945659722962,0.003092411663039165
XRP,recent,238,-0.050895868265181304,2.7115094686378627e-15,0.05089586826518402,0.0025903894064669654
XRP,recent,239,-0.04670657256366532,2.3550825256493394e-15,0.04670657256366767,0.0021815039206451534
XRP,recent,240,-0.043762420804049684,2.0455077759345367e-15,0.04376242080405173,0.0019151494746308998
XRP,recent,241,-0.041792561891822705,1.776626515563407e-15,0.04179256189182448,0.0017466182294819798
XRP,recent,242,-0.03909202651270512,1.543089600019193e-15,0.039092026512706664,0.0015281865368701607
XRP,recent,243,-0.03503583210716174,1.3402510279051454e-15,0.03503583210716308,0.0012275095314413194
XRP,recent,244,-0.030603369406892903,1.1640755130346655e-15,0.03060336940689407,0.0009365662190548199
XRP,recent,245,-0.027017687401915326,1.0110582061369052e-15,0.027017687401916336,0.0007299554325476687
XRP,recent,246,-0.025592627025300997,8.781549691152512e-16,0.025592627025301875,0.0006549825580562119
XRP,recent,247,-0.026087779551647983,7.6272181472941535e-16,0.026087779551648746,0.0006805722419354225
XRP,recent,248,-0.02610302477922936,6.62462306909503e-16,0.026103024779230023,0.0006813679026250966
XRP,recent,249,-0.023588742231107244,5.7538187527984895e-16,0.02358874223110782,0.0005564287600456496
XRP,recent,250,-0.018774288061375086,4.997481350222411e-16,0.018774288061375585,0.0003524738922115098
XRP,recent,251,-0.014306086409426204,4.340564226788303e-16,0.014306086409426638,0.00020466410835398154
XRP,recent,252,-0.010758620738671497,3.769998622613339e-16,0.010758620738671874,0.00011574792019858053
XRP,recent,253,-0.005772165648505792,3.2744336615940276e-16,0.00577216564850612,3.331789627379407e-05
XRP,recent,254,0.0003399122583458366,2.844010536202188e-16,0.0003399122583455522,1.1554034337357341e-07
XRP,recent,255,0.007504384866604899,2.470166375608154e-16,0.007504384866604652,5.631579222612492e-05
XRP,recent,256,0.012525368459739585,2.145463895268543e-16,0.01252536845973937,0.0001568848550522338
XRP,recent,257,0.015384414692374285,1.8634434390143496e-16,0.0153844146923741,0.00023668021542693607
XRP,recent,258,0.015646414737648263,1.6184944701532673e-16,0.0156464147376481,0.00024481029414249165
XRP,recent,259,0.016733332586341913,1.405743955020324e-16,0.01673333258634177,0.0002800044194451274
XRP,recent,260,0.020259774775576427,1.22095941847058e-16,0.020259774775576306,0.00041045847395707795
XRP,recent,261,0.027461115389978558,1.0604647426923945e-16,0.02746111538997845,0.0007541128584617113
XRP,recent,262,0.03601919798797215,9.210670342363588e-17,0.03601919798797206,0.0012973826236967307
XRP,recent,263,0.04276355696303022,7.999931043469345e-17,0.042763556963030136,0.0018287218041303233
XRP,recent,264,0.044675169907630354,6.948342989316183e-17,0.044675169907630284,0.0019958708062756346
XRP,recent,265,0.03984149698804088,6.034985806107886e-17,0.03984149698804082,0.0015873448822480657
XRP,recent,266,0.033438787613801035,5.241689095648401e-17,0.03343878761380098,0.00111815251708089
XRP,recent,267,0.028409427022882627,4.552670952039714e-17,0.028409427022882582,0.0008070955437684911
XRP,recent,268,0.02939635773616057,3.95422399522959e-17,0.029396357736160533,0.0008641458481523253
XRP,recent,269,0.034595918076192216,3.434442675336372e-17,0.03459591807619218,0.0011968775475346008
XRP,recent,270,0.042758520905103424,2.982986422722062e-17,0.042758520905103396,0.0018282911099921641
XRP,recent,271,0.04945888586611759,2.5908739319029882e-17,0.04945888586611756,0.0024461813911176434
XRP,recent,272,0.05519047745804014,2.250304486766313e-17,0.05519047745804012,0.003045988802046435
XRP,recent,273,0.061809181855604134,1.9545027725224765e-17,0.06180918185560411,0.003820374961659141
XRP,recent,274,0.07291822207547104,1.6975840870705912e-17,0.07291822207547102,0.00531706711064771
XRP,recent,275,0.08559870013456598,1.4744372702813102e-17,0.08559870013456597,0.007327137464727344
XRP,recent,276,0.09640595065473166,1.2806230221832899e-17,0.09640595065473165,0.009294107321642554
XRP,recent,277,0.0991469878296337,1.1122855871874193e-17,0.09914698782963369,0.009830125195689531
XRP,recent,278,0.09566712441063908,9.660760473879643e-18,0.09566712441063907,0.009152198693000694
XRP,recent,279,0.08754292457873868,8.390856989316464e-18,0.08754292457873866,0.007663763643798726
XRP,recent,280,0.08388480112226938,7.287881860390082e-18,0.08388480112226937,0.007036659859322685
XRP,recent,281,0.08316653195592154,6.329892414878294e-18,0.08316653195592154,0.006916672037575318
XRP,recent,282,0.08717314698045983,5.4978303369189305e-18,0.08717314698045983,0.007599157554476853
XRP,recent,283,0.08883592242874565,4.77514251940525e-18,0.08883592242874565,0.007891821113766115
XRP,recent,284,0.09191621465169261,4.147451755197397e-18,0.09191621465169261,0.008448590515896031
XRP,recent,285,0.09543813961101909,3.602270715855497e-18,0.09543813961101909,0.009108438492412371
XRP,recent,286,0.10423016948887152,3.1287535277652598e-18,0.10423016948887152,0.010863928231678885
XRP,recent,287,0.11213978069770154,2.717480003492398e-18,0.11213978069770154,0.012575330414928596
XRP,recent,288,0.11651392519521445,2.3602682358477847e-18,0.11651392519521445,0.013575494764396028
XRP,recent,289,0.11257303250078693,2.0500118263952475e-18,0.11257303250078693,0.012672687646423231
XRP,recent,290,0.10574521118096167,1.78053851021338e-18,0.10574521118096167,0.011182049687706181
XRP,recent,291,0.10156100608998438,1.5464873643814964e-18,0.10156100608998438,0.010314637958009843
XRP,recent,292,0.10222826260999453,1.3432021573658714e-18,0.10222826260999453,0.010450617676258005
XRP,recent,293,0.10306993233946583,1.166638717590752e-18,0.10306993233946583,0.010623410952462066
XRP,recent,294,0.09952030848339426,1.01328447837734e-18,0.09952030848339426,0.009904291800629956
XRP,recent,295,0.0940904572150438,8.80088598671566e-19,0.0940904572150438,0.008853014138935989
XRP,recent,296,0.091785532007974,7.644012693770305e-19,0.091785532007974,0.00842458388598682
XRP,recent,297,0.0931180795368167,6.6392099784861515e-19,0.0931180795368167,0.00867097673662492
XRP,recent,298,0.09467807374925787,5.766488218204236e-19,0.09467807374925787,0.008963937648869911
XRP,recent,299,0.09398807768860244,5.008485418964012e-19,0.09398807768860244,0.008833758747598768
XRP,recent,300,0.09213530714698943,4.350121814657398e-19,0.09213530714698943,0.008488914823070083
SOL,train,1,0.8709188652726507,0.8709210133181254,2.1480454747146993e-06,4.614099361442298e-12
SOL,train,2,0.6933259379111743,0.7585034114390704,0.06517747352789616,0.004248103055479604
SOL,train,3,0.5151801911486772,0.6605965596957702,0.14541636854709306,0.021145920241423994
SOL,train,4,0.45444945292969274,0.5753274251647077,0.12087797223501495,0.014611484171649045
SOL,train,5,0.41517862076374373,0.5010647441141552,0.08588612335041151,0.0073764261841621015
SOL,train,6,0.3861143156377048,0.4363878146818873,0.05027349904418249,0.0025274247061454177
SOL,train,7,0.3612270181560527,0.3800593177624316,0.018832299606378944,0.0003546555084644205
SOL,train,8,0.3403306928691045,0.3310016461466524,0.009329046722452106,8.703111274969437e-05
SOL,train,9,0.3225475881116631,0.2882762890720101,0.034271299039653036,0.0011745219378653231
SOL,train,10,0.30877591240096974,0.2510658777941839,0.057710034606785865,0.003330448094316422
SOL,train,11,0.2965936425637076,0.21865854869811527,0.07793509386559236,0.006073878855838692
SOL,train,12,0.2848692190267701,0.19043432480283323,0.09443489422393686,0.008917949247086143
SOL,train,13,0.27226930768302376,0.16585325512783655,0.10641605255518721,0.011324376241428367
SOL,train,14,0.2604151674082657,0.14444508501804498,0.11597008239022072,0.01344906000959458
SOL,train,15,0.2494429909739933,0.1258002598127385,0.12364273116125479,0.015287524969014327
SOL,train,16,0.24008119922260276,0.10956208975179368,0.13051910947080908,0.017035237937053044
SOL,train,17,0.23136459787442282,0.09541992622788356,0.13594467164653926,0.018480953749085375
SOL,train,18,0.22336327240426274,0.08310321884112913,0.1402600535631336,0.019672882625533104
SOL,train,19,0.21563079062258572,0.07237633956311411,0.1432544510594716,0.020521837748350542
SOL,train,20,0.20910970477533228,0.06303407499256408,0.1460756297827682,0.021338089616432354
SOL,train,21,0.20374421092928374,0.054897700466094615,0.14884651046318914,0.022155283677068274
SOL,train,22,0.19994213848002193,0.047811560918766045,0.1521305775612559,0.023143712629121294
SOL,train,23,0.19590108327649589,0.041640093083693014,0.15426099019280287,0.023796453095264024
SOL,train,24,0.19103417129703537,0.03626523206311098,0.15476893923392437,0.023953424551594174
SOL,train,25,0.18417149978491149,0.03158415265662159,0.1525873471282899,0.023282898503649237
SOL,train,26,0.17646058979738463,0.02750730223649924,0.14895328756088538,0.022187081875195813
SOL,train,27,0.16888801823930896,0.023956687537459855,0.1449313307018491,0.021005090619008748
SOL,train,28,0.16273405875429578,0.020864382585870245,0.14186967616842552,0.020127005016133924
SOL,train,29,0.15719392661165962,0.018171229223943163,0.13902269738771647,0.01932731038895659
SOL,train,30,0.15205686192044793,0.015825705368952513,0.13623115655149542,0.018558928015358054
SOL,train,31,0.14597043033774315,0.013782939356402221,0.13218749098134092,0.017473532771942087
SOL,train,32,0.1408974515156724,0.012003851510780095,0.1288936000048923,0.016613560122221174
SOL,train,33,0.1365184208611596,0.01045440652148891,0.12606401433967068,0.015892135711432696
SOL,train,34,0.13486704590174778,0.009104962321334741,0.12576208358041305,0.015816101666486795
SOL,train,35,0.1334390820800292,0.007929703011120205,0.125509379068909,0.01575260423426309
SOL,train,36,0.13187662321052102,0.006906144981756599,0.12497047822876442,0.015617620428726081
SOL,train,37,0.1282074732868659,0.006014706785633344,0.12219276650123256,0.014931072185224744
SOL,train,38,0.12383269825572352,0.005238334528555197,0.11859436372716832,0.014064623107851898
SOL,train,39,0.11897419781662212,0.004562175615708617,0.11441202220091351,0.013090110824102327
SOL,train,40,0.11464098968301481,0.003973294610168192,0.11066769507284661,0.012247338732736559
SOL,train,41,0.11081652872358136,0.0034604257680991278,0.10735610295548223,0.0115253328417881
SOL,train,42,0.10822272558742095,0.003013757516465045,0.10520896807095591,0.011068926962555419
SOL,train,43,0.10635708031617933,0.002624744750134854,0.10373233556604447,0.010760397441986454
SOL,train,44,0.10481074514625008,0.0022859453574888768,0.1025247997887612,0.010511334571725567
SOL,train,45,0.1024428911342904,0.001990877847134077,0.10045201328715633,0.010090606973443033
SOL,train,46,0.09982683260164953,0.0017338973520186186,0.0980929352496309,0.009622223945888282
SOL,train,47,0.09662045674281282,0.0015100876388096697,0.09511036910400315,0.009045982311099718
SOL,train,48,0.09383801080990145,0.001315167056591293,0.09252284375331016,0.008560476616199445
SOL,train,49,0.09074122043046264,0.0011454066256091054,0.08959581380485353,0.008027409851353981
SOL,train,50,0.08759485857632504,0.0009975586990367768,0.08659729987728826,0.007499092346036989
SOL,train,51,0.08392464806453265,0.0008687948330094204,0.08305585323152323,0.006898274756016328
SOL,train,52,0.08021615542148464,0.000756651676330116,0.07945950374515452,0.006313812735426225
SOL,train,53,0.07742335393040847,0.000658983844678283,0.07676437008573019,0.005892768514658947
SOL,train,54,0.07522157355229314,0.0005739228777674844,0.07464765067452565,0.00557227175122601
SOL,train,55,0.07325063669809531,0.0004998414942717121,0.0727507952038236,0.005292678202788684
SOL,train,56,0.07063162515587643,0.0004353224606895655,0.07019630269518685,0.0049275209120742975
SOL,train,57,0.06888567140747265,0.00037913147858389625,0.06850653992888875,0.004693146013028429
SOL,train,58,0.06885978316569344,0.0003301935715090861,0.06852958959418436,0.004696304649947341
SOL,train,59,0.07046207341472839,0.00028757251988982416,0.07017450089483857,0.004924460575839698
SOL,train,60,0.0711358979298633,0.00025045295042489245,0.07088544497943841,0.00502474630993299
SOL,train,61,0.0693141014511843,0.00021812473737256157,0.06909597671381174,0.004774253998035613
SOL,train,62,0.06540435927153584,0.0001899694173022613,0.06521438985423358,0.004252916644059964
SOL,train,63,0.06117480490052335,0.00016544835741633923,0.06100935654310701,0.0037221415858039544
SOL,train,64,0.058339208922362475,0.00014409245109285755,0.05819511647126962,0.0033866715811046366
SOL,train,65,0.0559296891207806,0.00012549314351728395,0.05580419597726331,0.003114108288668811
SOL,train,66,0.05376549663299958,0.00010929461571654988,0.05365620201728303,0.0028789880149194874
SOL,train,67,0.05075097327919416,9.518697747007273e-05,0.050655786301724084,0.0025660086858459376
SOL,train,68,0.04856537990280339,8.290033887292532e-05,0.04848247956393047,0.0023505508246669353
SOL,train,69,0.04748053534794637,7.21996471356241e-05,0.047408335700810746,0.0022475502939207667
SOL,train,70,0.04849551631676324,6.288018984456884e-05,0.04843263612691867,0.0023457202422025075
SOL,train,71,0.049976682309675,5.476367865706799e-05,0.049921918631017935,0.0024921979598019756
SOL,train,72,0.05050293334050321,4.769483850904186e-05,0.05045523850199417,0.002545731092293115
SOL,train,73,0.048699411587957014,4.153843708433909e-05,0.04865787315087267,0.002367588619566416
SOL,train,74,0.04522439323784439,3.617669771714379e-05,0.045188216540127245,0.0020419749140774294
SOL,train,75,0.041691789343379186,3.150704623431839e-05,0.04166028229714487,0.0017355791210778024
SOL,train,76,0.038989924480728945,2.74401486330536e-05,0.03896248433209589,0.0015180751853288179
SOL,train,77,0.03744405697100291,2.3898202053099015e-05,0.037420158768949816,0.0014002682822934118
SOL,train,78,0.035787982985934955,2.08134463485663e-05,0.03576716953958639,0.0012792904168735166
SOL,train,79,0.03373977171159843,1.81268677845358e-05,0.03372164484381389,0.00113714933097232
SOL,train,80,0.031067904580510335,1.5787070059191602e-05,0.031052117510451144,0.0009642340018828665
SOL,train,81,0.029066500675517172,1.3749291053275388e-05,0.029052751384463896,0.0008440623630074688
SOL,train,82,0.028101318296465432,1.1974546496524438e-05,0.02808934374996891,0.0007890112323039174
SOL,train,83,0.027847136284100203,1.0428884168778073e-05,0.027836707399931424,0.0007748822788693968
SOL,train,84,0.027673498743601855,9.082734368049554e-06,0.027664416009233805,0.0007653199131319517
SOL,train,85,0.026766045452492445,7.910344219521082e-06,0.026758135108272924,0.0007159977944725881
SOL,train,86,0.025492453280065778,6.889285003360477e-06,0.025485563995062417,0.0006495139721464218
SOL,train,87,0.02316060996769422,6.0000230761640716e-06,0.023154609944618054,0.0005361359616874052
SOL,train,88,0.021003063910087473,5.225546177424949e-06,0.02099783836391005,0.00044090921595689263
SOL,train,89,0.018070597132673945,4.551037971983594e-06,0.01806604609470196,0.00032638202149589594
SOL,train,90,0.015842895867256807,3.963594602209218e-06,0.015838932272654597,0.00025087177553773934
SOL,train,91,0.013440577360866407,3.4519778273383044e-06,0.013437125383039069,0.00018055633855951285
SOL,train,92,0.012687576163551536,3.0064000273371775e-06,0.012684569763524198,0.00016089831008571235
SOL,train,93,0.012859897529255386,2.6183369582481345e-06,0.012857279192297138,0.00016530962822867694
SOL,train,94,0.014636307949020856,2.2803646768857635e-06,0.01463402758434397,0.0002141547633393402
SOL,train,95,0.01625946238056112,1.986017515128209e-06,0.016257476363045992,0.00026430553769499915
SOL,train,96,0.016776675226570312,1.7296643867430051e-06,0.01677494556218357,0.00028139879861422226
SOL,train,97,0.014463582761453065,1.5064010604024922e-06,0.014462076360392663,0.00020915165265382828
SOL,train,98,0.011056223630817688,1.311956337989237e-06,0.011054911674479698,0.00012221107213054752
SOL,train,99,0.007314043007059974,1.1426103433107235e-06,0.007312900396716664,5.347851221229874e-05
SOL,train,100,0.005353773909549423,9.951233580239465e-07,0.005352778786191399,2.8652240733900668e-05
SOL,train,101,0.003827675196976933,8.666738433467511e-07,0.0038268085231335865,1.4644463472727862e-05
SOL,train,102,0.003061107632046832,7.548044618638668e-07,0.003060352827584968,9.36575942930731e-06
SOL,train,103,0.0017694365560626257,6.573750667835213e-07,0.0017687791809958423,3.1285797911243225e-06
SOL,train,104,0.0007155799400297529,5.725217592931747e-07,0.0007150074182704596,5.112356081817881e-07
SOL,train,105,-0.00010917748653110497,4.986212307502876e-07,0.00010967610776185526,1.2028848613790088e-08
SOL,train,106,0.000544950045051879,4.3425970754697134e-07,0.0005445157853443321,2.964974404891547e-07
SOL,train,107,0.0018564442964851392,3.782059045400411e-07,0.0018560660905805992,3.444981332603149e-06
SOL,train,108,0.0030348203492440305,3.2938746962491083e-07,0.0030344909617744057,9.208135397090558e-06
SOL,train,109,0.002032397977717172,2.8687046882002057e-07,0.002032111107248352,4.129475552202124e-06
SOL,train,110,-0.0006028118321929586,2.49841519395778e-07,0.0006030616737123544,3.6368338230074617e-07
SOL,train,111,-0.004413936362903197,2.175922292411111e-07,0.004414153955132438,1.9484755139611345e-05
SOL,train,112,-0.006896751669164801,1.8950564478081833e-07,0.006896941174809582,4.756779756878378e-05
SOL,train,113,-0.008389544132807247,1.65044448182015e-07,0.00838970917725543,7.038722007892397e-05
SOL,train,114,-0.00882920088048783,1.4374067805321136e-07,0.008829344621165884,7.795732643931093e-05
SOL,train,115,-0.010367289604964573,1.2518677698513728e-07,0.010367414791741558,0.00010748328946402165
SOL,train,116,-0.012295957951604923,1.0902779466592594e-07,0.012296066979399589,0.00015119326316188092
SOL,train,117,-0.014144993503619186,9.495459741028873e-08,0.014145088458216597,0.00020008352749077238
SOL,train,118,-0.014220234295572108,8.269795419578331e-08,0.014220316993526305,0.000202217415396373
SOL,train,119,-0.01343545120680849,7.202338606752752e-08,0.013435523230194557,0.0001805132844690976
SOL,train,120,-0.012813470435157563,6.272668037653363e-08,0.012813533161837939,0.00016418663208952057
SOL,train,121,-0.014241061702073086,5.462998403561284e-08,0.014241116332057121,0.00020280939438318407
SOL,train,122,-0.017030130845568085,4.757840105384895e-08,0.017030178423969138,0.0002900269771522239
SOL,train,123,-0.019896743534312193,4.14370292578743e-08,0.019896784971341452,0.0003958820521957991
SOL,train,124,-0.020990209176206073,3.6088379510160695e-08,0.020990245264585584,0.0004405903962674575
SOL,train,125,-0.0208337256913038,3.1430128051998226e-08,0.020833757121431852,0.00043404543579481244
SOL,train,126,-0.020746168777780925,2.7373158971764736e-08,0.020746196150939897,0.0004304046547332734
SOL,train,127,-0.021689142843194193,2.383985934940748e-08,0.021689166683053544,0.00047041995140527983
SOL,train,128,-0.022862068926810156,2.076263446194755e-08,0.022862089689444618,0.0005226751449682099
SOL,train,129,-0.023321581404530993,1.808261464475319e-08,0.023321599487145638,0.0005438970026388316
SOL,train,130,-0.022677758823958918,1.5748529069849625e-08,0.02267777457248799,0.0005142814595605827
SOL,train,131,-0.02228141448979825,1.371572489578339e-08,0.022281428205523146,0.0004964620428778824
SOL,train,132,-0.02276371114794325,1.1945313024628311e-08,0.022763723093256274,0.000518187089066449
SOL,train,133,-0.02502356846284805,1.0403424123811491e-08,0.025023578866272173,0.0006261794992765433
SOL,train,134,-0.027613281535267584,9.060560679888134e-09,0.027613290595828264,0.0007624938175296576
SOL,train,135,-0.029697084136980148,7.891032688558537e-09,0.029697092028012836,0.0008819172749202636
SOL,train,136,-0.030108634525708763,6.872466185245853e-09,0.03010864139817495,0.0009065302868438943
SOL,train,137,-0.02980694131660858,5.98537521404887e-09,0.029806947301983792,0.0008884541074632388
SOL,train,138,-0.029647021368993786,5.212789046508634e-09,0.029647026581782834,0.000878946185140938
SOL,train,139,-0.030261506289444264,4.539927518598925e-09,0.03026151082937178,0.0009157590376761856
SOL,train,140,-0.030601382717979367,3.953918274889018e-09,0.030601386671897643,0.0009364448662429947
SOL,train,141,-0.029937409909661733,3.4435505105433983e-09,0.029937413353212244,0.0008962487182810907
SOL,train,142,-0.027327912711258673,2.9990605000546046e-09,0.027327915710319173,0.0007468149770703095
SOL,train,143,-0.025048156352497127,2.6119448097099203e-09,0.025048158964441937,0.000627410267507953
SOL,train,144,-0.0239708512110534,2.274797620403582e-09,0.02397085348585102,0.000574601816840136
SOL,train,145,-0.026240313316814326,1.981169048655548e-09,0.026240315297983374,0.0006885541469375803
SOL,train,146,-0.02914812299473708,1.7254417554095965e-09,0.029148124720178834,0.0008496131747031004
SOL,train,147,-0.03201182709572339,1.502723482042731e-09,0.03201182859844687,0.0010247571702163406
SOL,train,148,-0.03302127144289802,1.308753457717597e-09,0.03302127275165148,0.0010904044541389607
SOL,train,149,-0.03353446540214843,1.13982088757901e-09,0.03353446654196932,0.00112456044625446
SOL,train,150,-0.033884309562409655,9.926939624114766e-10,0.03388431055510362,0.0011481465017947063
SOL,train,151,-0.03478704848675792,8.645580316581884e-10,0.03478704935131595,0.0012101388025708914
SOL,train,152,-0.03566917657160055,7.529617570040734e-10,0.035669177324562304,0.0012722902110110697
SOL,train,153,-0.03602210998476338,6.557702163997837e-10,0.036022110640533594,0.0012975924549988437
SOL,train,154,-0.035440158356941864,5.71124061370746e-10,0.03544015892806593,0.0012560048648465711
SOL,train,155,-0.034317636820714884,4.974039462593733e-10,0.03431763731811883,0.001177700231097942
SOL,train,156,-0.03379664484009872,4.3319954890464787e-10,0.033796645273298266,0.001142213231729154
SOL,train,157,-0.034064608699200596,3.7728259010099076e-10,0.034064609076483184,0.0011603975915336206
SOL,train,158,-0.03531376085810387,3.2858333567804185e-10,0.035313761186687206,0.0012470617291503758
SOL,train,159,-0.03637158904547081,2.8617013166816994e-10,0.03637158933164094,0.001322892510509537
SOL,train,160,-0.03710335646717547,2.4923158105382395e-10,0.03710335671640705,0.001376659079624948
SOL,train,161,-0.03757973671173191,2.1706102112227486e-10,0.037579736928792934,0.0014122366276372834
SOL,train,162,-0.03868588269108948,1.8904300446767867e-10,0.038685882880132486,0.0014965975342153277
SOL,train,163,-0.04029981813848308,1.646415250116936e-10,0.0402998183031246,0.0016240753552648568
SOL,train,164,-0.041332554407565496,1.433897637974257e-10,0.04133255455095526,0.0017083800657076926
SOL,train,165,-0.04094939461958587,1.2488115838590064e-10,0.04094939474446703,0.001676852929938184
SOL,train,166,-0.03914254216890767,1.0876162500578991e-10,0.03914254227766929,0.001532138615959128
SOL,train,167,-0.03726829101471628,9.472278466016852e-11,0.037268291109439064,0.0013889255222178949
SOL,train,168,-0.03579603068052852,8.249606360054855e-11,0.03579603076302459,0.0012813558183874026
SOL,train,169,-0.03568906532390421,7.184755530574627e-11,0.035689065395751764,0.001273709388822246
SOL,train,170,-0.036141800322378126,6.25735456713106e-11,0.03614180038495167,0.0013062297350656927
SOL,train,171,-0.03684419540214993,5.449661580296583e-11,0.03684419545664654,0.0013574947388475737
SOL,train,172,-0.03669151244492626,4.746224785752757e-11,0.03669151249238851,0.0013462670889791018
SOL,train,173,-0.03598367673453169,4.1335868998433937e-11,0.035983676775867564,0.0012948249943101106
SOL,train,174,-0.035190087258694505,3.600027691450137e-11,0.035190087294694784,0.0012383422438082394
SOL,train,175,-0.03506908748210848,3.135339765011065e-11,0.035069087513461876,0.0012298408990268476
SOL,train,176,-0.03603316074583559,2.7306332852400502e-11,0.03603316077314192,0.0012983886753030935
SOL,train,177,-0.03729306762796349,2.3781659077814663e-11,0.03729306765174515,0.0013907728948776405
SOL,train,178,-0.03771395705887646,2.0711946622436542e-11,0.037713957079588405,0.0014223425586010364
SOL,train,179,-0.03693931254967881,1.803846954020336e-11,0.03693931256771728,0.0013645128129755157
SOL,train,180,-0.03638150520390772,1.571008217066205e-11,0.0363815052196178,0.001323613922045077
SOL,train,181,-0.03738902027951387,1.3682240683384009e-11,0.037389020293196115,0.001397938838485031
SOL,train,182,-0.03954677748715567,1.1916150920435283e-11,0.03954677749907182,0.001563947610561093
SOL,train,183,-0.04146104490571595,1.037802623447721e-11,0.041461044916093974,0.001719018245534362
SOL,train,184,-0.04213947268762567,9.03844112437298e-12,0.04213947269666411,0.0017757351591529001
SOL,train,185,-0.04193289654528207,7.871768302855133e-12,0.04193289655315383,0.0017583678133375005
SOL,train,186,-0.04152336264883209,6.855688426928093e-12,0.04152336265568778,0.0017241896462357668
SOL,train,187,-0.04143447499439922,5.97076311177356e-12,0.04143447500036999,0.0017168157185562854
SOL,train,188,-0.04058844861894402,5.200063059588313e-12,0.04058844862414408,0.0016474221617147837
SOL,train,189,-0.03851666354321004,4.528844189174805e-12,0.03851666354773888,0.001483533370849717
SOL,train,190,-0.03516668719142198,3.944265570396026e-12,0.035166687195366246,0.0012366958882967362
SOL,train,191,-0.032735737472507846,3.4351437673651003e-12,0.03273573747594299,0.001071628508093858
SOL,train,192,-0.032210488277973404,2.991738890767056e-12,0.03221048828096514,0.0010375155552981928
SOL,train,193,-0.03344293623944964,2.6055682663300894e-12,0.03344293624205521,0.0011184299844901697
SOL,train,194,-0.03476894846824368,2.2692441547817527e-12,0.03476894847051293,0.0012088797777451833
SOL,train,195,-0.03530309606215876,1.976332418748757e-12,0.0353030960641351,0.0012463085917135512
SOL,train,196,-0.03506183773250498,1.7212294327901293e-12,0.035061837734226206,0.0012293324653012087
SOL,train,197,-0.03464456181119045,1.4990548817585617e-12,0.03464456181268951,0.0012002456631932644
SOL,train,198,-0.034467610960103874,1.3055583966406493e-12,0.034467610961409434,0.0011880162053870718
SOL,train,199,-0.034931740931236084,1.1370382417482615e-12,0.03493174093237312,0.0012202265245664316
SOL,train,200,-0.0363286011979928,9.902704976848554e-13,0.03632860119898307,0.001319767265074754
SOL,train,201,-0.03751081411025547,8.624473853027387e-13,0.03751081411111792,0.0014070611752788431
SOL,train,202,-0.03759265493416304,7.511235507414289e-13,0.03759265493491416,0.0014132077050555262
SOL,train,203,-0.03608709758595651,6.541692839388337e-13,0.03608709758661068,0.0013022786122255626
SOL,train,204,-0.03470045116975694,5.697297756496016e-13,0.03470045117032667,0.0012041213114242254
SOL,train,205,-0.03480608636966127,4.961896335262593e-13,0.03480608637015745,0.0012114636484068604
SOL,train,206,-0.03594972787455151,4.3214197842863905e-13,0.03594972787498365,0.0012923829342853764
SOL,train,207,-0.03711062670702512,3.763615297503698e-13,0.03711062670740148,0.0013771986146160998
SOL,train,208,-0.037079521772234066,3.277811648641519e-13,0.037079521772561845,0.001374890934881888
SOL,train,209,-0.03662962773335269,2.854715042500827e-13,0.03662962773363816,0.001341729627904914
SOL,train,210,-0.03626641757625744,2.486231317549316e-13,0.03626641757650606,0.0013152530438335077
SOL,train,211,-0.03614617429714111,2.1653110984233081e-13,0.03614617429735764,0.001306545916334958
SOL,train,212,-0.036079186278239715,1.885814935987811e-13,0.036079186278428294,0.0013017076825135284
SOL,train,213,-0.03519312307668847,1.64239585498096e-13,0.035193123076852705,0.0012385559119025024
SOL,train,214,-0.03395722778006037,1.430397062289507e-13,0.03395722778020341,0.001153093318516618
SOL,train,215,-0.03284054934701026,1.245762858936447e-13,0.03284054934713483,0.001078501681421598
SOL,train,216,-0.032767377671889544,1.0849610514590153e-13,0.03276737767199804,0.0010737010394993556
SOL,train,217,-0.03372481958283716,9.449153783473845e-14,0.03372481958293165,0.0011373634559012902
SOL,train,218,-0.03486315480138694,8.22946658810184e-14,0.03486315480146924,0.0012154395627112077
SOL,train,219,-0.035779098394149014,7.167215379977311e-14,0.035779098394220686,0.0012801438819033252
SOL,train,220,-0.03596781499083439,6.242078481399093e-14,0.03596781499089681,0.0012936837152193812
SOL,train,221,-0.03604045163279561,5.4363573162313636e-14,0.036040451632849975,0.0012989141538997985
SOL,train,222,-0.0364704801994854,4.734637822611624e-14,0.036470480199532744,0.0013300959259845099
SOL,train,223,-0.03790568368625386,4.1234955701632386e-14,0.0379056836862951,0.0014368408557254584
SOL,train,224,-0.038764729116245414,3.5912389403793696e-14,0.03876472911628133,0.0015027042234586694
SOL,train,225,-0.038589124755737655,3.1276854570227113e-14,0.03858912475576893,0.0014891205494162985
SOL,train,226,-0.03604100186298138,2.723966987570584e-14,0.03604100186300862,0.0012989538152893907
SOL,train,227,-0.03388772175687003,2.3723600890600947e-14,0.03388772175689375,0.0011483776858726502
SOL,train,228,-0.03241918573430076,2.066138252719696e-14,0.032419185734321426,0.0010510036036764298
SOL,train,229,-0.03373985848220308,1.799443220713979e-14,0.03373985848222107,0.0011383780504003052
SOL,train,230,-0.035831500136737256,1.5671729131926497e-14,0.03583150013675293,0.0012838964020501253
SOL,train,231,-0.0379339315661331,1.3648838216024611e-14,0.03793393156614675,0.001438983164065105
SOL,train,232,-0.03808344384262139,1.1887060009715309e-14,0.03808344384263328,0.0014503486949150025
SOL,train,233,-0.037151396761810306,1.0352690349034623e-14,0.03715139676182066,0.0013802262813542186
SOL,train,234,-0.035859590630131624,9.016375569350012e-15,0.03585959063014064,0.0012859102401612701
SOL,train,235,-0.035406927915307675,7.852550947315102e-15,0.03540692791531553,0.0012536505444003501
SOL,train,236,-0.0346822833202696,6.838951628167875e-15,0.03468228332027644,0.0012028607763079253
SOL,train,237,-0.03364250247179618,5.956186682037609e-15,0.03364250247180214,0.0011318179725652128
SOL,train,238,-0.03115680788577038,5.187368140632118e-15,0.031156807885775566,0.0009707466776311264
SOL,train,239,-0.028718514985072746,4.517787917493484e-15,0.028718514985077263,0.0008247531029481073
SOL,train,240,-0.02690830199642032,3.934636431059809e-15,0.026908301996424255,0.0007240567163307695
SOL,train,241,-0.027260504766654294,3.4267575475770218e-15,0.02726050476665772,0.0007431351201329684
SOL,train,242,-0.028786515639355664,2.984435155731314e-15,0.028786515639358648,0.0008286634826550401
SOL,train,243,-0.030091436550893913,2.5992072900117536e-15,0.03009143655089651,0.0009054945536966305
SOL,train,244,-0.030279792100798706,2.263704246840895e-15,0.030279792100800968,0.0009168658096677287
SOL,train,245,-0.02981766799818911,1.9715075965112165e-15,0.02981766799819108,0.0008890933248503485
SOL,train,246,-0.029385313028990896,1.7170273937179305e-15,0.029385313028992614,0.0008634966218118831
SOL,train,247,-0.029100710089181046,1.4953952376318e-15,0.02910071008918254,0.0008468513276946505
SOL,train,248,-0.02875420655590651,1.3023711356693862e-15,0.02875420655590781,0.0008268043946598117
SOL,train,249,-0.027859547528249536,1.1342623891934597e-15,0.02785954752825067,0.0007761543884788581
SOL,train,250,-0.025748699644347048,9.87852949365006e-16,0.025748699644348037,0.0006629955333748487
SOL,train,251,-0.023084570432811,8.603418916702697e-16,0.02308457043281186,0.0005328973920674516
SOL,train,252,-0.021076968883222493,7.492898320935042e-16,0.021076968883223243,0.0004442386173043608
SOL,train,253,-0.020821347707416744,6.525722598358427e-16,0.020821347707417396,0.00043352852035317567
SOL,train,254,-0.021125265257343692,5.683388937995313e-16,0.02112526525734426,0.0004462768321931565
SOL,train,255,-0.02109162087493271,4.949782852959902e-16,0.021091620874933208,0.00044485647113191824
SOL,train,256,-0.020017555794581567,4.31086989800452e-16,0.020017555794581997,0.00040070253998920327
SOL,train,257,-0.01835919432202113,3.7544271798527005e-16,0.018359194322021506,0.00033706001615374666
SOL,train,258,-0.016154183340172726,3.269809523906426e-16,0.016154183340173052,0.0002609576393879246
SOL,train,259,-0.014075577164709996,2.8477458239178416e-16,0.01407557716471028,0.0001981218725197135
SOL,train,260,-0.01190827347261289,2.4801616786389866e-16,0.011908273472613138,0.00014180697709854177
SOL,train,261,-0.009651448231063037,2.1600249223530493e-16,0.009651448231063254,9.315045295689401e-05
SOL,train,262,-0.0068177075022182185,1.881211094168123e-16,0.006817707502218407,4.648113558580515e-05
SOL,train,263,-0.004350636556620257,1.638386272398201e-16,0.0043506365566204205,1.892803844780199e-05
SOL,train,264,-0.0030431240506485994,1.4269050325635477e-16,0.003043124050648742,9.260603987636807e-06
SOL,train,265,-0.0031156149212690923,1.2427215768689777e-16,0.003115614921269217,9.707056337635388e-06
SOL,train,266,-0.0030643214266991145,1.0823123349990288e-16,0.003064321426699223,9.39006580612796e-06
SOL,train,267,-0.0015203491133137916,9.426085555240606e-17,0.0015203491133138859,2.311461426354319e-06
SOL,train,268,0.0017664762759543836,8.209375983393493e-17,0.0017664762759543014,3.120438433509377e-06
SOL,train,269,0.005165673607155121,7.149718050166544e-17,0.00516567360715505,2.668418381565827e-05
SOL,train,270,0.0073990324928721605,6.226839689189938e-17,0.007399032492872098,5.474568183057709e-05
SOL,train,271,0.008078316429681843,5.423085531878822e-17,0.008078316429681789,6.525919633806673e-05
SOL,train,272,0.008320146768585902,4.723079146734769e-17,0.008320146768585855,6.922484225080965e-05
SOL,train,273,0.009232365109672848,4.1134288764559525e-17,0.009232365109672807,8.523656551830377e-05
SOL,train,274,0.01168517695815216,3.582471645295056e-17,0.011685176958152124,0.00013654336054332933
SOL,train,275,0.014618179188784603,3.120049835503822e-17,0.014618179188784572,0.00021369116279541437
SOL,train,276,0.017338371966715782,2.7173169643400397e-17,0.017338371966715754,0.00030061914245619475
SOL,train,277,0.018254815427659637,2.36656844408956e-17,0.018254815427659613,0.0003332382862979194
SOL,train,278,0.018467405039735915,2.0610941874131788e-17,0.018467405039735894,0.0003410450489016627
SOL,train,279,0.018164008792519525,1.7950502382459842e-17,0.018164008792519507,0.000329931215414726
SOL,train,280,0.019405944740613596,1.563346972450135e-17,0.01940594474061358,0.0003765906912757478
SOL,train,281,0.0216726033019321,1.361551729414095e-17,0.021672603301932086,0.00046970173388291754
SOL,train,282,0.024528254463687307,1.1858040118663698e-17,0.024528254463687296,0.0006016352670353957
SOL,train,283,0.026838280177590983,1.0327416316113572e-17,0.026838280177590972,0.0007202932828908725
SOL,train,284,0.029020528373521617,8.994363882987775e-18,0.029020528373521606,0.0008421910670783726
SOL,train,285,0.032301114180501675,7.833380507123662e-18,0.03230111418050167,0.001043361977301806
SOL,train,286,0.03739579686622937,6.822255688970591e-18,0.03739579686622936,0.0013984456232602896
SOL,train,287,0.042909576962997346,5.941645837753613e-18,0.04290957696299734,0.001841231795143392
SOL,train,288,0.04674597494123302,5.174704213793799e-18,0.04674597494123301,0.0021851861732063846
SOL,train,289,0.04698289805788006,4.506758637498869e-18,0.04698289805788005,0.002207392709917149
SOL,train,290,0.04533141136798462,3.9250307993507295e-18,0.04533141136798461,0.0020549368566134445
SOL,train,291,0.04305440302162042,3.418391801075389e-18,0.04305440302162042,0.0018536816195481175
SOL,train,292,0.04170801236213375,2.9771492513109497e-18,0.04170801236213375,0.0017395582951999016
SOL,train,293,0.040167876136060744,2.592861842751031e-18,0.040167876136060744,0.0016134582732819183
SOL,train,294,0.038781246922436306,2.25817786348263e-18,0.038781246922436306,0.0015039851128589754
SOL,train,295,0.0366607217313923,1.9666945531168514e-18,0.0366607217313923,0.0013440085178665797
SOL,train,296,0.035316554037842944,1.7128356130877662e-18,0.035316554037842944,0.0012472589891078807
SOL,train,297,0.03462661859187554,1.49174452779777e-18,0.03462661859187554,0.0011990027151072208
SOL,train,298,0.03588322242337379,1.2991916557614022e-18,0.03588322242337379,0.0012876056514853154
SOL,train,299,0.03721786003751549,1.1314933133301736e-18,0.03721786003751549,0.0013851691057720924
SOL,train,300,0.03806295844345736,9.85441303008198e-19,0.03806295844345736,0.001448788805468362
SOL,validation,1,0.8881670977329883,0.8709210133181254,0.01724608441486286,0.0002974274276445757
SOL,validation,2,0.7264141730230015,0.7585034114390704,0.03208923841606892,0.0010297192221233136
SOL,validation,3,0.5661398985777656,0.6605965596957702,0.09445666111800466,0.008922060829561573
SOL,validation,4,0.5052657276201509,0.5753274251647077,0.07006169754455682,0.00490864146282496
SOL,validation,5,0.4666411876448203,0.5010647441141552,0.034423556469334926,0.0011849812399974905
SOL,validation,6,0.43603920240913935,0.4363878146818873,0.00034861227274796125,1.2153051671049893e-07
SOL,validation,7,0.4098059475988373,0.3800593177624316,0.02974662983640569,0.0008848619866241412
SOL,validation,8,0.38697451376910114,0.3310016461466524,0.05597286762244874,0.0031329619098801704
SOL,validation,9,0.36763426362137464,0.2882762890720101,0.07935797454936455,0.006297688124577592
SOL,validation,10,0.3528972891503711,0.2510658777941839,0.10183141135618723,0.010369636338793018
SOL,validation,11,0.33982911623002066,0.21865854869811527,0.12117056753190539,0.014682306436004045
SOL,validation,12,0.3265097732565228,0.19043432480283323,0.13607544845368957,0.01851652767187273
SOL,validation,13,0.30988948573462505,0.16585325512783655,0.1440362306067885,0.020746435727411954
SOL,validation,14,0.2929967843372706,0.14444508501804498,0.14855169931922563,0.02206760737062962
SOL,validation,15,0.2775735829644494,0.1258002598127385,0.15177332315171088,0.02303514162051366
SOL,validation,16,0.26632110333237496,0.10956208975179368,0.15675901358058128,0.024573388338756868
SOL,validation,17,0.25677322920490236,0.09541992622788356,0.1613533029770188,0.026034888381593624
SOL,validation,18,0.24823783461753818,0.08310321884112913,0.16513461577640903,0.02726944132762224
SOL,validation,19,0.239193350530087,0.07237633956311411,0.16681701096697288,0.02782791514795515
SOL,validation,20,0.2300187219339815,0.06303407499256408,0.16698464694141743,0.027883872314149828
SOL,validation,21,0.22122155120654538,0.054897700466094615,0.16632385074045075,0.02766362332513174
SOL,validation,22,0.213924053380513,0.047811560918766045,0.16611249246174697,0.027593360151853947
SOL,validation,23,0.20773666377787697,0.041640093083693014,0.16609657069418396,0.02758807079636805
SOL,validation,24,0.20162632034113764,0.03626523206311098,0.16536108827802665,0.02734428951649332
SOL,validation,25,0.193253189592915,0.03158415265662159,0.1616690369362934,0.026136877503908598
SOL,validation,26,0.18392408030147048,0.02750730223649924,0.15641677806497123,0.024466208460226464
SOL,validation,27,0.1746215525260398,0.023956687537459855,0.15066486498857995,0.022699901542027025
SOL,validation,28,0.16796703801753554,0.020864382585870245,0.14710265543166529,0.021639191235047244
SOL,validation,29,0.1626260743128509,0.018171229223943163,0.14445484508890774,0.020867202269660334
SOL,validation,30,0.15746246155641533,0.015825705368952513,0.14163675618746283,0.02006097070330679
SOL,validation,31,0.15071480596391235,0.013782939356402221,0.1369318666075101,0.01875033609261694
SOL,validation,32,0.14336275631928097,0.012003851510780095,0.13135890480850088,0.017255161872488795
SOL,validation,33,0.13691496238588555,0.01045440652148891,0.12646055586439664,0.015992272189532183
SOL,validation,34,0.1328375508836114,0.009104962321334741,0.12373258856227666,0.015309753472321637
SOL,validation,35,0.13030362870356765,0.007929703011120205,0.12237392569244745,0.014975377689380651
SOL,validation,36,0.12787177046842046,0.006906144981756599,0.12096562548666387,0.014632682549379824
SOL,validation,37,0.12294394612781258,0.006014706785633344,0.11692923934217923,0.013672447013140635
SOL,validation,38,0.11586361768314317,0.005238334528555197,0.11062528315458797,0.012237953273032766
SOL,validation,39,0.10751247977546718,0.004562175615708617,0.10295030415975857,0.010598765126586803
SOL,validation,40,0.10038026990534388,0.003973294610168192,0.09640697529517568,0.009294304885564614
SOL,validation,41,0.09426987492565916,0.0034604257680991278,0.09080944915756003,0.00824635605629948
SOL,validation,42,0.08932803581583673,0.003013757516465045,0.08631427829937169,0.007450154638341386
SOL,validation,43,0.08479714865090705,0.002624744750134854,0.0821724039007722,0.006752303962831642
SOL,validation,44,0.08154358976434382,0.0022859453574888768,0.07925764440685494,0.006281774196923464
SOL,validation,45,0.07888142464914014,0.001990877847134077,0.07689054680200606,0.005912156187511485
SOL,validation,46,0.07793947139186412,0.0017338973520186186,0.0762055740398455,0.005807289514742375
SOL,validation,47,0.07762214858179539,0.0015100876388096697,0.07611206094298573,0.005793045820988774
SOL,validation,48,0.07745045418675477,0.001315167056591293,0.07613528713016347,0.005796581946392436
SOL,validation,49,0.07479871267449796,0.0011454066256091054,0.07365330604888885,0.005424809491931287
SOL,validation,50,0.07093231407321875,0.0009975586990367768,0.06993475537418196,0.004890870009246673
SOL,validation,51,0.06683480375004329,0.0008687948330094204,0.06596600891703387,0.004351514332442193
SOL,validation,52,0.06421033743751227,0.000756651676330116,0.06345368576118215,0.004026370236678851
SOL,validation,53,0.061750834993228795,0.000658983844678283,0.061091851148550515,0.003732214276756653
SOL,validation,54,0.059198144500195865,0.0005739228777674844,0.058624221622428384,0.0034367993608355996
SOL,validation,55,0.05644576819301588,0.0004998414942717121,0.05594592669874417,0.0031299467141812556
SOL,validation,56,0.054617741620732886,0.0004353224606895655,0.05418241916004332,0.0029357345460346296
SOL,validation,57,0.05414268643500753,0.00037913147858389625,0.05376355495642363,0.002890519841552384
SOL,validation,58,0.054830880568803,0.0003301935715090861,0.054500686997293914,0.002970324883177002
SOL,validation,59,0.05539580724489598,0.00028757251988982416,0.05510823472500615,0.0030369175345063737
SOL,validation,60,0.054888070958077,0.00025045295042489245,0.05463761800765211,0.00298526930155011
SOL,validation,61,0.05267321227658549,0.00021812473737256157,0.05245508753921293,0.0027515362087464916
SOL,validation,62,0.04926797636697067,0.0001899694173022613,0.04907800694966841,0.0024086507661517003
SOL,validation,63,0.045371102338074974,0.00016544835741633923,0.045205653980658636,0.002043551151819038
SOL,validation,64,0.04296961925767211,0.00014409245109285755,0.04282552680657926,0.0018340257462610386
SOL,validation,65,0.04149975005130497,0.00012549314351728395,0.04137425690778768,0.0017118291346716167
SOL,validation,66,0.04114768838372465,0.00010929461571654988,0.0410383937680081,0.0016841497630580861
SOL,validation,67,0.04030723113365828,9.518697747007273e-05,0.040212044156188204,0.0016170084952192298
SOL,validation,68,0.03987924925251646,8.290033887292532e-05,0.03979634891364353,0.0015837493868564566
SOL,validation,69,0.03886857648886073,7.21996471356241e-05,0.03879637684172511,0.0015051588560451442
SOL,validation,70,0.03761172481586582,6.288018984456884e-05,0.03754884462602125,0.0014099157327490846
SOL,validation,71,0.035573390700579126,5.476367865706799e-05,0.03551862702192206,0.0012615728655224119
SOL,validation,72,0.03308427638107947,4.769483850904186e-05,0.03303658154257043,0.001091415720018905
SOL,validation,73,0.02933144314044878,4.153843708433909e-05,0.02928990470336444,0.0008578985175321704
SOL,validation,74,0.02588824947682288,3.617669771714379e-05,0.025852072779105735,0.0006683296669761797
SOL,validation,75,0.02369482611527117,3.150704623431839e-05,0.02366331906903685,0.000559952669363043
SOL,validation,76,0.023446636517117595,2.74401486330536e-05,0.02341919636848454,0.0005484587585456395
SOL,validation,77,0.022980654130076737,2.3898202053099015e-05,0.02295675592802364,0.0005270126427388485
SOL,validation,78,0.02114803164372119,2.08134463485663e-05,0.02112721819737262,0.00044635934875939285
SOL,validation,79,0.017861463482562293,1.81268677845358e-05,0.017843336614777758,0.0003183846615482686
SOL,validation,80,0.014953567837114833,1.5787070059191602e-05,0.014937780767055642,0.00022313729424461746
SOL,validation,81,0.01298281976312534,1.3749291053275388e-05,0.012969070472072065,0.00016819678890957153
SOL,validation,82,0.013855360111126718,1.1974546496524438e-05,0.013843385564630193,0.0001916393238910116
SOL,validation,83,0.015842758149692687,1.0428884168778073e-05,0.015832329265523908,0.0002506626499719648
SOL,validation,84,0.01821630984212951,9.082734368049554e-06,0.01820722710776146,0.0003315031189536037
SOL,validation,85,0.017496217800968644,7.910344219521082e-06,0.017488307456749123,0.00030584089770178697
SOL,validation,86,0.014914921078405488,6.889285003360477e-06,0.014908031793402127,0.00022224941195308866
SOL,validation,87,0.011402844073799422,6.0000230761640716e-06,0.011396844050723259,0.00012988805431650614
SOL,validation,88,0.009070758824667279,5.225546177424949e-06,0.009065533278489853,8.218389362340698e-05
SOL,validation,89,0.0070004311774094705,4.551037971983594e-06,0.006995880139437487,4.8942338925375876e-05
SOL,validation,90,0.004321089748704287,3.963594602209218e-06,0.004317126154102078,1.8637578230432195e-05
SOL,validation,91,0.0009601034242931243,3.4519778273383044e-06,0.000956651446465786,9.151819900250806e-07
SOL,validation,92,-0.001983700315922804,3.0064000273371775e-06,0.001986706715950141,3.947003575201395e-06
SOL,validation,93,-0.003155412600428181,2.6183369582481345e-06,0.003158030937386429,9.973159401489806e-06
SOL,validation,94,-0.0031026899860497957,2.2803646768857635e-06,0.0031049703507266815,9.640840878891771e-06
SOL,validation,95,-0.0032705285118801862,1.986017515128209e-06,0.0032725145293953143,1.0709351345103436e-05
SOL,validation,96,-0.004265457847800295,1.7296643867430051e-06,0.004267187512187038,1.8208889264165003e-05
SOL,validation,97,-0.006527964008329676,1.5064010604024922e-06,0.006529470409390079,4.263398382710065e-05
SOL,validation,98,-0.008768933180250162,1.311956337989237e-06,0.008770245136588152,7.691719975584813e-05
SOL,validation,99,-0.011388413059976553,1.1426103433107235e-06,0.011389555670319865,0.00012972197836731537
SOL,validation,100,-0.013049247874646126,9.951233580239465e-07,0.01305024299800415,0.00017030884230695634
SOL,validation,101,-0.014416225765882773,8.666738433467511e-07,0.01441709243972612,0.00020785255441560803
SOL,validation,102,-0.015594384443891437,7.548044618638668e-07,0.0155951392483533,0.00024320836817552955
SOL,validation,103,-0.017240552182017317,6.573750667835213e-07,0.0172412095570841,0.00029725930699128815
SOL,validation,104,-0.018950398220347324,5.725217592931747e-07,0.018950970742106617,0.000359139292068181
SOL,validation,105,-0.01914821275178124,4.986212307502876e-07,0.019148711373011988,0.0003666731472469187
SOL,validation,106,-0.01750208227876225,4.3425970754697134e-07,0.0175025165384698,0.00030633808517940885
SOL,validation,107,-0.014504252949379069,3.782059045400411e-07,0.01450463115528361,0.00021038432495082394
SOL,validation,108,-0.013146076429283325,3.2938746962491083e-07,0.01314640581675295,0.0001728279858987558
SOL,validation,109,-0.014311102801238061,2.8687046882002057e-07,0.014311389671706882,0.00020481587433543842
SOL,validation,110,-0.017015835485450524,2.49841519395778e-07,0.01701608532696992,0.000289547159854721
SOL,validation,111,-0.01861321958412089,2.175922292411111e-07,0.018613437176350132,0.00034646004351793317
SOL,validation,112,-0.01849881121992006,1.8950564478081833e-07,0.01849900072556484,0.00034221302784444844
SOL,validation,113,-0.017837507727169216,1.65044448182015e-07,0.017837672771617397,0.0003181825699073007
SOL,validation,114,-0.017502978899835354,1.4374067805321136e-07,0.01750312264051341,0.0003063593021688531
SOL,validation,115,-0.01833461976693288,1.2518677698513728e-07,0.018334744953709868,0.00033616287251758947
SOL,validation,116,-0.019533264061863405,1.0902779466592594e-07,0.019533373089658072,0.00038155266425977816
SOL,validation,117,-0.020726622368672155,9.495459741028873e-08,0.020726717323269566,0.00042959681099872274
SOL,validation,118,-0.02044758434530448,8.269795419578331e-08,0.020447667043258677,0.00041810708751196705
SOL,validation,119,-0.019415038064282217,7.202338606752752e-08,0.019415110087668285,0.0003769464997162788
SOL,validation,120,-0.019256590801077587,6.272668037653363e-08,0.019256653527757964,0.00037081870508811325
SOL,validation,121,-0.020591058144678653,5.462998403561284e-08,0.02059111277466269,0.000423993925298877
SOL,validation,122,-0.02246361262564981,4.757840105384895e-08,0.022463660204050863,0.0005046160297630585
SOL,validation,123,-0.023241711292034006,4.14370292578743e-08,0.023241752729063266,0.0005401790699189197
SOL,validation,124,-0.022848391382645748,3.6088379510160695e-08,0.022848427471025258,0.0005220506378987017
SOL,validation,125,-0.022596024646045747,3.1430128051998226e-08,0.0225960560761738,0.0005105817501975909
SOL,validation,126,-0.0229103962588195,2.7373158971764736e-08,0.022910423631978472,0.0005248875109967176
SOL,validation,127,-0.024270650324983763,2.383985934940748e-08,0.024270674164843114,0.000589065624415983
SOL,validation,128,-0.02518096931305549,2.076263446194755e-08,0.02518099007568995,0.0006340822611919958
SOL,validation,129,-0.02516942373734085,1.808261464475319e-08,0.025169441819955497,0.0006335008015281246
SOL,validation,130,-0.02366911453900586,1.5748529069849625e-08,0.02366913028753493,0.0005602277285683034
SOL,validation,131,-0.022842880331561715,1.371572489578339e-08,0.02284289404728661,0.0005217978084555621
SOL,validation,132,-0.023248957341425264,1.1945313024628311e-08,0.023248969286738287,0.0005405145728957001
SOL,validation,133,-0.025580562865465048,1.0403424123811491e-08,0.02558057326888917,0.0006543657287650072
SOL,validation,134,-0.027286263301725604,9.060560679888134e-09,0.027286272362286285,0.0007445406594288683
SOL,validation,135,-0.02839189766374856,7.891032688558537e-09,0.028391905554781247,0.0008061003010316183
SOL,validation,136,-0.02741771984854561,6.872466185245853e-09,0.027417726721011795,0.0007517317385480842
SOL,validation,137,-0.02630602406090343,5.98537521404887e-09,0.02630603004627864,0.0006920072167957146
SOL,validation,138,-0.025216553759079618,5.212789046508634e-09,0.025216558971868665,0.00063587484638173
SOL,validation,139,-0.025754171704136786,4.539927518598925e-09,0.025754176244064304,0.0006632775940103262
SOL,validation,140,-0.02628980153356558,3.953918274889018e-09,0.026289805487483855,0.0006911538725697362
SOL,validation,141,-0.026333303183232987,3.4435505105433983e-09,0.026333306626783497,0.0006934430379001997
SOL,validation,142,-0.025114672042292053,2.9990605000546046e-09,0.025114675041352553,0.0006307469024327369
SOL,validation,143,-0.024029737379357256,2.6119448097099203e-09,0.024029739991302066,0.0005774284040495818
SOL,validation,144,-0.023319880512138624,2.274797620403582e-09,0.023319882786936245,0.0005438169331964454
SOL,validation,145,-0.02288171557845443,1.981169048655548e-09,0.02288171755962348,0.0005235729984783815
SOL,validation,146,-0.022530924655288838,1.7254417554095965e-09,0.022530926380730593,0.0005076426435739017
SOL,validation,147,-0.022842619722340928,1.502723482042731e-09,0.02284262122506441,0.000521785344431763
SOL,validation,148,-0.02407635430916291,1.308753457717597e-09,0.024076355617916365,0.0005796708998403729
SOL,validation,149,-0.025439524864239088,1.13982088757901e-09,0.025439526004059975,0.0006471694833112436
SOL,validation,150,-0.02649055571550789,9.926939624114766e-10,0.026490556708201853,0.0007017495947104582
SOL,validation,151,-0.028430744861826836,8.645580316581884e-10,0.02843074572638487,0.0008083073025583515
SOL,validation,152,-0.03143133441323156,7.529617570040734e-10,0.031431335166193314,0.0009879288303295804
SOL,validation,153,-0.03361339250394709,6.557702163997837e-10,0.03361339315971731,0.0011298601997097302
SOL,validation,154,-0.033006289083059075,5.71124061370746e-10,0.03300628965418314,0.001089415156735837
SOL,validation,155,-0.029985233210070218,4.974039462593733e-10,0.029985233707474166,0.0008991142404918449
SOL,validation,156,-0.027928976526079306,4.3319954890464787e-10,0.027928976959278855,0.0007800277539919292
SOL,validation,157,-0.028259942598533504,3.7728259010099076e-10,0.028259942975816094,0.0007986243769963774
SOL,validation,158,-0.030832913465871536,3.2858333567804185e-10,0.03083291379445487,0.0009506685730562854
SOL,validation,159,-0.033063630284159665,2.8617013166816994e-10,0.033063630570329794,0.0010932036664912468
SOL,validation,160,-0.03419498583009524,2.4923158105382395e-10,0.03419498607932682,0.001169297072965355
SOL,validation,161,-0.03509915596169035,2.1706102112227486e-10,0.035099156178751374,0.0012319507644603807
SOL,validation,162,-0.03651065444325457,1.8904300446767867e-10,0.03651065463229757,0.0013330279016789122
SOL,validation,163,-0.03867116952573188,1.646415250116936e-10,0.0386711696903734,0.0014954593652216545
SOL,validation,164,-0.039472790353069345,1.433897637974257e-10,0.03947279049645911,0.0015581011895773526
SOL,validation,165,-0.03948490398615571,1.2488115838590064e-10,0.03948490411103687,0.001559057652657776
SOL,validation,166,-0.03894101388150288,1.0876162500578991e-10,0.038941013990264506,0.001516402570589976
SOL,validation,167,-0.03996812230627479,9.472278466016852e-11,0.03996812240099758,0.0015974508082611243
SOL,validation,168,-0.04210550679973126,8.249606360054855e-11,0.04210550688222733,0.0017728737098092928
SOL,validation,169,-0.045006256783668375,7.184755530574627e-11,0.04500625685551593,0.0020255631561446746
SOL,validation,170,-0.047232911967901615,6.25735456713106e-11,0.04723291203047516,0.002230947978878605
SOL,validation,171,-0.048986852017940244,5.449661580296583e-11,0.04898685207243686,0.0023997116759668113
SOL,validation,172,-0.049921017179565964,4.746224785752757e-11,0.049921017227028214,0.0024921079609812476
SOL,validation,173,-0.05067506497792813,4.1335868998433937e-11,0.050675065019264005,0.0025679622147066344
SOL,validation,174,-0.0514656137007146,3.600027691450137e-11,0.05146561373671488,0.002648709397296735
SOL,validation,175,-0.05312141705530405,3.135339765011065e-11,0.05312141708665745,0.002821884953294622
SOL,validation,176,-0.055289910699024,2.7306332852400502e-11,0.055289910726330334,0.003056974228125578
SOL,validation,177,-0.05673855026134303,2.3781659077814663e-11,0.056738550285124686,0.0032192630884576227
SOL,validation,178,-0.05597503080683463,2.0711946622436542e-11,0.055975030827546575,0.0031332040761447894
SOL,validation,179,-0.05372017244374115,1.803846954020336e-11,0.05372017246177962,0.0028858569293233453
SOL,validation,180,-0.0513852783695944,1.571008217066205e-11,0.05138527838530448,0.00264044683473524
SOL,validation,181,-0.051436752375819635,1.3682240683384009e-11,0.05143675238950188,0.002645739496378927
SOL,validation,182,-0.05301108431330148,1.1916150920435283e-11,0.05301108432521763,0.002810175061335334
SOL,validation,183,-0.05561618837786982,1.037802623447721e-11,0.05561618838824785,0.0030931604108370746
SOL,validation,184,-0.05678003168245707,9.03844112437298e-12,0.056780031691495515,0.003223971998887235
SOL,validation,185,-0.05769774901412378,7.871768302855133e-12,0.057697749021995544,0.003329030242205188
SOL,validation,186,-0.0582177929457171,6.855688426928093e-12,0.05821779295257279,0.003389311416268634
SOL,validation,187,-0.05937746391371918,5.97076311177356e-12,0.05937746391968995,0.0035256832215340814
SOL,validation,188,-0.05951872447699081,5.200063059588313e-12,0.05951872448219087,0.0035424785639869474
SOL,validation,189,-0.058388043834642696,4.528844189174805e-12,0.05838804383917154,0.0034091636633650176
SOL,validation,190,-0.0559080449287108,3.944265570396026e-12,0.05590804493265507,0.003125709488191778
SOL,validation,191,-0.053831954760492906,3.4351437673651003e-12,0.05383195476392805,0.0028978793537055955
SOL,validation,192,-0.05340034040939459,2.991738890767056e-12,0.05340034041238633,0.0028515963561587406
SOL,validation,193,-0.05485343655730609,2.6055682663300894e-12,0.05485343655991166,0.0030088995024322527
SOL,validation,194,-0.057151681644614,2.2692441547817527e-12,0.057151681646883244,0.003266314715066691
SOL,validation,195,-0.059444485316825106,1.976332418748757e-12,0.05944448531880144,0.0035336468348172003
SOL,validation,196,-0.06105092139748977,1.7212294327901293e-12,0.061050921399211,0.0037272150036926394
SOL,validation,197,-0.06240633292635664,1.4990548817585617e-12,0.0624063329278557,0.0038945503895023662
SOL,validation,198,-0.06261446736567926,1.3055583966406493e-12,0.06261446736698481,0.003920571523651206
SOL,validation,199,-0.06297485107162318,1.1370382417482615e-12,0.06297485107276021,0.003965831867636328
SOL,validation,200,-0.062311606389357226,9.902704976848554e-13,0.062311606390347496,0.003882736290945595
SOL,validation,201,-0.06213641653201096,8.624473853027387e-13,0.06213641653287341,0.0038609342595467442
SOL,validation,202,-0.06057618078194289,7.511235507414289e-13,0.060576180782694014,0.0036694736782176274
SOL,validation,203,-0.05946361696653646,6.541692839388337e-13,0.05946361696719063,0.0035359217428207615
SOL,validation,204,-0.05777804472239058,5.697297756496016e-13,0.05777804472296031,0.0033383024520084017
SOL,validation,205,-0.05765047393942105,4.961896335262593e-13,0.057650473939917235,0.003323577145497076
SOL,validation,206,-0.05787702185802142,4.3214197842863905e-13,0.05787702185845356,0.003349749659203911
SOL,validation,207,-0.058789582241726916,3.763615297503698e-13,0.058789582242103275,0.003456214980201025
SOL,validation,208,-0.058705216426478496,3.277811648641519e-13,0.058705216426806275,0.003446302435718165
SOL,validation,209,-0.05791124067919093,2.854715042500827e-13,0.0579112406794764,0.0033537117970362422
SOL,validation,210,-0.05662081635690837,2.486231317549316e-13,0.05662081635715699,0.0032059168449508966
SOL,validation,211,-0.05631624320846095,2.1653110984233081e-13,0.05631624320867748,0.0031715192491389124
SOL,validation,212,-0.05628067195431662,1.885814935987811e-13,0.0562806719545052,0.0031675140356506285
SOL,validation,213,-0.0568000516579385,1.64239585498096e-13,0.056800051658102736,0.003226245868363139
SOL,validation,214,-0.05510848081588795,1.430397062289507e-13,0.05510848081603099,0.003036944657850855
SOL,validation,215,-0.05348391617004521,1.245762858936447e-13,0.05348391617016979,0.002860529288897749
SOL,validation,216,-0.051284403200340486,1.0849610514590153e-13,0.05128440320044898,0.002630090011626222
SOL,validation,217,-0.05200687350317352,9.449153783473845e-14,0.05200687350326801,0.0027047148915849205
SOL,validation,218,-0.05323907807547644,8.22946658810184e-14,0.053239078075558735,0.0028343994343354387
SOL,validation,219,-0.05500415732396921,7.167215379977311e-14,0.05500415732404088,0.0030254573229278403
SOL,validation,220,-0.05496117780332592,6.242078481399093e-14,0.05496117780338834,0.003020731065535667
SOL,validation,221,-0.054312844753711516,5.4363573162313636e-14,0.05431284475376588,0.002949885105246674
SOL,validation,222,-0.05405151476211132,4.734637822611624e-14,0.054051514762158664,0.002921566248083856
SOL,validation,223,-0.0551914969870945,4.1234955701632386e-14,0.05519149698713574,0.0030461013396810136
SOL,validation,224,-0.05640530631479786,3.5912389403793696e-14,0.05640530631483377,0.0031815585804702267
SOL,validation,225,-0.05572152017723348,3.1276854570227113e-14,0.055721520177264755,0.0031048878108653234
SOL,validation,226,-0.05304975447273494,2.723966987570584e-14,0.05304975447276218,0.002814276449620351
SOL,validation,227,-0.049646128662033676,2.3723600890600947e-14,0.0496461286620574,0.002464738091129557
SOL,validation,228,-0.04825939399661329,2.066138252719696e-14,0.048259393996633954,0.002328969108922349
SOL,validation,229,-0.048769946637615455,1.799443220713979e-14,0.04876994663763345,0.002378507695037614
SOL,validation,230,-0.05092496354543976,1.5671729131926497e-14,0.050924963545455434,0.002593351912105965
SOL,validation,231,-0.05180675009991687,1.3648838216024611e-14,0.05180675009993052,0.002683939355916651
SOL,validation,232,-0.05103154106012562,1.1887060009715309e-14,0.051031541060137506,0.0026042181829725
SOL,validation,233,-0.049310325755085475,1.0352690349034623e-14,0.04931032575509583,0.002431508226073667
SOL,validation,234,-0.047424412332919164,9.016375569350012e-15,0.04742441233292818,0.00224907488512359
SOL,validation,235,-0.0466165271949954,7.852550947315102e-15,0.046616527195003254,0.002173100607722478
SOL,validation,236,-0.04505391504506119,6.838951628167875e-15,0.04505391504506803,0.0020298552608882074
SOL,validation,237,-0.043862683316817225,5.956186682037609e-15,0.04386268331682318,0.0019239349877519184
SOL,validation,238,-0.04178711701982565,5.187368140632118e-15,0.04178711701983084,0.001746163148829036
SOL,validation,239,-0.040282394260624715,4.517787917493484e-15,0.04028239426062923,0.0016226712873687748
SOL,validation,240,-0.03897264122185812,3.934636431059809e-15,0.03897264122186205,0.0015188667638079813
SOL,validation,241,-0.03864030292217381,3.4267575475770218e-15,0.03864030292217724,0.001493073009917619
SOL,validation,242,-0.03854739643093642,2.984435155731314e-15,0.03854739643093941,0.001485901771604
SOL,validation,243,-0.03869023100062557,2.5992072900117536e-15,0.03869023100062817,0.001496933974881969
SOL,validation,244,-0.03741658984888662,2.263704246840895e-15,0.03741658984888888,0.0014000011959199746
SOL,validation,245,-0.03564127491811765,1.9715075965112165e-15,0.03564127491811962,0.0012703004777889829
SOL,validation,246,-0.03245030868156829,1.7170273937179305e-15,0.032450308681570006,0.0010530225335291777
SOL,validation,247,-0.03018081855430432,1.4953952376318e-15,0.030180818554305815,0.0009108818086079302
SOL,validation,248,-0.027361307737532977,1.3023711356693862e-15,0.027361307737534278,0.0007486411611080532
SOL,validation,249,-0.025289412223537394,1.1342623891934597e-15,0.02528941222353853,0.00063955437061206
SOL,validation,250,-0.022832541438897007,9.87852949365006e-16,0.022832541438897996,0.0005213249485589941
SOL,validation,251,-0.021645284785523577,8.603418916702697e-16,0.021645284785524438,0.0004685183534464557
SOL,validation,252,-0.020982910218178673,7.492898320935042e-16,0.020982910218179423,0.0004402825212241784
SOL,validation,253,-0.01946436354788775,6.525722598358427e-16,0.019464363547888403,0.0003788614483243668
SOL,validation,254,-0.016806008750472622,5.683388937995313e-16,0.01680600875047319,0.00028244193012098146
SOL,validation,255,-0.012948092410353957,4.949782852959902e-16,0.012948092410354451,0.00016765309706707855
SOL,validation,256,-0.010081726475845721,4.31086989800452e-16,0.010081726475846153,0.0001016412087337773
SOL,validation,257,-0.0077283744083851864,3.7544271798527005e-16,0.007728374408385562,5.972777099618889e-05
SOL,validation,258,-0.006113507060950819,3.269809523906426e-16,0.006113507060951146,3.7374968584299515e-05
SOL,validation,259,-0.004987141863000054,2.8477458239178416e-16,0.004987141863000338,2.4871583961690486e-05
SOL,validation,260,-0.002972716574561586,2.4801616786389866e-16,0.002972716574561834,8.837043832674644e-06
SOL,validation,261,9.008752433630363e-05,2.1600249223530493e-16,9.008752433608763e-05,8.115762041005181e-09
SOL,validation,262,0.005687134913655918,1.881211094168123e-16,0.00568713491365573,3.234350352612197e-05
SOL,validation,263,0.010655735705123005,1.638386272398201e-16,0.010655735705122842,0.00011354470341742978
SOL,validation,264,0.014622485813430093,1.4269050325635477e-16,0.014622485813429951,0.00021381709136396017
SOL,validation,265,0.015696996926994555,1.2427215768689777e-16,0.01569699692699443,0.0002463957125260726
SOL,validation,266,0.016870088741138253,1.0823123349990288e-16,0.016870088741138146,0.000284599894133876
SOL,validation,267,0.01866171305489851,9.426085555240606e-17,0.018661713054898416,0.00034825953414336595
SOL,validation,268,0.021676651173924026,8.209375983393493e-17,0.021676651173923943,0.00046987720611597824
SOL,validation,269,0.024402386931207914,7.149718050166544e-17,0.02440238693120784,0.0005954764879403833
SOL,validation,270,0.02659615220183321,6.226839689189938e-17,0.02659615220183315,0.0007073553119430742
SOL,validation,271,0.02948277460212638,5.423085531878822e-17,0.029482774602126324,0.0008692339982397851
SOL,validation,272,0.03395505513966035,4.723079146734769e-17,0.0339550551396603,0.0011529457695373716
SOL,validation,273,0.039825800925100414,4.1134288764559525e-17,0.03982580092510037,0.0015860944193257258
SOL,validation,274,0.04696508272871703,3.582471645295056e-17,0.046965082728716995,0.0022057189957152314
SOL,validation,275,0.05304268187671499,3.120049835503822e-17,0.05304268187671496,0.0028135261006743857
SOL,validation,276,0.057314496397596414,2.7173169643400397e-17,0.057314496397596386,0.0032849514973100893
SOL,validation,277,0.05834587277283824,2.36656844408956e-17,0.05834587277283822,0.003404240869624224
SOL,validation,278,0.058141502589640966,2.0610941874131788e-17,0.058141502589640945,0.003380434323381225
SOL,validation,279,0.05816501866088941,1.7950502382459842e-17,0.05816501866088939,0.003383169395821611
SOL,validation,280,0.05957384889108308,1.563346972450135e-17,0.05957384889108307,0.0035490434716975994
SOL,validation,281,0.06203792386557529,1.361551729414095e-17,0.06203792386557527,0.003848703997550914
SOL,validation,282,0.06517496761895288,1.1858040118663698e-17,0.06517496761895286,0.004247776404131554
SOL,validation,283,0.06802098270995886,1.0327416316113572e-17,0.06802098270995885,0.004626854088828521
SOL,validation,284,0.07174047571683037,8.994363882987775e-18,0.07174047571683036,0.0051466958560771265
SOL,validation,285,0.07677563857703472,7.833380507123662e-18,0.0767756385770347,0.00589449867891146
SOL,validation,286,0.08403162248688249,6.822255688970591e-18,0.08403162248688249,0.007061313577777935
SOL,validation,287,0.09130484877974178,5.941645837753613e-18,0.09130484877974178,0.008336575410691514
SOL,validation,288,0.09598919941006247,5.174704213793799e-18,0.09598919941006247,0.009213926403384736
SOL,validation,289,0.09555863905104141,4.506758637498869e-18,0.09555863905104141,0.009131453497287216
SOL,validation,290,0.09111206415019883,3.9250307993507295e-18,0.09111206415019883,0.008301408233709947
SOL,validation,291,0.0857373930209148,3.418391801075389e-18,0.0857373930209148,0.007350900562022811
SOL,validation,292,0.08235517546501438,2.9771492513109497e-18,0.08235517546501438,0.006782374925873306
SOL,validation,293,0.08096807794664733,2.592861842751031e-18,0.08096807794664733,0.006555829646374358
SOL,validation,294,0.07898939989274682,2.25817786348263e-18,0.07898939989274682,0.006239325295416272
SOL,validation,295,0.07557147256117867,1.9666945531168514e-18,0.07557147256117867,0.005711047465064981
SOL,validation,296,0.07131363788772895,1.7128356130877662e-18,0.07131363788772895,0.00508563494878213
SOL,validation,297,0.06851481916148314,1.49174452779777e-18,0.06851481916148314,0.004694280444730737
SOL,validation,298,0.0684547702305386,1.2991916557614022e-18,0.0684547702305386,0.004686055567315834
SOL,validation,299,0.0689166740394653,1.1314933133301736e-18,0.0689166740394653,0.004749507960661911
SOL,validation,300,0.06839219005831695,9.85441303008198e-19,0.06839219005831695,0.004677491660972948
SOL,test,1,0.8882871740569167,0.8709210133181254,0.01736616073879127,0.00030158353880553536
SOL,test,2,0.7285870842836946,0.7585034114390704,0.029916327155375844,0.0008949866304674781
SOL,test,3,0.571166967025781,0.6605965596957702,0.08942959266998929,0.007997652045120202
SOL,test,4,0.513942177508764,0.5753274251647077,0.061385247655943664,0.003768148629781537
SOL,test,5,0.47647100341224946,0.5010647441141552,0.024593740701905786,0.0006048520817125774
SOL,test,6,0.4466966306658824,0.4363878146818873,0.010308815983995079,0.00010627168699187242
SOL,test,7,0.42060846826863385,0.3800593177624316,0.040549150506202225,0.0016442336067746402
SOL,test,8,0.3982044560268819,0.3310016461466524,0.06720280988022953,0.004516217655798275
SOL,test,9,0.37960337567183133,0.2882762890720101,0.09132708659982125,0.00834063674681125
SOL,test,10,0.3664372871392241,0.2510658777941839,0.1153714093450402,0.01331056209426083
SOL,test,11,0.3565114278515263,0.21865854869811527,0.13785287915341102,0.019003416290884943
SOL,test,12,0.34751762416584775,0.19043432480283323,0.15708329936301452,0.024675162938770437
SOL,test,13,0.33592017984602074,0.16585325512783655,0.1700669247181842,0.028922758883100527
SOL,test,14,0.32266071988922806,0.14444508501804498,0.17821563487118308,0.031760812512538844
SOL,test,15,0.30853626300494114,0.1258002598127385,0.18273600319220262,0.033392446862660685
SOL,test,16,0.2959991579879076,0.10956208975179368,0.18643706823611392,0.034758780412477396
SOL,test,17,0.2840822244080177,0.09541992622788356,0.18866229818013416,0.03559346275460985
SOL,test,18,0.2719700788967792,0.08310321884112913,0.18886686005565007,0.035670690827280506
SOL,test,19,0.2588422467324531,0.07237633956311411,0.18646590716933897,0.03476953453648454
SOL,test,20,0.24738281288025019,0.06303407499256408,0.1843487378876861,0.03398445716078279
SOL,test,21,0.23839865137223135,0.054897700466094615,0.18350095090613672,0.0336725989834564
SOL,test,22,0.23173591321390144,0.047811560918766045,0.1839243522951354,0.03382816736718508
SOL,test,23,0.22500667142915434,0.041640093083693014,0.18336657834546133,0.03362330205412221
SOL,test,24,0.2184660323149226,0.03626523206311098,0.18220080025181162,0.03319713161240056
SOL,test,25,0.21155973663582556,0.03158415265662159,0.17997558397920396,0.032391210828655495
SOL,test,26,0.2045525254699167,0.02750730223649924,0.17704522323341745,0.03134501106977062
SOL,test,27,0.19623078896543322,0.023956687537459855,0.17227410142797336,0.029678366022815653
SOL,test,28,0.18798841941298547,0.020864382585870245,0.1671240368271152,0.027930443685390962
SOL,test,29,0.17973494306224755,0.018171229223943163,0.1615637138383044,0.02610283362922551
SOL,test,30,0.1721549254732517,0.015825705368952513,0.1563292201042992,0.024438825058418424
SOL,test,31,0.1638457048868816,0.013782939356402221,0.15006276553047937,0.022518833598655627
SOL,test,32,0.15625926089070336,0.012003851510780095,0.14425540937992326,0.020809623135369253
SOL,test,33,0.15022607916820338,0.01045440652148891,0.13977167264671447,0.019536120474460312
SOL,test,34,0.14706021426606125,0.009104962321334741,0.13795525194472652,0.01903165153913297
SOL,test,35,0.14463749031009962,0.007929703011120205,0.13670778729897942,0.018689019108183
SOL,test,36,0.14146451909824112,0.006906144981756599,0.13455837411648452,0.018105956044871814
SOL,test,37,0.13530144687583373,0.006014706785633344,0.12928674009020039,0.016715061163151027
SOL,test,38,0.12801504897992314,0.005238334528555197,0.12277671445136794,0.01507412161147274
SOL,test,39,0.12051095844597189,0.004562175615708617,0.11594878283026328,0.013444120239819555
SOL,test,40,0.11555569891039165,0.003973294610168192,0.11158240430022345,0.012450632949418526
SOL,test,41,0.11132170208179322,0.0034604257680991278,0.10786127631369409,0.011634054928019066
SOL,test,42,0.10785489767046,0.003013757516465045,0.10484114015399496,0.010991664668789614
SOL,test,43,0.10304339179721328,0.002624744750134854,0.10041864704707842,0.010083904674765711
SOL,test,44,0.09853252151038475,0.0022859453574888768,0.09624657615289586,0.009263403421155182
SOL,test,45,0.09439970760789179,0.001990877847134077,0.09240882976075772,0.008539391817752701
SOL,test,46,0.09253493729227653,0.0017338973520186186,0.09080103994025791,0.008244828854232313
SOL,test,47,0.09085388531798753,0.0015100876388096697,0.08934379767917787,0.00798231418373787
SOL,test,48,0.08888955030986301,0.001315167056591293,0.08757438325327171,0.007669272602190917
SOL,test,49,0.08479478943865407,0.0011454066256091054,0.08364938281304496,0.006997219245003341
SOL,test,50,0.08166907138889618,0.0009975586990367768,0.08067151268985939,0.006507892959670145
SOL,test,51,0.07920949333044904,0.0008687948330094204,0.07834069849743962,0.006137265041066738
SOL,test,52,0.07847799127121317,0.000756651676330116,0.07772133959488306,0.006040606628423137
SOL,test,53,0.07711369305049935,0.000658983844678283,0.07645470920582106,0.0058453225597466605
SOL,test,54,0.07565800777009761,0.0005739228777674844,0.07508408489233012,0.005637619804118636
SOL,test,55,0.07346398916840359,0.0004998414942717121,0.07296414767413188,0.005323766845812525
SOL,test,56,0.07125754482319563,0.0004353224606895655,0.07082222236250606,0.005015787180364253
SOL,test,57,0.06903471531911942,0.00037913147858389625,0.06865558384053552,0.004713589192484802
SOL,test,58,0.06876101355430404,0.0003301935715090861,0.06843081998279496,0.00468277712351769
SOL,test,59,0.06933912288765884,0.00028757251988982416,0.06905155036776901,0.004768116608192541
SOL,test,60,0.0700793210283417,0.00025045295042489245,0.06982886807791681,0.00487607081704311
SOL,test,61,0.06781460646050023,0.00021812473737256157,0.06759648172312767,0.0045692843413451326
SOL,test,62,0.06467550217975042,0.0001899694173022613,0.06448553276244816,0.004158383935656775
SOL,test,63,0.0623642596495849,0.00016544835741633923,0.06219881129216856,0.003868692126158795
SOL,test,64,0.06310011107513352,0.00014409245109285755,0.06295601862404067,0.003963460280990556
SOL,test,65,0.0647571807001958,0.00012549314351728395,0.06463168755667852,0.004177255036424112
SOL,test,66,0.06468021826549794,0.00010929461571654988,0.0645709236497814,0.004169404180985899
SOL,test,67,0.06180415767913603,9.518697747007273e-05,0.061708970701665956,0.0038079970650590675
SOL,test,68,0.05772169092353424,8.290033887292532e-05,0.057638790584661315,0.0033222301800624418
SOL,test,69,0.05513709014388778,7.21996471356241e-05,0.05506489049675216,0.003032142165419306
SOL,test,70,0.05465816802659402,6.288018984456884e-05,0.05459528783674945,0.002980645453977522
SOL,test,71,0.054298052909774644,5.476367865706799e-05,0.05424328923111758,0.002942334426610676
SOL,test,72,0.052079146514748355,4.769483850904186e-05,0.052031451676239314,0.002707271963536827
SOL,test,73,0.04727469217829936,4.153843708433909e-05,0.04723315374121502,0.0022309708123412542
SOL,test,74,0.04261282896484255,3.617669771714379e-05,0.042576652267125405,0.001812771318275715
SOL,test,75,0.03917642846943436,3.150704623431839e-05,0.039144921423200044,0.0015323248732285058
SOL,test,76,0.037283464414092714,2.74401486330536e-05,0.03725602426545966,0.001388011344068519
SOL,test,77,0.03513821846615567,2.3898202053099015e-05,0.03511432026410257,0.0012330154876099644
SOL,test,78,0.03209859552615073,2.08134463485663e-05,0.032077782079802164,0.0010289841031592768
SOL,test,79,0.02921469013759382,1.81268677845358e-05,0.029196563269809284,0.0008524393067679766
SOL,test,80,0.027739096110409686,1.5787070059191602e-05,0.027723309040350495,0.0007685818641467795
SOL,test,81,0.02817560779505501,1.3749291053275388e-05,0.028161858504001734,0.0007930902743994147
SOL,test,82,0.030071810156730275,1.1974546496524438e-05,0.030059835610233752,0.0009035937169142772
SOL,test,83,0.030869723797039537,1.0428884168778073e-05,0.030859294912870757,0.000952296082519531
SOL,test,84,0.029578363432779715,9.082734368049554e-06,0.029569280698411665,0.0008743423610214606
SOL,test,85,0.02526378346621085,7.910344219521082e-06,0.02525587312199133,0.000637859127154124
SOL,test,86,0.021583359552322337,6.889285003360477e-06,0.021576470267318976,0.0004655440691964998
SOL,test,87,0.01888970530225121,6.0000230761640716e-06,0.018883705279175045,0.00035659432507074344
SOL,test,88,0.017909451623872266,5.225546177424949e-06,0.017904226077694842,0.000320561311441208
SOL,test,89,0.015408171346769715,4.551037971983594e-06,0.015403620308797732,0.00023727151861760594
SOL,test,90,0.012549012989242348,3.963594602209218e-06,0.012545049394640139,0.00015737826431396092
SOL,test,91,0.008900435284764691,3.4519778273383044e-06,0.008896983306937353,7.915631196392191e-05
SOL,test,92,0.0062223806504391275,3.0064000273371775e-06,0.00621937425041179,3.868061606668522e-05
SOL,test,93,0.0044365917028579074,2.6183369582481345e-06,0.0044339733658996594,1.9660119809507555e-05
SOL,test,94,0.003944775857220992,2.2803646768857635e-06,0.003942495492544107,1.55432707087306e-05
SOL,test,95,0.004167668854769945,1.986017515128209e-06,0.004165682837254817,1.735291350059934e-05
SOL,test,96,0.0034892378583920233,1.7296643867430051e-06,0.0034875081940052804,1.2162713403253974e-05
SOL,test,97,0.001373107072342736,1.5064010604024922e-06,0.0013716006712823335,1.8812884014621478e-06
SOL,test,98,-0.0022871552604261138,1.311956337989237e-06,0.002288467216764103,5.23708220220404e-06
SOL,test,99,-0.005898553909193663,1.1426103433107235e-06,0.005899696519536974,3.480641902263668e-05
SOL,test,100,-0.008787162456538614,9.951233580239465e-07,0.008788157579896637,7.723171364909471e-05
SOL,test,101,-0.010360900204407046,8.666738433467511e-07,0.010361766878250392,0.00010736621283920687
SOL,test,102,-0.011917987923380296,7.548044618638668e-07,0.01191874272784216,0.00014205642821249037
SOL,test,103,-0.01446856192859218,6.573750667835213e-07,0.014469219303658964,0.0002093583072573772
SOL,test,104,-0.01844795837865606,5.725217592931747e-07,0.01844853090041535,0.00034034829238358005
SOL,test,105,-0.022454716799427506,4.986212307502876e-07,0.022455215420658255,0.0005042366995881683
SOL,test,106,-0.024524796528004756,4.3425970754697134e-07,0.024525230787712304,0.0006014869451905515
SOL,test,107,-0.024780443752751145,3.782059045400411e-07,0.024780821958655684,0.0006140891369465917
SOL,test,108,-0.024103719529395464,3.2938746962491083e-07,0.02410404891686509,0.0005810051741866251
SOL,test,109,-0.024907572524399024,2.8687046882002057e-07,0.024907859394867844,0.0006204014596345064
SOL,test,110,-0.026952510583509354,2.49841519395778e-07,0.02695276042502875,0.0007264512945289961
SOL,test,111,-0.029450872672479783,2.175922292411111e-07,0.029451090264709025,0.0008673667177800387
SOL,test,112,-0.029916453044667658,1.8950564478081833e-07,0.029916642550312438,0.0008950055014831647
SOL,test,113,-0.029056996032838595,1.65044448182015e-07,0.029057161077286776,0.0008443186098713895
SOL,test,114,-0.028350942856359345,1.4374067805321136e-07,0.0283510865970374,0.0008037841112327137
SOL,test,115,-0.02896316910388941,1.2518677698513728e-07,0.028963294290666398,0.0008388724161677488
SOL,test,116,-0.029117976557464526,1.0902779466592594e-07,0.029118085585259194,0.0008478629081504792
SOL,test,117,-0.02723759195787344,9.495459741028873e-08,0.02723768691247085,0.0007418915883417858
SOL,test,118,-0.02330399164009123,8.269795419578331e-08,0.023304074338045426,0.0005430798807531474
SOL,test,119,-0.019319579411996902,7.202338606752752e-08,0.01931965143538297,0.00037324893158469525
SOL,test,120,-0.01630116762181344,6.272668037653363e-08,0.016301230348493817,0.00026573011087465586
SOL,test,121,-0.015704298904756425,5.462998403561284e-08,0.01570435353474046,0.00024662671994411524
SOL,test,122,-0.015744833208413148,4.757840105384895e-08,0.0157448807868142,0.00024790127099099096
SOL,test,123,-0.016639508272587526,4.14370292578743e-08,0.016639549709616785,0.00027687461453880806
SOL,test,124,-0.0159643852111463,3.6088379510160695e-08,0.01596442129952581,0.00025486274742875334
SOL,test,125,-0.015236541116866117,3.1430128051998226e-08,0.015236572546994169,0.00023215314297981638
SOL,test,126,-0.013918312646345837,2.7373158971764736e-08,0.013918340019504809,0.00019372018889854913
SOL,test,127,-0.013645679525689793,2.383985934940748e-08,0.013645703365549142,0.00018620522034055916
SOL,test,128,-0.01428987716733035,2.076263446194755e-08,0.014289897929964813,0.00020420118284881263
SOL,test,129,-0.015725506581860036,1.808261464475319e-08,0.01572552466447468,0.00024729212597300154
SOL,test,130,-0.016931733895984784,1.5748529069849625e-08,0.016931749644513855,0.00028668414602449506
SOL,test,131,-0.01716588824825584,1.371572489578339e-08,0.017165901963980736,0.0002946681902369977
SOL,test,132,-0.016645989448312196,1.1945313024628311e-08,0.01664600139362522,0.00027708936239657277
SOL,test,133,-0.01655024564148927,1.0403424123811491e-08,0.016550256044913392,0.00027391097515219227
SOL,test,134,-0.016939122664961007,9.060560679888134e-09,0.016939131725521687,0.00028693418361457534
SOL,test,135,-0.017432077070951617,7.891032688558537e-09,0.017432084961984305,0.00030387758612183935
SOL,test,136,-0.01707339603667503,6.872466185245853e-09,0.017073402909141215,0.0002915010868978717
SOL,test,137,-0.016111322420699736,5.98537521404887e-09,0.01611132840607495,0.00025957490300839754
SOL,test,138,-0.01588962332890083,5.212789046508634e-09,0.015889628541689876,0.00025248029519288557
SOL,test,139,-0.016844194678952592,4.539927518598925e-09,0.01684419921888011,0.0002837270473253213
SOL,test,140,-0.018551195355229002,3.953918274889018e-09,0.018551199309147278,0.00034414699580770646
SOL,test,141,-0.019199632170863935,3.4435505105433983e-09,0.019199635614414446,0.0003686260077262916
SOL,test,142,-0.017924919622204334,2.9990605000546046e-09,0.017924922621264834,0.0003213028509783318
SOL,test,143,-0.01591780070470771,2.6119448097099203e-09,0.01591780331665252,0.00025337646242763403
SOL,test,144,-0.01442710211101106,2.274797620403582e-09,0.014427104385808681,0.0002081413409590201
SOL,test,145,-0.015145703683718212,1.981169048655548e-09,0.01514570566488726,0.00022939240008739805
SOL,test,146,-0.016265551600306398,1.7254417554095965e-09,0.016265553325748153,0.0002645682249927568
SOL,test,147,-0.017287971652266105,1.502723482042731e-09,0.017287973154989585,0.00029887401580764054
SOL,test,148,-0.01690286605500841,1.308753457717597e-09,0.016902867363761866,0.00028570692511692604
SOL,test,149,-0.016965280515396017,1.13982088757901e-09,0.016965281655216904,0.00028782078164083923
SOL,test,150,-0.017269833034473752,9.926939624114766e-10,0.017269834027167714,0.0002982471673259198
SOL,test,151,-0.019393917713152926,8.645580316581884e-10,0.01939391857771096,0.0003761240777988822
SOL,test,152,-0.02168836459283343,7.529617570040734e-10,0.021688365345795185,0.0004703851913726895
SOL,test,153,-0.024041044750273247,6.557702163997837e-10,0.024041045406043463,0.0005779718642154435
SOL,test,154,-0.023671192801642413,5.71124061370746e-10,0.023671193372766474,0.0005603253956909034
SOL,test,155,-0.022294528189700617,4.974039462593733e-10,0.022294528687104565,0.0004970460093801284
SOL,test,156,-0.021081315354546593,4.3319954890464787e-10,0.021081315787746142,0.0004444218753426748
SOL,test,157,-0.022228689790028774,3.7728259010099076e-10,0.022228690167311365,0.000494114666554325
SOL,test,158,-0.02392397550511617,3.2858333567804185e-10,0.023923975833699505,0.0005723566196914379
SOL,test,159,-0.02530488374575884,2.8617013166816994e-10,0.025304884031928973,0.0006403371558693739
SOL,test,160,-0.02574944395666405,2.4923158105382395e-10,0.02574944420589563,0.000663033876912532
SOL,test,161,-0.026916120272195913,2.1706102112227486e-10,0.026916120489256935,0.000724477542192197
SOL,test,162,-0.02854176472836227,1.8904300446767867e-10,0.028541764917405274,0.0008146323446004265
SOL,test,163,-0.03140543563907728,1.646415250116936e-10,0.0314054358037188,0.0009863013980215029
SOL,test,164,-0.03342434626477459,1.433897637974257e-10,0.03342434640816436,0.0011171869328129695
SOL,test,165,-0.034567815779602475,1.2488115838590064e-10,0.034567815904483636,0.0011949338964062717
SOL,test,166,-0.032761137246119225,1.0876162500578991e-10,0.03276113735488085,0.0010732921207853693
SOL,test,167,-0.03098748976145909,9.472278466016852e-11,0.030987489856181875,0.0009602245275869746
SOL,test,168,-0.030521877937577328,8.249606360054855e-11,0.03052187802007339,0.0009315850378722391
SOL,test,169,-0.0339170268834557,7.184755530574627e-11,0.033917026955303256,0.0011503647174867676
SOL,test,170,-0.03877306498274698,6.25735456713106e-11,0.03877306504532052,0.001503350573008656
SOL,test,171,-0.04292471370784891,5.449661580296583e-11,0.04292471376234552,0.0018425310515792952
SOL,test,172,-0.044370036380432853,4.746224785752757e-11,0.0443700364278951,0.0019687001326127384
SOL,test,173,-0.04403676458339068,4.1335868998433937e-11,0.044036764624726554,0.001939236638613568
SOL,test,174,-0.044344893077670616,3.600027691450137e-11,0.044344893113670895,0.0019664695452628962
SOL,test,175,-0.04611703092896037,3.135339765011065e-11,0.04611703096031377,0.0021267805445945387
SOL,test,176,-0.048829030270629604,2.7306332852400502e-11,0.048829030297935935,0.0023842741998367457
SOL,test,177,-0.05019183649171629,2.3781659077814663e-11,0.050191836515497947,0.002519220452798473
SOL,test,178,-0.04972750092137045,2.0711946622436542e-11,0.0497275009420824,0.002472824349944806
SOL,test,179,-0.04807599658608321,1.803846954020336e-11,0.04807599660412168,0.002311301449479519
SOL,test,180,-0.04785245332203014,1.571008217066205e-11,0.04785245333774022,0.0022898572904406053
SOL,test,181,-0.05025805169880298,1.3682240683384009e-11,0.05025805171248522,0.002525871761934839
SOL,test,182,-0.05459323034082576,1.1916150920435283e-11,0.05459323035274191,0.0029804208003475405
SOL,test,183,-0.05874267854385044,1.037802623447721e-11,0.05874267855422847,0.0034507022837254133
SOL,test,184,-0.06078487531550316,9.03844112437298e-12,0.060784875324541604,0.003694801068220067
SOL,test,185,-0.0616293605490448,7.871768302855133e-12,0.06162936055691656,0.003798178082654423
SOL,test,186,-0.061970345559077496,6.855688426928093e-12,0.061970345565933185,0.003840323729561175
SOL,test,187,-0.06396725381438877,5.97076311177356e-12,0.06396725382035953,0.004091809561318301
SOL,test,188,-0.06633089583496857,5.200063059588313e-12,0.06633089584016863,0.0043997877429593005
SOL,test,189,-0.06810115001950894,4.528844189174805e-12,0.06810115002403778,0.004637766634596502
SOL,test,190,-0.0674245079760645,3.944265570396026e-12,0.06742450798000876,0.004546064276346265
SOL,test,191,-0.06597557869918118,3.4351437673651003e-12,0.06597557870261632,0.00435277698514512
SOL,test,192,-0.06607167754871143,2.991738890767056e-12,0.06607167755170318,0.004365466574496238
SOL,test,193,-0.06816139798435644,2.6055682663300894e-12,0.06816139798696201,0.004645976175537029
SOL,test,194,-0.07050642414627084,2.2692441547817527e-12,0.07050642414854008,0.004971155846213836
SOL,test,195,-0.07110428453678164,1.976332418748757e-12,0.07110428453875797,0.005055819279768656
SOL,test,196,-0.07038968884247465,1.7212294327901293e-12,0.07038968884419589,0.004954708295582715
SOL,test,197,-0.07024589194041009,1.4990548817585617e-12,0.07024589194190914,0.004934485334714375
SOL,test,198,-0.07061822659666679,1.3055583966406493e-12,0.07061822659797234,0.004986933927842569
SOL,test,199,-0.07206358701607496,1.1370382417482615e-12,0.072063587017212,0.005193160573787285
SOL,test,200,-0.07261569535782111,9.902704976848554e-13,0.07261569535881139,0.005273039212443703
SOL,test,201,-0.07229795747070598,8.624473853027387e-13,0.07229795747156843,0.005226994654560718
SOL,test,202,-0.06982389607541543,7.511235507414289e-13,0.06982389607616656,0.004875376463255307
SOL,test,203,-0.0662862200354812,6.541692839388337e-13,0.06628622003613537,0.004393862966678953
SOL,test,204,-0.06312353068693091,5.697297756496016e-13,0.06312353068750064,0.003984580126455834
SOL,test,205,-0.0617378765206109,4.961896335262593e-13,0.061737876521107085,0.0038115653973354656
SOL,test,206,-0.062171749805272264,4.3214197842863905e-13,0.062171749805704404,0.0038653264739031057
SOL,test,207,-0.06362493830524837,3.763615297503698e-13,0.06362493830562474,0.004048132774394554
SOL,test,208,-0.064275595905826,3.277811648641519e-13,0.06427559590615378,0.004131352229091173
SOL,test,209,-0.06396618581115981,2.854715042500827e-13,0.06396618581144528,0.004091672927264344
SOL,test,210,-0.06262581554791462,2.486231317549316e-13,0.06262581554816324,0.003921992773072564
SOL,test,211,-0.06264699587832614,2.1653110984233081e-13,0.06264699587854268,0.003924646092606144
SOL,test,212,-0.06256754522663154,1.885814935987811e-13,0.06256754522682012,0.003914697715710181
SOL,test,213,-0.06224875559394807,1.64239585498096e-13,0.062248755594112304,0.0038749075730155277
SOL,test,214,-0.059884732678404745,1.430397062289507e-13,0.059884732678547783,0.0035861812079811288
SOL,test,215,-0.05793997400394569,1.245762858936447e-13,0.05793997400407026,0.003357040587592338
SOL,test,216,-0.05705055816137484,1.0849610514590153e-13,0.057050558161483335,0.0032547661865367926
SOL,test,217,-0.05730584636707695,9.449153783473845e-14,0.05730584636717145,0.003283960027857857
SOL,test,218,-0.0578074211200229,8.22946658810184e-14,0.057807421120105194,0.003341697936557184
SOL,test,219,-0.057397280506592124,7.167215379977311e-14,0.057397280506663796,0.003294447809560648
SOL,test,220,-0.05678206535526496,6.242078481399093e-14,0.056782065355327385,0.0032242029460166706
SOL,test,221,-0.05637639081196837,5.4363573162313636e-14,0.05637639081202274,0.0031782974409899217
SOL,test,222,-0.05729834756795327,4.734637822611624e-14,0.05729834756800061,0.0032831006340234017
SOL,test,223,-0.059458645702240596,4.1234955701632386e-14,0.059458645702281834,0.003535330548749478
SOL,test,224,-0.060844408262738695,3.5912389403793696e-14,0.06084440826277461,0.003702042016847195
SOL,test,225,-0.06120579390239614,3.1276854570227113e-14,0.06120579390242741,0.0037461492072264208
SOL,test,226,-0.05897415244704333,2.723966987570584e-14,0.05897415244707057,0.00347795065685032
SOL,test,227,-0.05725084978620214,2.3723600890600947e-14,0.05725084978622586,0.003277659801244998
SOL,test,228,-0.055581248623909,2.066138252719696e-14,0.055581248623929665,0.0030892751985950834
SOL,test,229,-0.05669230843817693,1.799443220713979e-14,0.05669230843819492,0.0032140178360514273
SOL,test,230,-0.057871672288189034,1.5671729131926497e-14,0.05787167228820471,0.003349130453433361
SOL,test,231,-0.05931221822728803,1.3648838216024611e-14,0.05931221822730168,0.0035179392310430574
SOL,test,232,-0.0587714458280609,1.1887060009715309e-14,0.05877144582807279,0.0034540828447220946
SOL,test,233,-0.05772304161400165,1.0352690349034623e-14,0.057723041614012004,0.0033319495331729614
SOL,test,234,-0.056040864963365196,9.016375569350012e-15,0.05604086496337421,0.003140578545843143
SOL,test,235,-0.055300836247147205,7.852550947315102e-15,0.05530083624715506,0.0030581824896346588
SOL,test,236,-0.05371388364006342,6.838951628167875e-15,0.053713883640070265,0.002885181295699008
SOL,test,237,-0.05189150917879469,5.956186682037609e-15,0.05189150917880064,0.0026927287248535514
SOL,test,238,-0.04815078558994671,5.187368140632118e-15,0.0481507855899519,0.0023184981529295197
SOL,test,239,-0.044952863148098425,4.517787917493484e-15,0.04495286314810294,0.0020207599052120715
SOL,test,240,-0.04248251140313418,3.934636431059809e-15,0.042482511403138114,0.00180476377511776
SOL,test,241,-0.04173092298359052,3.4267575475770218e-15,0.041730922983593946,0.0017414699330626495
SOL,test,242,-0.04159546380098061,2.984435155731314e-15,0.04159546380098359,0.0017301826088189363
SOL,test,243,-0.03988953615042667,2.5992072900117536e-15,0.03988953615042927,0.0015911750942964036
SOL,test,244,-0.036795800820873185,2.263704246840895e-15,0.03679580082087545,0.0013539309580495383
SOL,test,245,-0.03322075603843153,1.9715075965112165e-15,0.033220756038433503,0.0011036186317651161
SOL,test,246,-0.03171930173470051,1.7170273937179305e-15,0.03171930173470222,0.0010061141025370834
SOL,test,247,-0.032504011526383984,1.4953952376318e-15,0.03250401152638548,0.0010565107653074004
SOL,test,248,-0.03260745832906676,1.3023711356693862e-15,0.03260745832906806,0.0010632463386819103
SOL,test,249,-0.030848983326733324,1.1342623891934597e-15,0.03084898332673446,0.0009516597722931407
SOL,test,250,-0.026621911216544874,9.87852949365006e-16,0.026621911216545863,0.0007087261568216504
SOL,test,251,-0.02363979329436032,8.603418916702697e-16,0.02363979329436118,0.0005588398270001239
SOL,test,252,-0.02194500198679469,7.492898320935042e-16,0.02194500198679544,0.0004815831122004558
SOL,test,253,-0.021993940300870044,6.525722598358427e-16,0.021993940300870696,0.0004837334099582642
SOL,test,254,-0.020452746670584585,5.683388937995313e-16,0.020452746670585154,0.0004183148463711321
SOL,test,255,-0.018044140966077128,4.949782852959902e-16,0.018044140966077624,0.00032559102320368075
SOL,test,256,-0.013601242784549758,4.31086989800452e-16,0.01360124278455019,0.0001849938052842786
SOL,test,257,-0.009989605429685555,3.7544271798527005e-16,0.00998960542968593,9.97922166408106e-05
SOL,test,258,-0.006169360319098685,3.269809523906426e-16,0.006169360319099012,3.806100674687346e-05
SOL,test,259,-0.0035453460452979394,2.8477458239178416e-16,0.0035453460452982244,1.2569478580911758e-05
SOL,test,260,-0.0005303709517804121,2.4801616786389866e-16,0.0005303709517806602,2.8129334649272337e-07
SOL,test,261,0.002124944671015342,2.1600249223530493e-16,0.002124944671015126,4.515389854875582e-06
SOL,test,262,0.005302902960490388,1.881211094168123e-16,0.0053029029604901995,2.812077980837572e-05
SOL,test,263,0.008152190980475298,1.638386272398201e-16,0.008152190980475135,6.645821778214015e-05
SOL,test,264,0.011056845867072411,1.4269050325635477e-16,0.011056845867072269,0.00012225384052819312
SOL,test,265,0.013436672557796969,1.2427215768689777e-16,0.013436672557796844,0.00018054416942545079
SOL,test,266,0.01621050851683133,1.0823123349990288e-16,0.016210508516831222,0.0002627805863742576
SOL,test,267,0.019160272690980633,9.426085555240606e-17,0.01916027269098054,0.0003671160495927346
SOL,test,268,0.022716550691898582,8.209375983393493e-17,0.0227165506918985,0.0005160416753375942
SOL,test,269,0.026221045271723045,7.149718050166544e-17,0.026221045271722972,0.0006875432151417457
SOL,test,270,0.03029654043873702,6.226839689189938e-17,0.030296540438736957,0.0009178803625560238
SOL,test,271,0.03451135788537828,5.423085531878822e-17,0.03451135788537822,0.0011910338230926576
SOL,test,272,0.03978838152531099,4.723079146734769e-17,0.03978838152531094,0.0015831153044037049
SOL,test,273,0.04460914242757135,4.1134288764559525e-17,0.04460914242757131,0.0019899755881233427
SOL,test,274,0.0500751656371795,3.582471645295056e-17,0.05007516563717947,0.0025075222135909595
SOL,test,275,0.05432461908334071,3.120049835503822e-17,0.05432461908334068,0.002951164238550062
SOL,test,276,0.05834119522854974,2.7173169643400397e-17,0.05834119522854971,0.003403695060695752
SOL,test,277,0.059480440045356,2.36656844408956e-17,0.05948044004535598,0.0035379227479891873
SOL,test,278,0.060042057203619846,2.0610941874131788e-17,0.060042057203619825,0.0036050486332427556
SOL,test,279,0.059971291262562086,1.7950502382459842e-17,0.059971291262562065,0.003596555775699053
SOL,test,280,0.06189038742947956,1.563346972450135e-17,0.06189038742947955,0.00383042005617108
SOL,test,281,0.06336087857844874,1.361551729414095e-17,0.06336087857844873,0.004014600934232923
SOL,test,282,0.0651404419931162,1.1858040118663698e-17,0.06514044199311618,0.004243277183058534
SOL,test,283,0.06674309575776317,1.0327416316113572e-17,0.06674309575776316,0.0044546408313299425
SOL,test,284,0.07067598268197983,8.994363882987775e-18,0.07067598268197982,0.004995094528063512
SOL,test,285,0.07684766661159048,7.833380507123662e-18,0.07684766661159047,0.005905563863646156
SOL,test,286,0.08554488749066148,6.822255688970591e-18,0.08554488749066148,0.0073179277757899315
SOL,test,287,0.09363945978314628,5.941645837753613e-18,0.09363945978314628,0.00876834842847947
SOL,test,288,0.09897936407917259,5.174704213793799e-18,0.09897936407917259,0.0097969145135174
SOL,test,289,0.0988797462712064,4.506758637498869e-18,0.0988797462712064,0.009777204222658155
SOL,test,290,0.0958460254647944,3.9250307993507295e-18,0.0958460254647944,0.009186460597398017
SOL,test,291,0.0917008754232725,3.418391801075389e-18,0.0917008754232725,0.008409050553394543
SOL,test,292,0.08893670563428076,2.9771492513109497e-18,0.08893670563428076,0.007909737609078706
SOL,test,293,0.08662421511074514,2.592861842751031e-18,0.08662421511074514,0.007503754643552647
SOL,test,294,0.08420072686477854,2.25817786348263e-18,0.08420072686477854,0.007089762404557039
SOL,test,295,0.08099609352357467,1.9666945531168514e-18,0.08099609352357467,0.006560367166079655
SOL,test,296,0.0775488899702979,1.7128356130877662e-18,0.0775488899702979,0.006013830335625369
SOL,test,297,0.07483785752435698,1.49174452779777e-18,0.07483785752435698,0.005600704918835955
SOL,test,298,0.07414072650173521,1.2991916557614022e-18,0.07414072650173521,0.005496847326205102
SOL,test,299,0.07506895589981041,1.1314933133301736e-18,0.07506895589981041,0.0056353481398876805
SOL,test,300,0.07564857226045298,9.85441303008198e-19,0.07564857226045298,0.005722706485044976
SOL,recent,1,0.8950465516640992,0.8709210133181254,0.02412553834597375,0.0005820416004830499
SOL,recent,2,0.7455899877877022,0.7585034114390704,0.012913423651368161,0.0001667565103997146
SOL,recent,3,0.6020898489540573,0.6605965596957702,0.058506710741712986,0.0034230352018144736
SOL,recent,4,0.5525888092570554,0.5753274251647077,0.02273861590765225,0.0005170446533957359
SOL,recent,5,0.523009351431194,0.5010647441141552,0.021944607317038733,0.00048156579029902993
SOL,recent,6,0.49851595962481243,0.4363878146818873,0.06212814494292512,0.0038599063940491125
SOL,recent,7,0.4784869209621277,0.3800593177624316,0.09842760319969607,0.00968799307163682
SOL,recent,8,0.4566504228215398,0.3310016461466524,0.12564877667488739,0.015787615079895723
SOL,recent,9,0.43554269031249093,0.2882762890720101,0.14726640124048085,0.0216873929343223
SOL,recent,10,0.4184253394336214,0.2510658777941839,0.16735946163943755,0.028009189400242367
SOL,recent,11,0.4059186004915604,0.21865854869811527,0.18726005179344515,0.035066326997683764
SOL,recent,12,0.3955342148993825,0.19043432480283323,0.20509989009654928,0.04206596491761659
SOL,recent,13,0.38100384042790963,0.16585325512783655,0.21515058530007308,0.04628977435496402
SOL,recent,14,0.36378343253384066,0.14444508501804498,0.21933834751579567,0.04810931069095995
SOL,recent,15,0.3460445908000111,0.1258002598127385,0.22024433098727259,0.04850756533203128
SOL,recent,16,0.3315734702187045,0.10956208975179368,0.2220113804669108,0.04928905305682342
SOL,recent,17,0.3231442394290317,0.09541992622788356,0.22772431320114814,0.051858362822934614
SOL,recent,18,0.3168231156594333,0.08310321884112913,0.23371989681830413,0.05462499016875873
SOL,recent,19,0.3089644097070051,0.07237633956311411,0.236588070143891,0.05597391493441069
SOL,recent,20,0.29823045789863106,0.06303407499256408,0.23519638290606698,0.05531733853209728
SOL,recent,21,0.28995023285095295,0.054897700466094615,0.23505253238485835,0.055249692980534885
SOL,recent,22,0.286088084047066,0.047811560918766045,0.23827652312829994,0.056775701474111255
SOL,recent,23,0.28224490141351183,0.041640093083693014,0.24060480832981881,0.05789067379142885
SOL,recent,24,0.2731592482224382,0.03626523206311098,0.2368940161593272,0.05611877489209558
SOL,recent,25,0.26115512251609224,0.03158415265662159,0.22957096985947065,0.05270283020221798
SOL,recent,26,0.24772839205122915,0.02750730223649924,0.2202210898147299,0.048497328399187335
SOL,recent,27,0.23654492853382425,0.023956687537459855,0.2125882409963644,0.0451937602099283
SOL,recent,28,0.22515922873282485,0.020864382585870245,0.2042948461469546,0.041736384162207846
SOL,recent,29,0.21897936244091126,0.018171229223943163,0.2008081332169681,0.040323906366083614
SOL,recent,30,0.21579161085530632,0.015825705368952513,0.19996590548635382,0.03998636335697739
SOL,recent,31,0.2128750695290989,0.013782939356402221,0.19909213017269667,0.03963767629670199
SOL,recent,32,0.20591908119326546,0.012003851510780095,0.19391522968248537,0.03760311630281105
SOL,recent,33,0.19674875075188583,0.01045440652148891,0.18629434423039692,0.03470558269223362
SOL,recent,34,0.1927937921311286,0.009104962321334741,0.18368882980979387,0.03374158619689142
SOL,recent,35,0.19501502345829422,0.007929703011120205,0.18708532044717402,0.03500091712682179
SOL,recent,36,0.1986198223187851,0.006906144981756599,0.19171367733702852,0.03675413407808628
SOL,recent,37,0.197008167108619,0.006014706785633344,0.19099346032298564,0.03647850188614789
SOL,recent,38,0.18829717576159682,0.005238334528555197,0.1830588412330416,0.03351053935358394
SOL,recent,39,0.17830016189559084,0.004562175615708617,0.1737379862798822,0.03018488787658854
SOL,recent,40,0.17177154780305054,0.003973294610168192,0.16779825319288236,0.028156253774582654
SOL,recent,41,0.16761225686056994,0.0034604257680991278,0.1641518310924708,0.026945823651011065
SOL,recent,42,0.16420506342588811,0.003013757516465045,0.16119130590942307,0.02598263710078521
SOL,recent,43,0.15770487663519708,0.002624744750134854,0.15508013188506223,0.024049847305488294
SOL,recent,44,0.15442634887686152,0.0022859453574888768,0.15214040351937264,0.023146702383037534
SOL,recent,45,0.1517531417983064,0.001990877847134077,0.14976226395117231,0.022428735703780605
SOL,recent,46,0.15127732302559282,0.0017338973520186186,0.1495434256735742,0.022363236162187813
SOL,recent,47,0.14580673350077203,0.0015100876388096697,0.14429664586196236,0.02082152200701258
SOL,recent,48,0.138753467280299,0.001315167056591293,0.1374383002237077,0.018889286368382014
SOL,recent,49,0.12988300028963154,0.0011454066256091054,0.12873759366402243,0.01657336802240295
SOL,recent,50,0.12363357647038412,0.0009975586990367768,0.12263601777134733,0.015039592854814219
SOL,recent,51,0.1175929415811444,0.0008687948330094204,0.11672414674813499,0.013624526434080152
SOL,recent,52,0.11211574962706197,0.000756651676330116,0.11135909795073186,0.012400848696400693
SOL,recent,53,0.10643137376056079,0.000658983844678283,0.1057723899158825,0.011187798468517482
SOL,recent,54,0.10067016408592977,0.0005739228777674844,0.10009624120816228,0.010019257504002605
SOL,recent,55,0.09603780940056968,0.0004998414942717121,0.09553796790629797,0.009127503311664821
SOL,recent,56,0.09238113880337376,0.0004353224606895655,0.09194581634268419,0.008454033142922611
SOL,recent,57,0.09239013059864622,0.00037913147858389625,0.09201099912006232,0.008466023959072108
SOL,recent,58,0.09377785904617592,0.0003301935715090861,0.09344766547466683,0.00873246618266524
SOL,recent,59,0.09424695103846036,0.00028757251988982416,0.09395937851857053,0.008828364811596013
SOL,recent,60,0.0918616102858927,0.00025045295042489245,0.0916111573354678,0.008392604148343837
SOL,recent,61,0.0850482960136395,0.00021812473737256157,0.08483017127626694,0.007196157958760784
SOL,recent,62,0.07864561391037078,0.0001899694173022613,0.07845564449306852,0.006155288152822753
SOL,recent,63,0.07220499907919693,0.00016544835741633923,0.07203955072178059,0.005189696868195998
SOL,recent,64,0.07067512733638756,0.00014409245109285755,0.0705310348852947,0.004974626881990659
SOL,recent,65,0.07170073056931203,0.00012549314351728395,0.07157523742579475,0.0051230146125588885
SOL,recent,66,0.07455913178831014,0.00010929461571654988,0.0744498371725936,0.005542778255025699
SOL,recent,67,0.0754837998630192,9.518697747007273e-05,0.07538861288554913,0.005683442952807184
SOL,recent,68,0.07225871159527554,8.290033887292532e-05,0.07217581125640261,0.005209347730519854
SOL,recent,69,0.06642744762522819,7.21996471356241e-05,0.06635524797809257,0.004403018934234159
SOL,recent,70,0.060156293373576815,6.288018984456884e-05,0.06009341318373224,0.003611218308070764
SOL,recent,71,0.055012366833818827,5.476367865706799e-05,0.05495760315516176,0.0030203381445602457
SOL,recent,72,0.05163269034043737,4.769483850904186e-05,0.05158499550192833,0.0026610117609339656
SOL,recent,73,0.047051570965193384,4.153843708433909e-05,0.04701003252810904,0.0022099431582938704
SOL,recent,74,0.04189437094942152,3.617669771714379e-05,0.041858194251704374,0.001752108426013417
SOL,recent,75,0.03704582625839666,3.150704623431839e-05,0.03701431921216235,0.0013700598267398507
SOL,recent,76,0.03463679012779075,2.74401486330536e-05,0.0346093499791577,0.001197807105979823
SOL,recent,77,0.03482896311690296,2.3898202053099015e-05,0.03480506491484986,0.0012113925437269126
SOL,recent,78,0.03335093277044965,2.08134463485663e-05,0.033330119324101085,0.0011108968541588165
SOL,recent,79,0.03136493555028098,1.81268677845358e-05,0.03134680868249644,0.000982622414577034
SOL,recent,80,0.028197152528746515,1.5787070059191602e-05,0.028181365458687324,0.000794189359116095
SOL,recent,81,0.02723930499059683,1.3749291053275388e-05,0.027225555699543554,0.0007412308831489485
SOL,recent,82,0.0286809714792814,1.1974546496524438e-05,0.028668996932784876,0.0008219113851320286
SOL,recent,83,0.03046580698056243,1.0428884168778073e-05,0.03045537809639365,0.0009275300549942943
SOL,recent,84,0.03160465563333657,9.082734368049554e-06,0.03159557289896852,0.000998280226814034
SOL,recent,85,0.029529787646786616,7.910344219521082e-06,0.029521877302567095,0.0008715412394678262
SOL,recent,86,0.027787536809341186,6.889285003360477e-06,0.027780647524337825,0.0007717643768714973
SOL,recent,87,0.026662400740444733,6.0000230761640716e-06,0.026656400717368568,0.0007105636992049275
SOL,recent,88,0.02593731281639828,5.225546177424949e-06,0.025932087270220856,0.0006724731501903505
SOL,recent,89,0.023644007245229096,4.551037971983594e-06,0.02363945620725711,0.0005588238897748267
SOL,recent,90,0.017584376723216964,3.963594602209218e-06,0.017580413128614754,0.00030907092577277
SOL,recent,91,0.010381693010180122,3.4519778273383044e-06,0.010378241032352784,0.00010770788692561097
SOL,recent,92,0.004605972967546938,3.0064000273371775e-06,0.004602966567519601,2.1187301221703175e-05
SOL,recent,93,0.003524980347403934,2.6183369582481345e-06,0.003522362010445686,1.2407034132630973e-05
SOL,recent,94,0.0049647785414915465,2.2803646768857635e-06,0.004962498176814661,2.4626388154888837e-05
SOL,recent,95,0.0037898400828145795,1.986017515128209e-06,0.0037878540652994514,1.434783842000558e-05
SOL,recent,96,-0.0012119647683674583,1.7296643867430051e-06,0.0012136944327542012,1.473054176098542e-06
SOL,recent,97,-0.007954495795023659,1.5064010604024922e-06,0.00795600219608406,6.32979709440944e-05
SOL,recent,98,-0.013669646483629526,1.311956337989237e-06,0.013670958439967516,0.00018689510466731905
SOL,recent,99,-0.016559271626688014,1.1426103433107235e-06,0.016560414237031324,0.00027424731970206975
SOL,recent,100,-0.01691108398114081,9.951233580239465e-07,0.016912079104498837,0.0002860184196368262
SOL,recent,101,-0.014188376207265142,8.666738433467511e-07,0.014189242881108488,0.0002013346135390879
SOL,recent,102,-0.011165891446060635,7.548044618638668e-07,0.0111666462505225,0.00012469398848430818
SOL,recent,103,-0.009521285290309054,6.573750667835213e-07,0.009521942665375838,9.066739212270471e-05
SOL,recent,104,-0.00879998062675495,5.725217592931747e-07,0.008800553148514243,7.744973571982397e-05
SOL,recent,105,-0.009830885312665495,4.986212307502876e-07,0.009831383933896246,9.665611005567322e-05
SOL,recent,106,-0.010863539538596475,4.3425970754697134e-07,0.010863973798304023,0.00011802592669023633
SOL,recent,107,-0.013311065447641428,3.782059045400411e-07,0.013311443653545968,0.00017719453214152923
SOL,recent,108,-0.016059999928255696,3.2938746962491083e-07,0.016060329315725323,0.0002579341777295462
SOL,recent,109,-0.022017775752135392,2.8687046882002057e-07,0.022018062622604213,0.0004847950816529207
SOL,recent,110,-0.02840590862686051,2.49841519395778e-07,0.028406158468379905,0.0008069098389307114
SOL,recent,111,-0.033146376375234966,2.175922292411111e-07,0.03314659396746421,0.0010986966916439345
SOL,recent,112,-0.03414191721176865,1.8950564478081833e-07,0.03414210671741343,0.0011656834511032475
SOL,recent,113,-0.035157259731297706,1.65044448182015e-07,0.03515742477574589,0.001236044516862231
SOL,recent,114,-0.03648506721834837,1.4374067805321136e-07,0.036485210959026425,0.001331170618724662
SOL,recent,115,-0.03906814005999489,1.2518677698513728e-07,0.03906826524677188,0.0015263293493921234
SOL,recent,116,-0.03932428067094827,1.0902779466592594e-07,0.03932438969874294,0.0015464076251786
SOL,recent,117,-0.039766163120499375,9.495459741028873e-08,0.03976625807509678,0.0015813552812952
SOL,recent,118,-0.03766376683665668,8.269795419578331e-08,0.037663849534610876,0.0014185655617658078
SOL,recent,119,-0.03729790958717575,7.202338606752752e-08,0.03729798161056182,0.0013911394322218074
SOL,recent,120,-0.0377700202213495,6.272668037653363e-08,0.03777008294802988,0.0014265791659010575
SOL,recent,121,-0.04124022950437881,5.462998403561284e-08,0.04124028413436285,0.0017007610354829801
SOL,recent,122,-0.04306517842294201,4.757840105384895e-08,0.04306522600134306,0.0018546136905467545
SOL,recent,123,-0.04206026848970051,4.14370292578743e-08,0.042060309926729766,0.0017690696711325626
SOL,recent,124,-0.0398454879885917,3.6088379510160695e-08,0.03984552407697121,0.0015876657889684921
SOL,recent,125,-0.04004242726935368,3.1430128051998226e-08,0.040042458699481726,0.0016033984986996998
SOL,recent,126,-0.043324959075492955,2.7373158971764736e-08,0.043324986448651924,0.0018770544507758728
SOL,recent,127,-0.046251216067058495,2.383985934940748e-08,0.046251239906917846,0.00213917719292727
SOL,recent,128,-0.04841837910931161,2.076263446194755e-08,0.04841839987194607,0.0023443414461596676
SOL,recent,129,-0.049299157333227074,1.808261464475319e-08,0.049299175415841716,0.0024304086966819324
SOL,recent,130,-0.050853114584097955,1.5748529069849625e-08,0.050853130332627026,0.002586040864627151
SOL,recent,131,-0.0517439631089654,1.371572489578339e-08,0.0517439768246903,0.0026774391376340866
SOL,recent,132,-0.05410654740798642,1.1945313024628311e-08,0.054106559353299444,0.0029275197650521154
SOL,recent,133,-0.05816172637640809,1.0403424123811491e-08,0.05816173677983221,0.003382787625246487
SOL,recent,134,-0.06294681861335724,9.060560679888134e-09,0.06294682767391792,0.003962303114209919
SOL,recent,135,-0.06470724116782527,7.891032688558537e-09,0.06470724905885795,0.004187028080765074
SOL,recent,136,-0.06312698688278988,6.872466185245853e-09,0.06312699375525606,0.003985017340576137
SOL,recent,137,-0.06038256098609946,5.98537521404887e-09,0.06038256697147468,0.0036460543940646244
SOL,recent,138,-0.05990864646997568,5.212789046508634e-09,0.05990865168276473,0.003589046546446829
SOL,recent,139,-0.062185666562174655,4.539927518598925e-09,0.06218567110210217,0.003867057690418825
SOL,recent,140,-0.06480096205868181,3.953918274889018e-09,0.06480096601260009,0.004199165196166152
SOL,recent,141,-0.06719519837847335,3.4435505105433983e-09,0.06719520182202386,0.004515195147902519
SOL,recent,142,-0.06647012256688388,2.9990605000546046e-09,0.06647012556594438,0.004418277592752412
SOL,recent,143,-0.06743456152141766,2.6119448097099203e-09,0.06743456413336248,0.004547420439856577
SOL,recent,144,-0.06837883245985418,2.274797620403582e-09,0.0683788347346518,0.004675665039668823
SOL,recent,145,-0.0723252594983305,1.981169048655548e-09,0.07232526147949955,0.005230943448077982
SOL,recent,146,-0.07481230857257917,1.7254417554095965e-09,0.07481231029802093,0.005596881772127369
SOL,recent,147,-0.07702126605545442,1.502723482042731e-09,0.07702126755817791,0.005932275656268429
SOL,recent,148,-0.07870880343760325,1.308753457717597e-09,0.0787088047463567,0.006195075944600104
SOL,recent,149,-0.07995211741447789,1.13982088757901e-09,0.07995211855429878,0.006392341261320647
SOL,recent,150,-0.08208779320707749,9.926939624114766e-10,0.08208779419977145,0.006738405956584032
SOL,recent,151,-0.08457288106926167,8.645580316581884e-10,0.0845728819338197,0.0071525723585918076
SOL,recent,152,-0.08834675782023219,7.529617570040734e-10,0.08834675857319395,0.007805149750390219
SOL,recent,153,-0.09001960524094106,6.557702163997837e-10,0.09001960589671128,0.008103529445799215
SOL,recent,154,-0.08937018098850039,5.71124061370746e-10,0.08937018155962445,0.007987029352000238
SOL,recent,155,-0.08833270617756524,4.974039462593733e-10,0.08833270667496919,0.007802667068526147
SOL,recent,156,-0.08913858139521806,4.3319954890464787e-10,0.0891385818284176,0.007945686770381502
SOL,recent,157,-0.09164664861391766,3.7728259010099076e-10,0.09164664899120026,0.008399108271316267
SOL,recent,158,-0.09218162035448756,3.2858333567804185e-10,0.0921816206830709,0.008497451191757564
SOL,recent,159,-0.09104573776915625,2.8617013166816994e-10,0.09104573805532638,0.008289326418039106
SOL,recent,160,-0.08977873222432765,2.4923158105382395e-10,0.08977873247355923,0.00806022080455892
SOL,recent,161,-0.08979261442962305,2.1706102112227486e-10,0.08979261464668407,0.008062713645087904
SOL,recent,162,-0.09160242762553533,1.8904300446767867e-10,0.09160242781457834,0.008391004781525034
SOL,recent,163,-0.09145225294677224,1.646415250116936e-10,0.09145225311141376,0.008363514599154088
SOL,recent,164,-0.09121253162934605,1.433897637974257e-10,0.0912125317727358,0.008319725952392339
SOL,recent,165,-0.08754174347911345,1.2488115838590064e-10,0.08754174360399461,0.007663556873227531
SOL,recent,166,-0.08220034840177469,1.0876162500578991e-10,0.08220034851053631,0.006756897295253629
SOL,recent,167,-0.07510002575133147,9.472278466016852e-11,0.07510002584605426,0.0056400138820780175
SOL,recent,168,-0.07040115105814485,8.249606360054855e-11,0.07040115114064091,0.004956322081927365
SOL,recent,169,-0.07218704328877378,7.184755530574627e-11,0.07218704336062133,0.005210969229148224
SOL,recent,170,-0.07778512078289992,6.25735456713106e-11,0.07778512084547347,0.006050525024944911
SOL,recent,171,-0.0833594233871098,5.449661580296583e-11,0.08335942344160642,0.006948793476517042
SOL,recent,172,-0.08342330204785393,4.746224785752757e-11,0.08342330209531618,0.0069594473324863845
SOL,recent,173,-0.08026651422306433,4.1335868998433937e-11,0.0802665142644002,0.00644271331215716
SOL,recent,174,-0.07701631891940419,3.600027691450137e-11,0.07701631895540446,0.005931513385440593
SOL,recent,175,-0.0788395531112122,3.135339765011065e-11,0.07883955314256559,0.006215675139719424
SOL,recent,176,-0.08281895523871939,2.7306332852400502e-11,0.08281895526602573,0.006858979351355971
SOL,recent,177,-0.08752946009175257,2.3781659077814663e-11,0.08752946011553422,0.007661406388116896
SOL,recent,178,-0.08795358481962087,2.0711946622436542e-11,0.08795358484033282,0.007735833086265623
SOL,recent,179,-0.08601370070791033,1.803846954020336e-11,0.0860137007259488,0.007398356712573085
SOL,recent,180,-0.08322308802921456,1.571008217066205e-11,0.08322308804492465,0.00692608238373328
SOL,recent,181,-0.08170116869787354,1.3682240683384009e-11,0.08170116871155578,0.0066750809688341005
SOL,recent,182,-0.08288979089648746,1.1916150920435283e-11,0.08288979090840361,0.006870717436838869
SOL,recent,183,-0.08194160697432759,1.037802623447721e-11,0.08194160698470562,0.006714426955235957
SOL,recent,184,-0.07787440161486373,9.03844112437298e-12,0.07787440162390216,0.006064422428280816
SOL,recent,185,-0.0691906594781598,7.871768302855133e-12,0.06919065948603158,0.0047873473601119714
SOL,recent,186,-0.062157637581180335,6.855688426928093e-12,0.062157637588036024,0.003863571910525629
SOL,recent,187,-0.05972990820195054,5.97076311177356e-12,0.0597299082079213,0.003567661934526705
SOL,recent,188,-0.06184796257975629,5.200063059588313e-12,0.061847962584956354,0.003825170475910161
SOL,recent,189,-0.06494099201140492,4.528844189174805e-12,0.06494099201593377,0.004217332444013574
SOL,recent,190,-0.06420652734811418,3.944265570396026e-12,0.06420652735205844,0.004122478154610628
SOL,recent,191,-0.06022044783355438,3.4351437673651003e-12,0.06022044783698952,0.003626502337687576
SOL,recent,192,-0.0546303728998321,2.991738890767056e-12,0.05463037290282384,0.0029844776435015894
SOL,recent,193,-0.050436777682446324,2.6055682663300894e-12,0.05043677768505189,0.0025438685432513483
SOL,recent,194,-0.04986403744712023,2.2692441547817527e-12,0.04986403744938948,0.002486422230754116
SOL,recent,195,-0.05298355016527969,1.976332418748757e-12,0.052983550167256026,0.0028072565883261362
SOL,recent,196,-0.06067412712870205,1.7212294327901293e-12,0.06067412713042328,0.003681349703038766
SOL,recent,197,-0.06843853967336526,1.4990548817585617e-12,0.06843853967486431,0.004683833712827976
SOL,recent,198,-0.07431653074072207,1.3055583966406493e-12,0.07431653074202763,0.005522946741530737
SOL,recent,199,-0.07567646490608308,1.1370382417482615e-12,0.07567646490722012,0.005726927340853718
SOL,recent,200,-0.07491419185227817,9.902704976848554e-13,0.07491419185326845,0.0056121361410283125
SOL,recent,201,-0.07170262476836785,8.624473853027387e-13,0.0717026247692303,0.005141266398797038
SOL,recent,202,-0.069494869137884,7.511235507414289e-13,0.06949486913863512,0.00482953683659602
SOL,recent,203,-0.06762096906910828,6.541692839388337e-13,0.06762096906976245,0.0045725954579337695
SOL,recent,204,-0.06841540065114482,5.697297756496016e-13,0.06841540065171454,0.004680667046334623
SOL,recent,205,-0.06948194136337874,4.961896335262593e-13,0.06948194136387492,0.004827740175692953
SOL,recent,206,-0.0701268005438201,4.3214197842863905e-13,0.07012680054425224,0.004917768154573337
SOL,recent,207,-0.06938011219449514,3.763615297503698e-13,0.0693801121948715,0.004813599968172958
SOL,recent,208,-0.06834339442715393,3.277811648641519e-13,0.0683433944274817,0.004670819561870337
SOL,recent,209,-0.06931827870638332,2.854715042500827e-13,0.06931827870666879,0.004805023762855412
SOL,recent,210,-0.07165099881858221,2.486231317549316e-13,0.07165099881883083,0.005133865631736097
SOL,recent,211,-0.07484804629203436,2.1653110984233081e-13,0.07484804629225089,0.0056022300337669325
SOL,recent,212,-0.07667273010985373,1.885814935987811e-13,0.07667273011004232,0.00587870754252739
SOL,recent,213,-0.07818323495604691,1.64239585498096e-13,0.07818323495621116,0.006112618228218118
SOL,recent,214,-0.08027748335134184,1.430397062289507e-13,0.08027748335148488,0.006444474333247932
SOL,recent,215,-0.08276398696824665,1.245762858936447e-13,0.08276398696837123,0.0068498775389007225
SOL,recent,216,-0.08349658026278178,1.0849610514590153e-13,0.08349658026289028,0.006971678915597279
SOL,recent,217,-0.0801722194006618,9.449153783473845e-14,0.08017221940075629,0.006427584763643004
SOL,recent,218,-0.07569946537667108,8.22946658810184e-14,0.07569946537675337,0.005730409058326283
SOL,recent,219,-0.07326921509523923,7.167215379977311e-14,0.07326921509531091,0.005368377880682936
SOL,recent,220,-0.07446217850007773,6.242078481399093e-14,0.07446217850014016,0.0055446160269867345
SOL,recent,221,-0.0757047509008751,5.4363573162313636e-14,0.07570475090092946,0.00573120930897178
SOL,recent,222,-0.07600300087874144,4.734637822611624e-14,0.07600300087878879,0.00577645614258117
SOL,recent,223,-0.07467618642571154,4.1234955701632386e-14,0.07467618642575277,0.005576532819093783
SOL,recent,224,-0.0738924096855759,3.5912389403793696e-14,0.07389240968561181,0.005460088209146298
SOL,recent,225,-0.07253349308167424,3.1276854570227113e-14,0.07253349308170552,0.005261107618633823
SOL,recent,226,-0.07028362363151097,2.723966987570584e-14,0.07028362363153821,0.004939787750779717
SOL,recent,227,-0.06927168236241106,2.3723600890600947e-14,0.06927168236243478,0.004798565977322058
SOL,recent,228,-0.07087169886275149,2.066138252719696e-14,0.07087169886277216,0.00502279769969546
SOL,recent,229,-0.07591784789870039,1.799443220713979e-14,0.07591784789871839,0.00576351962957294
SOL,recent,230,-0.07932890524301192,1.5671729131926497e-14,0.07932890524302759,0.00629307520705725
SOL,recent,231,-0.07972682960011458,1.3648838216024611e-14,0.07972682960012824,0.006356367358087884
SOL,recent,232,-0.07851460434316863,1.1887060009715309e-14,0.07851460434318053,0.006164543095166183
SOL,recent,233,-0.07831957703264236,1.0352690349034623e-14,0.07831957703265272,0.0061339561465736225
SOL,recent,234,-0.07944254445266598,9.016375569350012e-15,0.079442544452675,0.006311117869115243
SOL,recent,235,-0.07897345778805927,7.852550947315102e-15,0.07897345778806712,0.006236807035003619
SOL,recent,236,-0.07613488647054781,6.838951628167875e-15,0.07613488647055465,0.005796520937884245
SOL,recent,237,-0.07138275390380705,5.956186682037609e-15,0.071382753903813,0.005095497554892331
SOL,recent,238,-0.06622971399932509,5.187368140632118e-15,0.06622971399933028,0.0043863750164330854
SOL,recent,239,-0.061745164521637814,4.517787917493484e-15,0.06174516452164233,0.003812465341804679
SOL,recent,240,-0.058995398258567075,3.934636431059809e-15,0.05899539825857101,0.0034804570156874034
SOL,recent,241,-0.05714932269113979,3.4267575475770218e-15,0.057149322691143215,0.0032660450840564167
SOL,recent,242,-0.05593812873131627,2.984435155731314e-15,0.05593812873131925,0.003129074245961644
SOL,recent,243,-0.05218876806006244,2.5992072900117536e-15,0.05218876806006504,0.002723667511627265
SOL,recent,244,-0.04739671135680247,2.263704246840895e-15,0.04739671135680473,0.0022464482474402626
SOL,recent,245,-0.0420190921413731,1.9715075965112165e-15,0.04201909214137507,0.0017656041043853684
SOL,recent,246,-0.03840769515371942,1.7170273937179305e-15,0.03840769515372113,0.0014751510470211737
SOL,recent,247,-0.0360474913589585,1.4953952376318e-15,0.03604749135896,0.0012994216332742959
SOL,recent,248,-0.03212492971793803,1.3023711356693862e-15,0.032124929717939336,0.0010320111093825419
SOL,recent,249,-0.02806829866521941,1.1342623891934597e-15,0.028068298665220544,0.0007878293899600214
SOL,recent,250,-0.024084725609115096,9.87852949365006e-16,0.024084725609116085,0.0005800740076664122
SOL,recent,251,-0.02197809558760223,8.603418916702697e-16,0.02197809558760309,0.00048303668565781845
SOL,recent,252,-0.018210744197823866,7.492898320935042e-16,0.018210744197824615,0.0003316312042386029
SOL,recent,253,-0.01150313434057379,6.525722598358427e-16,0.011503134340574442,0.000132322099657303
SOL,recent,254,-0.004067805260925336,5.683388937995313e-16,0.004067805260925904,1.6547039640816463e-05
SOL,recent,255,0.002366780013876932,4.949782852959902e-16,0.002366780013876437,5.601647634084948e-06
SOL,recent,256,0.005981018189739611,4.31086989800452e-16,0.0059810181897391795,3.577257858599093e-05
SOL,recent,257,0.007539063879066995,3.7544271798527005e-16,0.007539063879066619,5.683748417264702e-05
SOL,recent,258,0.008198020100156148,3.269809523906426e-16,0.008198020100155821,6.720753356255886e-05
SOL,recent,259,0.01096245066252357,2.8477458239178416e-16,0.010962450662523285,0.00012017532452825721
SOL,recent,260,0.019696252203834922,2.4801616786389866e-16,0.019696252203834676,0.00038794235087706233
SOL,recent,261,0.02976771149608363,2.1600249223530493e-16,0.029767711496083416,0.0008861166477140568
SOL,recent,262,0.039188593065998006,1.881211094168123e-16,0.03918859306599782,0.0015357458264923724
SOL,recent,263,0.042956153126003135,1.638386272398201e-16,0.04295615312600297,0.0018452310913846146
SOL,recent,264,0.044004486616085636,1.4269050325635477e-16,0.04400448661608549,0.001936394842345247
SOL,recent,265,0.04091846932312535,1.2427215768689777e-16,0.04091846932312523,0.0016743211317475403
SOL,recent,266,0.036574943410051144,1.0823123349990288e-16,0.03657494341005103,0.0013377264854484356
SOL,recent,267,0.03374167076616685,9.426085555240606e-17,0.03374167076616675,0.001138500346092392
SOL,recent,268,0.03691893769134796,8.209375983393493e-17,0.036918937691347874,0.0013630079602576267
SOL,recent,269,0.04481800406312851,7.149718050166544e-17,0.04481800406312844,0.0020086534882025977
SOL,recent,270,0.05542184808631433,6.226839689189938e-17,0.05542184808631427,0.003071581245302497
SOL,recent,271,0.06392680959522919,5.423085531878822e-17,0.06392680959522913,0.004086636985024679
SOL,recent,272,0.07380530206860438,4.723079146734769e-17,0.07380530206860433,0.005447222613437931
SOL,recent,273,0.08585207652998962,4.1134288764559525e-17,0.08585207652998958,0.007370579044511188
SOL,recent,274,0.101692347983995,3.582471645295056e-17,0.10169234798399496,0.010341333638497924
SOL,recent,275,0.11417750124266694,3.120049835503822e-17,0.11417750124266692,0.013036501790019205
SOL,recent,276,0.12016088859038622,2.7173169643400397e-17,0.12016088859038619,0.014438639146831203
SOL,recent,277,0.11656652764318658,2.36656844408956e-17,0.11656652764318655,0.013587755366789774
SOL,recent,278,0.11130011559631309,2.0610941874131788e-17,0.11130011559631307,0.012387715731752652
SOL,recent,279,0.1047709221330782,1.7950502382459842e-17,0.10477092213307819,0.010976946124615533
SOL,recent,280,0.1035959144158687,1.563346972450135e-17,0.10359591441586868,0.010732113483659989
SOL,recent,281,0.10318208191895266,1.361551729414095e-17,0.10318208191895265,0.010646542029129454
SOL,recent,282,0.10559875720132747,1.1858040118663698e-17,0.10559875720132746,0.011151097522464907
SOL,recent,283,0.10763463525194221,1.0327416316113572e-17,0.1076346352519422,0.011585214705818638
SOL,recent,284,0.11114613415866618,8.994363882987775e-18,0.11114613415866617,0.01235346313841622
SOL,recent,285,0.11593651189412864,7.833380507123662e-18,0.11593651189412862,0.013441274790177428
SOL,recent,286,0.1224104872761954,6.822255688970591e-18,0.1224104872761954,0.014984327395195595
SOL,recent,287,0.12723256125572457,5.941645837753613e-18,0.12723256125572457,0.016188124643691706
SOL,recent,288,0.1285713470196814,5.174704213793799e-18,0.1285713470196814,0.016530591274455338
SOL,recent,289,0.12652057149294185,4.506758637498869e-18,0.12652057149294185,0.01600745501090061
SOL,recent,290,0.12492725301096866,3.9250307993507295e-18,0.12492725301096866,0.015606818544866577
SOL,recent,291,0.12611868658937644,3.418391801075389e-18,0.12611868658937644,0.015905923107029363
SOL,recent,292,0.12678036488543662,2.9771492513109497e-18,0.12678036488543662,0.01607326092048445
SOL,recent,293,0.12482357427259695,2.592861842751031e-18,0.12482357427259695,0.015580924694186527
SOL,recent,294,0.12057839663488792,2.25817786348263e-18,0.12057839663488792,0.014539149735040351
SOL,recent,295,0.11831782890620814,1.9666945531168514e-18,0.11831782890620814,0.013999108637078742
SOL,recent,296,0.1185247476981581,1.7128356130877662e-18,0.1185247476981581,0.014048115816912034
SOL,recent,297,0.11952351803346621,1.49174452779777e-18,0.11952351803346621,0.014285871363096322
SOL,recent,298,0.11936549587542286,1.2991916557614022e-18,0.11936549587542286,0.014248121605585593
SOL,recent,299,0.11764685410159637,1.1314933133301736e-18,0.11764685410159637,0.013840782280002302
SOL,recent,300,0.11302082092273298,9.85441303008198e-19,0.11302082092273298,0.012773705962048477
